exposure,nZ,nW,Z,W,r_pca,r_bridge,r_joint,r_signal,nu,rank_test_level,window_fraction,alpha,joint_pvalues,conditional_pvalues,status,r_grid,conditional_root,conditional_roots,nu_raw,conditional_rank_agreement,eligible_designs,study,n_discovery,n_estimation,estimation_events,exposure_sd,design_ready,rmst_estimate,rmst_kind,rmst_status,rmst_boot_success,rmst_boot_attempts,rmst_intervals,survival_estimate,survival_kind,survival_status,survival_boot_success,survival_boot_attempts,survival_intervals,censor_boot_failures,min_g
VHL,1,2,ETS1,TUBA1B;KDR,1,1,1,0,0.06528702570249977,0.05,0.4,0.2,1.6812891133362217e-09;0.25765353342346886,0.2933496764926809,conditional_information_dimension,1,0.06528702570249975,0.06528702570249975,0.06721991262916398,False,0,luad,264,88,33,1.4505903074780346,False,,all_real,discovery_conditional_information_dimension,0,0,"[[-Infinity, Infinity]]",,all_real,discovery_conditional_information_dimension,0,0,"[[-Infinity, Infinity]]",,
MYH11,4,18,CAV1;RICTOR;RAD51;FOXM1,VHL;GAPDH;SERPINE1;TUBA1B;ASNS;ERBB2;PDCD4;BRAF;KDR;PXN;FN1;MYC;EEF2;EIF4EBP1;ITGA2;EIF4G1;TP53BP1;MSH2,1,5,5,4,,0.05,0.2,0.15,1.1650306925599767e-76;1.094683044899237e-36;2.4447764508997117e-16;5.007304036192817e-07;0.00044101541350607406,2.8497440020286864e-59;4.021141001712611e-30;3.965949802950583e-14;7.492375555453194e-05,proxy_dimensions,5,,,,,0,luad,264,88,33,1.2660864694449807,False,,all_real,discovery_proxy_dimensions,0,0,"[[-Infinity, Infinity]]",,all_real,discovery_proxy_dimensions,0,0,"[[-Infinity, Infinity]]",,
GAPDH,3,12,G6PD;AR;CDH2,VHL;IGFBP2;TUBA1B;ANXA1;INPP4B;SQSTM1;KDR;DIABLO;MYC;EEF2;ESR1;ITGA2,1,3,3,2,0.0320149599301205,0.05,0.4,0.25,3.366885581535152e-43;1.246247249914018e-20;0.0006616714021747856;0.07621374647890647,4.0248288598943386e-36;1.5944966510056893e-07;0.08094022266340278,conditional_information_dimension,3,0.10864945737481504,0.6699311172988354;0.3533618942329947;0.10864945737481504,0.044523383667220515,False,0,luad,264,88,33,1.2498157930455192,False,,all_real,discovery_conditional_information_dimension,0,0,"[[-Infinity, Infinity]]",,all_real,discovery_conditional_information_dimension,0,0,"[[-Infinity, Infinity]]",,
CAV1,5,12,MYH11;CCNB1;TGM2;RICTOR;EIF4EBP1,VHL;IGFBP2;TUBA1B;ANXA1;INPP4B;SQSTM1;KDR;DIABLO;MYC;EEF2;ESR1;ITGA2,1,5,5,4,0.00784663216423756,0.05,0.4,0.25,8.672261199077067e-39;4.3755078769584225e-22;1.9124446732811368e-08;0.0005568738672383293;0.03354484939267807;0.13706493360859967,6.021548531920921e-38;3.906332829020183e-19;5.069994402287172e-11;0.0013031694479230297;0.40664914090833393,conditional_information_dimension,5,0.05198025107147016,0.6106052868276689;0.4535847013388149;0.42023305623347507;0.25556786030061773;0.05198025107147016,0.021270598987689477,False,0,luad,264,88,33,1.2152343001876114,False,,all_real,discovery_conditional_information_dimension,0,0,"[[-Infinity, Infinity]]",,all_real,discovery_conditional_information_dimension,0,0,"[[-Infinity, Infinity]]",,
SERPINE1,2,56,FN1;ITGA2,VHL;MYH11;GAPDH;CAV1;IGFBP2;TUBA1B;CTNNB1;ANXA1;CLDN7;CCNB1;FASN;TFRC;INPP4B;STAT5A;CASP7;HSPA1A;ASNS;CDH1;KIT;G6PD;ERBB2;TGM2;RICTOR;SQSTM1;RAB25;TP53;ACACA;BRAF;KDR;RPS6;DIABLO;EEF2K;ATM;PXN;ETS1;PRKCA;RBM15;RAD51;MYC;EEF2;AR;ESR1;EIF4EBP1;PREX1;TSC1;CDH2;BAK1;SYK;EIF4G1;BCL2L11;TP53BP1;CCNE1;XBP1;MSH2;FOXM1;PRDX1,1,3,3,2,,0.05,0.2,0.15,4.486460535584668e-55;1.2551786168409063e-24;4.860833805581307e-10,1.0378680491410831e-32;2.010434708998922e-15,proxy_dimensions,3,,,,,0,luad,264,88,33,1.0659077730912467,False,,all_real,discovery_proxy_dimensions,0,0,"[[-Infinity, Infinity]]",,all_real,discovery_proxy_dimensions,0,0,"[[-Infinity, Infinity]]",,
IGFBP2,2,18,ANXA1;STAT5A,VHL;GAPDH;SERPINE1;TUBA1B;ASNS;ERBB2;PDCD4;BRAF;KDR;PXN;FN1;MYC;EEF2;EIF4EBP1;ITGA2;EIF4G1;TP53BP1;MSH2,1,3,3,2,,0.05,0.2,0.15,1.1823870449006727e-25;1.7271555940401878e-09;0.047145422353915556,6.787035495697025e-23;5.590837543040123e-06,proxy_dimensions,3,,,,,0,luad,264,88,33,1.0159342493731784,False,,all_real,discovery_proxy_dimensions,0,0,"[[-Infinity, Infinity]]",,all_real,discovery_proxy_dimensions,0,0,"[[-Infinity, Infinity]]",,
TUBA1B,0,0,,,1,0,0,0,,0.05,0.2,0.15,,,no_shared_direction,0,,,,,0,luad,264,88,33,0.9046732316759282,False,,all_real,discovery_no_shared_direction,0,0,"[[-Infinity, Infinity]]",,all_real,discovery_no_shared_direction,0,0,"[[-Infinity, Infinity]]",,
CTNNB1,2,18,CDH1;RAD51,VHL;GAPDH;SERPINE1;TUBA1B;ASNS;ERBB2;PDCD4;BRAF;KDR;PXN;FN1;MYC;EEF2;EIF4EBP1;ITGA2;EIF4G1;TP53BP1;MSH2,1,3,3,2,,0.05,0.2,0.15,1.1715232514115523e-78;4.5490749875216157e-29;3.7982548315873604e-11,9.972959599458575e-34;3.4769472973899376e-16,proxy_dimensions,3,,,,,0,luad,264,88,33,0.8803475323974592,False,,all_real,discovery_proxy_dimensions,0,0,"[[-Infinity, Infinity]]",,all_real,discovery_proxy_dimensions,0,0,"[[-Infinity, Infinity]]",,
ANXA1,2,18,IGFBP2;ESR1,VHL;GAPDH;SERPINE1;TUBA1B;ASNS;ERBB2;PDCD4;BRAF;KDR;PXN;FN1;MYC;EEF2;EIF4EBP1;ITGA2;EIF4G1;TP53BP1;MSH2,1,2,2,1,0.04044727858749505,0.05,0.2,0.15,8.833124429467525e-14;9.104761399407364e-06;0.11815052183528832,4.4277237614975524e-07;0.14493050026411178,conditional_information_dimension,2,0.09065179441098407,0.34670365321155466;0.09065179441098407,0.05184738858459785,False,0,luad,264,88,33,0.8615690600791496,False,,all_real,discovery_conditional_information_dimension,0,0,"[[-Infinity, Infinity]]",,all_real,discovery_conditional_information_dimension,0,0,"[[-Infinity, Infinity]]",,
CLDN7,6,32,FASN;STAT5A;CDH1;KIT;RAB25;SYK,VHL;GAPDH;CAV1;SERPINE1;IGFBP2;TUBA1B;ANXA1;INPP4B;ASNS;G6PD;ERBB2;TGM2;SQSTM1;TP53;PDCD4;BRAF;KDR;RPS6;PXN;ETS1;FN1;RBM15;MYC;EEF2;AR;ESR1;EIF4EBP1;ITGA2;EIF4G1;TP53BP1;XBP1;MSH2,1,7,7,6,,0.05,0.2,0.2,1.6826947087197668e-89;8.428912851289573e-48;2.759368492170712e-32;1.0163899435932387e-18;7.711774654844276e-11;2.075837103222665e-05;0.007766401438175059,2.9021344896212776e-80;2.4456628804430273e-38;9.190130841069487e-25;4.257904432526776e-13;1.2309572922842014e-07;0.00021499919702121643,proxy_dimensions,7,,,,,0,luad,264,88,33,0.8522894952478445,False,,all_real,discovery_proxy_dimensions,0,0,"[[-Infinity, Infinity]]",,all_real,discovery_proxy_dimensions,0,0,"[[-Infinity, Infinity]]",,
CCNB1,8,12,CAV1;TFRC;CASP7;TGM2;RICTOR;CCNE1;MSH2;FOXM1,VHL;IGFBP2;TUBA1B;ANXA1;INPP4B;SQSTM1;KDR;DIABLO;MYC;EEF2;ESR1;ITGA2,1,5,5,5,0.03314469989165377,0.05,0.4,0.25,6.697431176486e-48;3.0505220963710836e-31;2.6491326668280647e-17;5.237137989144943e-05;0.01611787161838871;0.29004856532516515;0.8426141354339332;0.8140735799942076;0.6991972324538324,1.4274329642442258e-53;9.673141723653994e-35;5.789311335909446e-17;7.611941293058115e-08;0.0005362375839402809,reported,5,0.27465492928457785,0.6276808436251673;0.6075152451287674;0.4801720848771231;0.35021520203596435;0.27465492928457785,0.02745722092590642,True,2,luad,264,88,33,0.8453369630424654,True,,all_real,estimation_moment_resampling,285,300,"[[-Infinity, Infinity]]",,all_real,estimation_moment_resampling,285,300,"[[-Infinity, Infinity]]",15.0,0.1807153718049423
FASN,4,32,CLDN7;KIT;ACACA;EEF2K,VHL;GAPDH;CAV1;SERPINE1;IGFBP2;TUBA1B;ANXA1;INPP4B;ASNS;G6PD;ERBB2;TGM2;SQSTM1;TP53;PDCD4;BRAF;KDR;RPS6;PXN;ETS1;FN1;RBM15;MYC;EEF2;AR;ESR1;EIF4EBP1;ITGA2;EIF4G1;TP53BP1;XBP1;MSH2,1,5,5,4,,0.05,0.2,0.2,7.046498019134628e-58;2.0585359478541875e-32;2.323000895349622e-16;2.6490032684732036e-08;0.014571871633263865,1.0471731487729676e-52;4.1845199340871135e-29;6.879670360017375e-13;2.32828337327579e-05,proxy_dimensions,5,,,,,0,luad,264,88,33,0.827826019920287,False,,all_real,discovery_proxy_dimensions,0,0,"[[-Infinity, Infinity]]",,all_real,discovery_proxy_dimensions,0,0,"[[-Infinity, Infinity]]",,
TFRC,1,18,CCNB1,VHL;GAPDH;SERPINE1;TUBA1B;ASNS;ERBB2;PDCD4;BRAF;KDR;PXN;FN1;MYC;EEF2;EIF4EBP1;ITGA2;EIF4G1;TP53BP1;MSH2,1,2,2,1,,0.05,0.2,0.15,2.5253315767727405e-28;0.03996545441416606,1.1989282025500642e-18,proxy_dimensions,2,,,,,0,luad,264,88,33,0.8254494140329055,False,,all_real,discovery_proxy_dimensions,0,0,"[[-Infinity, Infinity]]",,all_real,discovery_proxy_dimensions,0,0,"[[-Infinity, Infinity]]",,
INPP4B,2,18,RBM15;PRDX1,VHL;GAPDH;SERPINE1;TUBA1B;ASNS;ERBB2;PDCD4;BRAF;KDR;PXN;FN1;MYC;EEF2;EIF4EBP1;ITGA2;EIF4G1;TP53BP1;MSH2,1,3,3,2,,0.05,0.2,0.15,2.7979376045675164e-43;4.171023553422115e-14;0.001490490246636586,4.9524217415975104e-39;6.735583457277576e-10,proxy_dimensions,3,,,,,0,luad,264,88,33,0.8041905882529993,False,,all_real,discovery_proxy_dimensions,0,0,"[[-Infinity, Infinity]]",,all_real,discovery_proxy_dimensions,0,0,"[[-Infinity, Infinity]]",,
STAT5A,5,18,IGFBP2;CLDN7;ATM;PRKCA;SYK,VHL;GAPDH;SERPINE1;TUBA1B;ASNS;ERBB2;PDCD4;BRAF;KDR;PXN;FN1;MYC;EEF2;EIF4EBP1;ITGA2;EIF4G1;TP53BP1;MSH2,1,5,5,4,0.0033745409995557325,0.05,0.2,0.15,4.789556627752785e-49;2.980654901034191e-26;4.197974491182795e-16;8.807295945433187e-08;0.008735733209950358;0.18087445647223757,5.566745199950433e-40;3.570315672534432e-24;4.9577929283221477e-14;5.8311978496792074e-05;0.7392495296354401,conditional_information_dimension,5,0.020861902979917645,0.5775396033628301;0.48775695634684363;0.45108511948779456;0.30336326823626675;0.020861902979917645,0.020640532847568744,False,0,luad,264,88,33,0.7793225673273598,False,,all_real,discovery_conditional_information_dimension,0,0,"[[-Infinity, Infinity]]",,all_real,discovery_conditional_information_dimension,0,0,"[[-Infinity, Infinity]]",,
CASP7,3,12,CCNB1;ERBB2;SYK,VHL;IGFBP2;TUBA1B;ANXA1;INPP4B;SQSTM1;KDR;DIABLO;MYC;EEF2;ESR1;ITGA2,1,3,3,3,0.04263828671000245,0.05,0.4,0.25,4.96706677405319e-24;1.896511732432902e-12;0.005193760487094615;0.08300752610532144,1.7000166252393693e-25;2.0084609957001257e-11;0.013198468324549295,reported,3,0.153825184463552,0.5256582926069661;0.4202875612024298;0.153825184463552,0.041358545378511365,True,1,luad,264,88,33,0.7716017716328996,True,,all_real,estimation_moment_resampling,285,300,"[[-Infinity, Infinity]]",,all_real,estimation_moment_resampling,285,300,"[[-Infinity, Infinity]]",15.0,0.13298580395006673
HSPA1A,2,18,DIABLO;CDH2,VHL;GAPDH;SERPINE1;TUBA1B;ASNS;ERBB2;PDCD4;BRAF;KDR;PXN;FN1;MYC;EEF2;EIF4EBP1;ITGA2;EIF4G1;TP53BP1;MSH2,1,2,2,2,0.10667240551133503,0.05,0.2,0.15,2.24653585692856e-36;1.3890298331274815e-05;0.17964370352940612,4.940499650454687e-28;7.024172922744629e-07,reported,2,0.3018981216233523,0.5887274194494869;0.3018981216233523,0.06065239765282549,True,1,luad,264,88,33,0.7445518917700928,True,17.520968384434827,all_real,estimated,296,300,"[[-Infinity, Infinity]]",3.791131432848994,all_real,estimated,296,300,"[[-Infinity, Infinity]]",4.0,0.211517842692424
ASNS,4,12,EEF2K;PXN;EIF4EBP1;FOXM1,VHL;IGFBP2;TUBA1B;ANXA1;INPP4B;SQSTM1;KDR;DIABLO;MYC;EEF2;ESR1;ITGA2,1,4,4,3,0.009145039597746294,0.05,0.4,0.25,2.7081032304292443e-33;8.450264657057306e-14;9.862851637167795e-08;0.02589067505506258;0.17304395549465026,5.3806025386981714e-27;1.5261487409564654e-16;4.294128736488357e-08;0.3957700811259076,conditional_information_dimension,4,0.0530894342705259,0.492095651102448;0.4404250390673833;0.37756506638628207;0.0530894342705259,0.024095884012184078,False,0,luad,264,88,33,0.7336195299452277,False,,all_real,discovery_conditional_information_dimension,0,0,"[[-Infinity, Infinity]]",,all_real,discovery_conditional_information_dimension,0,0,"[[-Infinity, Infinity]]",,
CDH1,4,12,CTNNB1;CLDN7;RAB25;PDCD4,VHL;IGFBP2;TUBA1B;ANXA1;INPP4B;SQSTM1;KDR;DIABLO;MYC;EEF2;ESR1;ITGA2,1,5,5,4,,0.05,0.4,0.25,8.296211546035525e-67;5.923269607867873e-30;1.704527170057939e-17;5.943335023696243e-08;0.00133554870330359,8.453650467646055e-53;1.5506468536327794e-17;5.207659935392383e-08;0.002239612919899353,proxy_dimensions,5,,,,,0,luad,264,88,33,0.7317383749209522,False,,all_real,discovery_proxy_dimensions,0,0,"[[-Infinity, Infinity]]",,all_real,discovery_proxy_dimensions,0,0,"[[-Infinity, Infinity]]",,
KIT,2,18,CLDN7;FASN,VHL;GAPDH;SERPINE1;TUBA1B;ASNS;ERBB2;PDCD4;BRAF;KDR;PXN;FN1;MYC;EEF2;EIF4EBP1;ITGA2;EIF4G1;TP53BP1;MSH2,1,3,3,2,,0.05,0.2,0.15,4.430201053494799e-20;1.8088418695477204e-08;4.649145515770897e-05,1.1560183389074754e-16;1.9201645350922056e-05,proxy_dimensions,3,,,,,0,luad,264,88,33,0.7175782187617754,False,,all_real,discovery_proxy_dimensions,0,0,"[[-Infinity, Infinity]]",,all_real,discovery_proxy_dimensions,0,0,"[[-Infinity, Infinity]]",,
G6PD,2,12,GAPDH;PRDX1,VHL;IGFBP2;TUBA1B;ANXA1;INPP4B;SQSTM1;KDR;DIABLO;MYC;EEF2;ESR1;ITGA2,1,2,2,2,0.16504066817956892,0.05,0.4,0.25,8.620419593198209e-35;2.444383635952183e-08;0.09817993752566309,4.309108641197382e-43;1.0646636811086171e-13,reported,2,0.43941651019188604,0.663040908258734;0.43941651019188604,0.08306390909926935,True,1,luad,264,88,33,0.7108665028027548,True,,all_real,estimation_moment_resampling,284,300,"[[-Infinity, Infinity]]",,all_real,estimation_moment_resampling,284,300,"[[-Infinity, Infinity]]",16.0,0.19140911812841183
ERBB2,1,12,CASP7,VHL;IGFBP2;TUBA1B;ANXA1;INPP4B;SQSTM1;KDR;DIABLO;MYC;EEF2;ESR1;ITGA2,1,2,2,1,,0.05,0.4,0.25,1.6934815554192008e-18;4.557816419775583e-07,8.834501026834671e-07,proxy_dimensions,2,,,,,0,luad,264,88,33,0.7037713338662642,False,,all_real,discovery_proxy_dimensions,0,0,"[[-Infinity, Infinity]]",,all_real,discovery_proxy_dimensions,0,0,"[[-Infinity, Infinity]]",,
TGM2,3,12,CAV1;SERPINE1;CCNB1,VHL;IGFBP2;TUBA1B;ANXA1;INPP4B;SQSTM1;KDR;DIABLO;MYC;EEF2;ESR1;ITGA2,1,3,3,3,0.05990038211652406,0.05,0.4,0.25,3.811402381234211e-29;4.822715088202858e-17;4.411487453621628e-05;0.052457077524648406,4.077873013673092e-36;1.9470587844394293e-20;0.0013897284343626886,reported,3,0.19763193478517535,0.5475370974210007;0.5398979251918136;0.19763193478517535,0.04160183565480737,True,1,luad,264,88,33,0.6935122385626349,True,2.0083620623362637,all_real,estimated,294,300,"[[-Infinity, Infinity]]",0.12061462405505209,all_real,estimated,294,300,"[[-Infinity, Infinity]]",6.0,0.2155165807034266
RICTOR,5,18,MYH11;CCNB1;DIABLO;TSC1;XBP1,VHL;GAPDH;SERPINE1;TUBA1B;ASNS;ERBB2;PDCD4;BRAF;KDR;PXN;FN1;MYC;EEF2;EIF4EBP1;ITGA2;EIF4G1;TP53BP1;MSH2,1,6,6,5,,0.05,0.2,0.15,6.7436605584931735e-90;2.7472348066167637e-49;8.26604465905537e-21;2.154003052721058e-09;0.00016258194210740857;0.012357599691521682,1.0397677550319955e-75;8.389533587274219e-37;1.188477555998882e-18;4.2347322203202005e-08;0.001054414810248128,proxy_dimensions,6,,,,,0,luad,264,88,33,0.6931043016369602,False,,all_real,discovery_proxy_dimensions,0,0,"[[-Infinity, Infinity]]",,all_real,discovery_proxy_dimensions,0,0,"[[-Infinity, Infinity]]",,
SQSTM1,2,2,KIT;RAD51,TUBA1B;KDR,1,2,2,2,0.08689017465301918,0.05,0.4,0.2,3.222929688268587e-06;0.009251492707553504,7.713454753350862e-07;0.003121780937815396,reported,2,0.18262805696022044,0.30528651291386055;0.18262805696022044,0.08689017465301911,True,1,luad,264,88,33,0.6632563712534275,True,,all_real,estimation_moment_resampling,290,300,"[[-Infinity, Infinity]]",,all_real,estimation_moment_resampling,290,300,"[[-Infinity, Infinity]]",10.0,0.21782392393584257
RAB25,2,12,CLDN7;CDH1,VHL;IGFBP2;TUBA1B;ANXA1;INPP4B;SQSTM1;KDR;DIABLO;MYC;EEF2;ESR1;ITGA2,1,3,3,2,,0.05,0.4,0.25,4.201215796120788e-29;2.516368071790822e-13;3.3911448123980233e-06,2.898039706313591e-17;9.1508783684384e-07,proxy_dimensions,3,,,,,0,luad,264,88,33,0.6585390861825587,False,,all_real,discovery_proxy_dimensions,0,0,"[[-Infinity, Infinity]]",,all_real,discovery_proxy_dimensions,0,0,"[[-Infinity, Infinity]]",,
TP53,2,12,ETS1;RAD51,VHL;IGFBP2;TUBA1B;ANXA1;INPP4B;SQSTM1;KDR;DIABLO;MYC;EEF2;ESR1;ITGA2,1,2,2,1,0.005733752877639421,0.05,0.4,0.25,6.766981855360006e-24;0.0020224923309981164;0.08630993121519441,1.3654809171440416e-22;0.783880833964729,conditional_information_dimension,2,0.017090326372666047,0.5866944961693625;0.017090326372666047,0.03608647090096509,False,0,luad,264,88,33,0.6294199698968375,False,,all_real,discovery_conditional_information_dimension,0,0,"[[-Infinity, Infinity]]",,all_real,discovery_conditional_information_dimension,0,0,"[[-Infinity, Infinity]]",,
PDCD4,2,17,CDH1;FN1,VHL;IGFBP2;TUBA1B;ANXA1;INPP4B;CASP7;ERBB2;SQSTM1;KDR;DIABLO;PXN;MYC;EEF2;ESR1;ITGA2;MSH2;PRDX1,1,3,3,2,,0.05,0.4,0.3,1.4880416576880854e-25;1.8139206318207633e-07;0.007878019251661168,1.5651108248634137e-16;0.005362083887436055,proxy_dimensions,3,,,,,0,luad,264,88,33,0.604072584397712,False,,all_real,discovery_proxy_dimensions,0,0,"[[-Infinity, Infinity]]",,all_real,discovery_proxy_dimensions,0,0,"[[-Infinity, Infinity]]",,
ACACA,3,18,FASN;ETS1;CDH2,VHL;GAPDH;SERPINE1;TUBA1B;ASNS;ERBB2;PDCD4;BRAF;KDR;PXN;FN1;MYC;EEF2;EIF4EBP1;ITGA2;EIF4G1;TP53BP1;MSH2,1,3,3,2,0.004158548154021151,0.05,0.2,0.15,1.2540732494821495e-52;1.940911948643274e-19;5.033700526728075e-06;0.05730294862294693,3.909991047819659e-45;2.26312404719899e-17;0.7536300667493911,conditional_information_dimension,3,0.019595018630050032,0.6634208203061791;0.5286756566729204;0.019595018630050032,0.03032187786342244,False,0,luad,264,88,33,0.5986356171462293,False,,all_real,discovery_conditional_information_dimension,0,0,"[[-Infinity, Infinity]]",,all_real,discovery_conditional_information_dimension,0,0,"[[-Infinity, Infinity]]",,
BRAF,3,12,TSC1;CDH2;EIF4G1,VHL;IGFBP2;TUBA1B;ANXA1;INPP4B;SQSTM1;KDR;DIABLO;MYC;EEF2;ESR1;ITGA2,1,3,3,3,0.10849837819220551,0.05,0.4,0.25,6.741244522689542e-44;3.574698203758179e-14;3.0250259840370354e-05;0.05277716226723865,6.881986731214063e-31;4.0707563025866883e-17;6.805205351986133e-09,reported,3,0.3503453679161445,0.5230645423236439;0.41850545637287234;0.3503453679161445,0.060422773492358084,True,1,luad,264,88,33,0.597188082028438,True,,all_real,estimation_moment_resampling,273,300,"[[-Infinity, Infinity]]",,all_real,estimation_moment_resampling,273,300,"[[-Infinity, Infinity]]",27.0,0.14418219502023363
KDR,0,0,,,1,0,0,0,,0.05,0.2,0.15,,,no_shared_direction,0,,,,,0,luad,264,88,33,0.5951049678544181,False,,all_real,discovery_no_shared_direction,0,0,"[[-Infinity, Infinity]]",,all_real,discovery_no_shared_direction,0,0,"[[-Infinity, Infinity]]",,
RPS6,1,18,RBM15,VHL;GAPDH;SERPINE1;TUBA1B;ASNS;ERBB2;PDCD4;BRAF;KDR;PXN;FN1;MYC;EEF2;EIF4EBP1;ITGA2;EIF4G1;TP53BP1;MSH2,1,2,2,1,,0.05,0.2,0.15,2.8609223025423884e-30;1.3538181600692076e-05,6.1333836756017055e-25,proxy_dimensions,2,,,,,0,luad,264,88,33,0.58762391766513,False,,all_real,discovery_proxy_dimensions,0,0,"[[-Infinity, Infinity]]",,all_real,discovery_proxy_dimensions,0,0,"[[-Infinity, Infinity]]",,
DIABLO,3,18,HSPA1A;RICTOR;SQSTM1,VHL;GAPDH;SERPINE1;TUBA1B;ASNS;ERBB2;PDCD4;BRAF;KDR;PXN;FN1;MYC;EEF2;EIF4EBP1;ITGA2;EIF4G1;TP53BP1;MSH2,1,4,4,3,,0.05,0.2,0.15,3.532247573144323e-29;1.0996015409861152e-10;3.749950398839201e-06;0.006090654822618944,7.532536831036336e-25;3.6426030756490694e-06;0.004590930154326538,proxy_dimensions,4,,,,,0,luad,264,88,33,0.5858634865665886,False,,all_real,discovery_proxy_dimensions,0,0,"[[-Infinity, Infinity]]",,all_real,discovery_proxy_dimensions,0,0,"[[-Infinity, Infinity]]",,
EEF2K,3,12,ASNS;RBM15;RAD51,VHL;IGFBP2;TUBA1B;ANXA1;INPP4B;SQSTM1;KDR;DIABLO;MYC;EEF2;ESR1;ITGA2,1,4,4,3,,0.05,0.4,0.25,4.134989252793032e-43;2.6925560056732094e-22;3.204285573561779e-12;5.1603873530441815e-05,3.4475249070012054e-35;2.947699844711596e-17;1.376071394786466e-09,proxy_dimensions,4,,,,,0,luad,264,88,33,0.5756616449028933,False,,all_real,discovery_proxy_dimensions,0,0,"[[-Infinity, Infinity]]",,all_real,discovery_proxy_dimensions,0,0,"[[-Infinity, Infinity]]",,
ATM,2,18,STAT5A;PREX1,VHL;GAPDH;SERPINE1;TUBA1B;ASNS;ERBB2;PDCD4;BRAF;KDR;PXN;FN1;MYC;EEF2;EIF4EBP1;ITGA2;EIF4G1;TP53BP1;MSH2,1,3,3,2,,0.05,0.2,0.15,6.953720379208733e-41;3.689401170665844e-16;0.00012931594463510442,1.8134316918769257e-27;1.0656490385929186e-06,proxy_dimensions,3,,,,,0,luad,264,88,33,0.5584975485425842,False,,all_real,discovery_proxy_dimensions,0,0,"[[-Infinity, Infinity]]",,all_real,discovery_proxy_dimensions,0,0,"[[-Infinity, Infinity]]",,
PXN,1,12,ASNS,VHL;IGFBP2;TUBA1B;ANXA1;INPP4B;SQSTM1;KDR;DIABLO;MYC;EEF2;ESR1;ITGA2,1,2,2,1,,0.05,0.4,0.25,1.2150889607508309e-20;0.00187065726725424,1.7505719967223712e-09,proxy_dimensions,2,,,,,0,luad,264,88,33,0.5525827722453565,False,,all_real,discovery_proxy_dimensions,0,0,"[[-Infinity, Infinity]]",,all_real,discovery_proxy_dimensions,0,0,"[[-Infinity, Infinity]]",,
ETS1,3,18,TP53;ACACA;XBP1,VHL;GAPDH;SERPINE1;TUBA1B;ASNS;ERBB2;PDCD4;BRAF;KDR;PXN;FN1;MYC;EEF2;EIF4EBP1;ITGA2;EIF4G1;TP53BP1;MSH2,1,4,4,3,,0.05,0.2,0.15,2.220400735204769e-50;7.586784018356237e-20;1.9569334710029851e-07;0.016244075167249815,4.4203398898042455e-37;2.1458251620730568e-07;0.023716545033199157,proxy_dimensions,4,,,,,0,luad,264,88,33,0.5509096962708571,False,,all_real,discovery_proxy_dimensions,0,0,"[[-Infinity, Infinity]]",,all_real,discovery_proxy_dimensions,0,0,"[[-Infinity, Infinity]]",,
PRKCA,4,12,STAT5A;PREX1;TSC1;BCL2L11,VHL;IGFBP2;TUBA1B;ANXA1;INPP4B;SQSTM1;KDR;DIABLO;MYC;EEF2;ESR1;ITGA2,1,5,5,4,,0.05,0.4,0.25,6.304453560432119e-42;9.619491235757235e-19;1.0082295232147304e-09;0.0002694496808370402;0.01850466664932673,1.1315365869060039e-28;2.7322556547587666e-14;9.751139253167742e-07;0.0011346350253396923,proxy_dimensions,5,,,,,0,luad,264,88,33,0.5397904373456949,False,,all_real,discovery_proxy_dimensions,0,0,"[[-Infinity, Infinity]]",,all_real,discovery_proxy_dimensions,0,0,"[[-Infinity, Infinity]]",,
FN1,2,56,SERPINE1;PDCD4,VHL;MYH11;GAPDH;CAV1;IGFBP2;TUBA1B;CTNNB1;ANXA1;CLDN7;CCNB1;FASN;TFRC;INPP4B;STAT5A;CASP7;HSPA1A;ASNS;CDH1;KIT;G6PD;ERBB2;TGM2;RICTOR;SQSTM1;RAB25;TP53;ACACA;BRAF;KDR;RPS6;DIABLO;EEF2K;ATM;PXN;ETS1;PRKCA;RBM15;RAD51;MYC;EEF2;AR;ESR1;EIF4EBP1;PREX1;TSC1;CDH2;BAK1;SYK;EIF4G1;BCL2L11;TP53BP1;CCNE1;XBP1;MSH2;FOXM1;PRDX1,1,3,3,2,,0.05,0.2,0.15,4.457459763551202e-50;2.607487847978099e-18;2.6933643292304102e-08,6.832521503053706e-26;3.62744162138006e-12,proxy_dimensions,3,,,,,0,luad,264,88,33,0.5344093390698109,False,,all_real,discovery_proxy_dimensions,0,0,"[[-Infinity, Infinity]]",,all_real,discovery_proxy_dimensions,0,0,"[[-Infinity, Infinity]]",,
RBM15,3,12,RPS6;EEF2K;TP53BP1,VHL;IGFBP2;TUBA1B;ANXA1;INPP4B;SQSTM1;KDR;DIABLO;MYC;EEF2;ESR1;ITGA2,1,4,4,3,,0.05,0.4,0.25,4.432063462512168e-27;6.6787646403719504e-12;1.1145379211584916e-06;0.000887255005852525,1.2799433804974663e-17;1.3284357143366456e-07;0.00048502750057940433,proxy_dimensions,4,,,,,0,luad,264,88,33,0.5337884488185775,False,,all_real,discovery_proxy_dimensions,0,0,"[[-Infinity, Infinity]]",,all_real,discovery_proxy_dimensions,0,0,"[[-Infinity, Infinity]]",,
RAD51,5,12,TP53;EEF2K;PREX1;XBP1;FOXM1,VHL;IGFBP2;TUBA1B;ANXA1;INPP4B;SQSTM1;KDR;DIABLO;MYC;EEF2;ESR1;ITGA2,1,4,4,3,0.022460946909174967,0.05,0.4,0.25,2.0252735444864878e-38;1.0650115008088653e-16;1.9656895016254916e-05;0.025167517337527916;0.2778183847712008;0.7413485501052406,1.1498100415588715e-29;3.0542457506654443e-14;6.610265296340692e-07;0.1585685445358047,conditional_information_dimension,4,0.11974916977163112,0.5666165715420226;0.42913335836966593;0.3604664163635329;0.11974916977163112,0.030117498613886497,False,0,luad,264,88,33,0.533745987552606,False,,all_real,discovery_conditional_information_dimension,0,0,"[[-Infinity, Infinity]]",,all_real,discovery_conditional_information_dimension,0,0,"[[-Infinity, Infinity]]",,
MYC,1,58,GAPDH,VHL;MYH11;CAV1;SERPINE1;IGFBP2;TUBA1B;CTNNB1;ANXA1;CLDN7;CCNB1;FASN;TFRC;INPP4B;STAT5A;CASP7;HSPA1A;ASNS;CDH1;KIT;G6PD;ERBB2;TGM2;RICTOR;SQSTM1;RAB25;TP53;PDCD4;ACACA;BRAF;KDR;RPS6;DIABLO;EEF2K;ATM;PXN;ETS1;PRKCA;FN1;RBM15;RAD51;EEF2;AR;ESR1;EIF4EBP1;PREX1;TSC1;CDH2;BAK1;ITGA2;SYK;EIF4G1;BCL2L11;TP53BP1;CCNE1;XBP1;MSH2;FOXM1;PRDX1,1,2,2,1,,0.05,0.2,0.15,4.691038650144843e-34;1.3592199332947216e-05,1.0888304339405836e-28,proxy_dimensions,2,,,,,0,luad,264,88,33,0.5299354781032927,False,,all_real,discovery_proxy_dimensions,0,0,"[[-Infinity, Infinity]]",,all_real,discovery_proxy_dimensions,0,0,"[[-Infinity, Infinity]]",,
EEF2,1,2,PRDX1,TUBA1B;KDR,1,1,1,1,0.27934127526766733,0.05,0.4,0.2,5.574580874713576e-09;0.3793668050421414,4.58889300494639e-06,reported,1,0.27934127526766733,0.27934127526766733,0.2131746472914739,True,1,luad,264,88,33,0.5209553405348796,True,,all_real,estimation_moment_resampling,290,300,"[[-Infinity, Infinity]]",,all_real,estimation_moment_resampling,290,300,"[[-Infinity, Infinity]]",10.0,0.180915529307428
AR,3,12,GAPDH;PREX1;FOXM1,VHL;IGFBP2;TUBA1B;ANXA1;INPP4B;SQSTM1;KDR;DIABLO;MYC;EEF2;ESR1;ITGA2,1,4,4,3,,0.05,0.4,0.25,5.693474285034797e-33;3.3007187004042e-15;3.2908298389937326e-06;0.027020558914063377,9.989333561426079e-26;1.3734910019301339e-14;1.6003210916063056e-05,proxy_dimensions,4,,,,,0,luad,264,88,33,0.4961639329665225,False,,all_real,discovery_proxy_dimensions,0,0,"[[-Infinity, Infinity]]",,all_real,discovery_proxy_dimensions,0,0,"[[-Infinity, Infinity]]",,
ESR1,2,18,ANXA1;XBP1,VHL;GAPDH;SERPINE1;TUBA1B;ASNS;ERBB2;PDCD4;BRAF;KDR;PXN;FN1;MYC;EEF2;EIF4EBP1;ITGA2;EIF4G1;TP53BP1;MSH2,1,3,3,2,,0.05,0.2,0.15,3.0670948569404115e-21;1.6460288964291884e-07;0.03154668108482172,2.887968748597795e-17;1.6963939854849332e-07,proxy_dimensions,3,,,,,0,luad,264,88,33,0.4950979493478658,False,,all_real,discovery_proxy_dimensions,0,0,"[[-Infinity, Infinity]]",,all_real,discovery_proxy_dimensions,0,0,"[[-Infinity, Infinity]]",,
EIF4EBP1,3,12,CAV1;CTNNB1;ASNS,VHL;IGFBP2;TUBA1B;ANXA1;INPP4B;SQSTM1;KDR;DIABLO;MYC;EEF2;ESR1;ITGA2,1,4,4,3,,0.05,0.4,0.25,1.773820653527398e-51;7.40143398386276e-21;0.00021019746118221792;0.01307321138725461,1.628438194355201e-40;1.9940977846155286e-13;0.015027490631103476,proxy_dimensions,4,,,,,0,luad,264,88,33,0.4869181100611312,False,,all_real,discovery_proxy_dimensions,0,0,"[[-Infinity, Infinity]]",,all_real,discovery_proxy_dimensions,0,0,"[[-Infinity, Infinity]]",,
PREX1,5,12,ATM;PRKCA;RAD51;AR;EIF4G1,VHL;IGFBP2;TUBA1B;ANXA1;INPP4B;SQSTM1;KDR;DIABLO;MYC;EEF2;ESR1;ITGA2,1,6,6,5,,0.05,0.4,0.25,1.4083302745373723e-56;1.0906038087931585e-25;9.277411340220864e-10;2.021122111230241e-07;2.6413476594315787e-05;0.003149991653383941,5.92296123077065e-47;2.6661815980006076e-16;6.751577688838608e-07;5.400191293838305e-05;0.0056326792516546605,proxy_dimensions,6,,,,,0,luad,264,88,33,0.4859893733244324,False,,all_real,discovery_proxy_dimensions,0,0,"[[-Infinity, Infinity]]",,all_real,discovery_proxy_dimensions,0,0,"[[-Infinity, Infinity]]",,
TSC1,6,12,STAT5A;RICTOR;BRAF;PRKCA;CDH2;PRDX1,VHL;IGFBP2;TUBA1B;ANXA1;INPP4B;SQSTM1;KDR;DIABLO;MYC;EEF2;ESR1;ITGA2,1,6,6,6,0.029578972115915522,0.05,0.4,0.25,1.252540212102989e-65;1.1395165798125862e-35;5.522898461855476e-21;3.765109776990691e-12;4.069350189771199e-06;0.018684594637695236;0.9212626905595607,3.3795356462759973e-57;3.848527672232909e-39;4.454675096900509e-26;8.936694088119294e-17;2.062632560691047e-09;5.320889277677823e-06,reported,6,0.28013896490265167,0.6142028076302845;0.5451672993842971;0.47581958890411885;0.4226897147400644;0.3102247974886578;0.28013896490265167,0.022973510477452656,True,1,luad,264,88,33,0.4819889840029372,True,,all_real,estimation_moment_resampling,292,300,"[[-Infinity, Infinity]]",,all_real,estimation_moment_resampling,292,300,"[[-Infinity, Infinity]]",8.0,0.20820559600898267
CDH2,5,18,HSPA1A;ACACA;AR;TSC1;BAK1,VHL;GAPDH;SERPINE1;TUBA1B;ASNS;ERBB2;PDCD4;BRAF;KDR;PXN;FN1;MYC;EEF2;EIF4EBP1;ITGA2;EIF4G1;TP53BP1;MSH2,1,5,5,4,0.011526846528140648,0.05,0.2,0.15,1.1145167460478804e-68;1.783823584074707e-24;4.887220771038768e-12;7.48730881037677e-06;0.0047419321345246014;0.1195286479117278,1.3413528556361404e-49;9.227646448303315e-28;4.7131702947227794e-11;1.2006851749602736e-05;0.09969432079567586,conditional_information_dimension,5,0.10292471141637066,0.6387927882171579;0.5753402882548794;0.3787639372752495;0.30802967175263285;0.10292471141637066,0.019112839341179157,False,0,luad,264,88,33,0.48066698065012214,False,,all_real,discovery_conditional_information_dimension,0,0,"[[-Infinity, Infinity]]",,all_real,discovery_conditional_information_dimension,0,0,"[[-Infinity, Infinity]]",,
BAK1,1,18,CDH2,VHL;GAPDH;SERPINE1;TUBA1B;ASNS;ERBB2;PDCD4;BRAF;KDR;PXN;FN1;MYC;EEF2;EIF4EBP1;ITGA2;EIF4G1;TP53BP1;MSH2,1,2,2,1,,0.05,0.2,0.15,1.3094568872503276e-37;7.943441111410585e-05,2.7433079780143876e-31,proxy_dimensions,2,,,,,0,luad,264,88,33,0.4784310941302463,False,,all_real,discovery_proxy_dimensions,0,0,"[[-Infinity, Infinity]]",,all_real,discovery_proxy_dimensions,0,0,"[[-Infinity, Infinity]]",,
ITGA2,1,56,SERPINE1,VHL;MYH11;GAPDH;CAV1;IGFBP2;TUBA1B;CTNNB1;ANXA1;CLDN7;CCNB1;FASN;TFRC;INPP4B;STAT5A;CASP7;HSPA1A;ASNS;CDH1;KIT;G6PD;ERBB2;TGM2;RICTOR;SQSTM1;RAB25;TP53;ACACA;BRAF;KDR;RPS6;DIABLO;EEF2K;ATM;PXN;ETS1;PRKCA;RBM15;RAD51;MYC;EEF2;AR;ESR1;EIF4EBP1;PREX1;TSC1;CDH2;BAK1;SYK;EIF4G1;BCL2L11;TP53BP1;CCNE1;XBP1;MSH2;FOXM1;PRDX1,1,2,2,1,,0.05,0.2,0.15,3.291902732824082e-41;9.815244272576777e-16,2.0171618126263318e-21,proxy_dimensions,2,,,,,0,luad,264,88,33,0.46894607559722506,False,,all_real,discovery_proxy_dimensions,0,0,"[[-Infinity, Infinity]]",,all_real,discovery_proxy_dimensions,0,0,"[[-Infinity, Infinity]]",,
SYK,2,32,CLDN7;STAT5A,VHL;GAPDH;CAV1;SERPINE1;IGFBP2;TUBA1B;ANXA1;INPP4B;ASNS;G6PD;ERBB2;TGM2;SQSTM1;TP53;PDCD4;BRAF;KDR;RPS6;PXN;ETS1;FN1;RBM15;MYC;EEF2;AR;ESR1;EIF4EBP1;ITGA2;EIF4G1;TP53BP1;XBP1;MSH2,1,3,3,2,,0.05,0.2,0.2,3.1204703830840413e-51;2.67783326662812e-17;4.7780056387138764e-08,2.9246076093310786e-43;1.4476782294957393e-10,proxy_dimensions,3,,,,,0,luad,264,88,33,0.4675032186066423,False,,all_real,discovery_proxy_dimensions,0,0,"[[-Infinity, Infinity]]",,all_real,discovery_proxy_dimensions,0,0,"[[-Infinity, Infinity]]",,
EIF4G1,3,12,BRAF;PREX1;TP53BP1,VHL;IGFBP2;TUBA1B;ANXA1;INPP4B;SQSTM1;KDR;DIABLO;MYC;EEF2;ESR1;ITGA2,1,3,3,3,0.04099029968973522,0.05,0.4,0.25,4.052459750940276e-42;8.967851133985974e-16;1.587828759636337e-05;0.08005704183078553,3.927907212180599e-31;1.601229976282179e-14;0.010440692275509481,reported,3,0.15888238737767896,0.5573648404215121;0.4704298700976844;0.15888238737767896,0.034443909565038046,True,1,luad,264,88,33,0.46548712255713726,True,,all_real,estimation_moment_resampling,292,300,"[[-Infinity, Infinity]]",,all_real,estimation_moment_resampling,292,300,"[[-Infinity, Infinity]]",8.0,0.21359808024335467
BCL2L11,2,18,PRKCA;TSC1,VHL;GAPDH;SERPINE1;TUBA1B;ASNS;ERBB2;PDCD4;BRAF;KDR;PXN;FN1;MYC;EEF2;EIF4EBP1;ITGA2;EIF4G1;TP53BP1;MSH2,1,3,3,2,,0.05,0.2,0.15,1.81942253284105e-55;4.352333115673173e-19;1.811627880122209e-08,2.0819908149485994e-44;3.5270247979812615e-08,proxy_dimensions,3,,,,,0,luad,264,88,33,0.465172205844111,False,,all_real,discovery_proxy_dimensions,0,0,"[[-Infinity, Infinity]]",,all_real,discovery_proxy_dimensions,0,0,"[[-Infinity, Infinity]]",,
TP53BP1,2,12,RBM15;EIF4G1,VHL;IGFBP2;TUBA1B;ANXA1;INPP4B;SQSTM1;KDR;DIABLO;MYC;EEF2;ESR1;ITGA2,1,3,3,2,,0.05,0.4,0.25,5.22008042871286e-30;1.9010032835742995e-11;4.842524078881776e-05,1.2662446376542872e-15;1.0691974881692745e-05,proxy_dimensions,3,,,,,0,luad,264,88,33,0.45829122002116174,False,,all_real,discovery_proxy_dimensions,0,0,"[[-Infinity, Infinity]]",,all_real,discovery_proxy_dimensions,0,0,"[[-Infinity, Infinity]]",,
CCNE1,1,18,CCNB1,VHL;GAPDH;SERPINE1;TUBA1B;ASNS;ERBB2;PDCD4;BRAF;KDR;PXN;FN1;MYC;EEF2;EIF4EBP1;ITGA2;EIF4G1;TP53BP1;MSH2,1,2,2,1,,0.05,0.2,0.15,1.7452520213885573e-33;1.3421342493970394e-05,2.291444146205155e-22,proxy_dimensions,2,,,,,0,luad,264,88,33,0.45740826741814977,False,,all_real,discovery_proxy_dimensions,0,0,"[[-Infinity, Infinity]]",,all_real,discovery_proxy_dimensions,0,0,"[[-Infinity, Infinity]]",,
XBP1,3,17,RICTOR;ETS1;RAD51,VHL;IGFBP2;TUBA1B;ANXA1;INPP4B;CASP7;ERBB2;SQSTM1;KDR;DIABLO;PXN;MYC;EEF2;ESR1;ITGA2;MSH2;PRDX1,1,4,4,3,,0.05,0.4,0.3,4.793142878583025e-59;1.4579923949629869e-21;7.59335032814154e-05;0.02497532381076071,7.801124589610371e-44;1.4068125045622683e-08;0.00034585842084583127,proxy_dimensions,4,,,,,0,luad,264,88,33,0.45711122209632,False,,all_real,discovery_proxy_dimensions,0,0,"[[-Infinity, Infinity]]",,all_real,discovery_proxy_dimensions,0,0,"[[-Infinity, Infinity]]",,
MSH2,2,2,CCNB1;BRAF,TUBA1B;KDR,1,2,2,1,0.04872071198882338,0.05,0.4,0.2,4.064602572571747e-12;0.009549290737989812,1.8507811289394039e-09;0.061562142384034346,conditional_information_dimension,2,0.1161047940343465,0.39258764498166465;0.1161047940343465,0.048720711988823336,False,0,luad,264,88,33,0.44859865541782085,False,,all_real,discovery_conditional_information_dimension,0,0,"[[-Infinity, Infinity]]",,all_real,discovery_conditional_information_dimension,0,0,"[[-Infinity, Infinity]]",,
FOXM1,5,17,MYH11;CCNB1;ASNS;RAD51;AR,VHL;IGFBP2;TUBA1B;ANXA1;INPP4B;CASP7;ERBB2;SQSTM1;KDR;DIABLO;PXN;MYC;EEF2;ESR1;ITGA2;MSH2;PRDX1,1,5,5,4,0.004974448471841405,0.05,0.4,0.3,1.68541717444954e-63;1.0300636780413462e-28;9.843226938121291e-14;7.622415540511239e-07;0.013179897759792404;0.19177285617204742,3.510642603022455e-50;7.119019898039918e-31;3.6679388266119417e-13;2.9542310655822196e-05;0.51447259128195,conditional_information_dimension,5,0.0408459204170684,0.61473148531552;0.5861737704697698;0.4301008114236418;0.3100531246118455;0.0408459204170684,0.018242060652953227,False,0,luad,264,88,33,0.4477202319550998,False,,all_real,discovery_conditional_information_dimension,0,0,"[[-Infinity, Infinity]]",,all_real,discovery_conditional_information_dimension,0,0,"[[-Infinity, Infinity]]",,
PRDX1,3,18,INPP4B;G6PD;TSC1,VHL;GAPDH;SERPINE1;TUBA1B;ASNS;ERBB2;PDCD4;BRAF;KDR;PXN;FN1;MYC;EEF2;EIF4EBP1;ITGA2;EIF4G1;TP53BP1;MSH2,1,4,4,3,,0.05,0.2,0.15,2.1537768167618684e-55;2.074930212253922e-18;6.055035029112526e-08;0.010121070085158093,2.0313160271337126e-40;5.059043704470282e-10;0.0001808031755316106,proxy_dimensions,4,,,,,0,luad,264,88,33,0.44718839132614224,False,,all_real,discovery_proxy_dimensions,0,0,"[[-Infinity, Infinity]]",,all_real,discovery_proxy_dimensions,0,0,"[[-Infinity, Infinity]]",,
