study,target,n,n_discovery,n_estimation,estimation_events,exposures,discovery_ready,point_fits,bounded,disconnected,all_real,empty,half_line,nonempty_sets_excluding_zero,directional_sets
blca,rmst,342,256,86,39,60,19,8,0,0,60,0,0,0,0
blca,survival,342,256,86,39,60,19,8,0,0,60,0,0,0,0
brca,rmst,876,657,219,33,60,18,1,0,0,60,0,0,0,0
brca,survival,876,657,219,33,60,18,1,0,0,60,0,0,0,0
coadread,rmst,460,345,115,17,60,14,0,0,0,60,0,0,0,0
coadread,survival,460,345,115,17,60,14,0,0,0,60,0,0,0,0
kirc,rmst,455,341,114,42,60,14,14,0,0,60,0,0,0,0
kirc,survival,455,341,114,42,60,14,14,0,0,60,0,0,0,0
lgg,rmst,427,320,107,16,60,18,0,0,0,60,0,0,0,0
lgg,survival,427,320,107,16,60,18,0,0,0,60,0,0,0,0
skcm,rmst,317,237,80,37,60,17,9,0,0,60,0,0,0,0
skcm,survival,317,237,80,37,60,17,9,0,0,60,0,0,0,0
stad,rmst,349,261,88,38,60,23,0,0,0,60,0,0,0,0
stad,survival,349,261,88,38,60,23,0,0,0,60,0,0,0,0
ucec,rmst,422,316,106,23,60,11,0,0,0,60,0,0,0,0
ucec,survival,422,316,106,23,60,11,0,0,0,60,0,0,0,0
ov,rmst,411,308,103,67,60,26,24,2,3,55,0,0,0,0
ov,survival,411,308,103,67,60,26,24,2,1,57,0,0,0,0
luad,rmst,352,264,88,33,60,10,2,0,0,60,0,0,0,0
luad,survival,352,264,88,33,60,10,2,0,0,60,0,0,0,0
