exposure,nZ,nW,Z,W,r_pca,r_bridge,r_joint,r_signal,nu,rank_test_level,window_fraction,alpha,joint_pvalues,conditional_pvalues,status,r_grid,conditional_root,conditional_roots,nu_raw,conditional_rank_agreement,eligible_designs,study,n_discovery,n_estimation,estimation_events,exposure_sd,design_ready,censor_boot_failures,min_g,rmst_estimate,rmst_kind,rmst_status,rmst_boot_success,rmst_boot_attempts,rmst_intervals,survival_estimate,survival_kind,survival_status,survival_boot_success,survival_boot_attempts,survival_intervals
ESR1,9,22,GATA3;CLDN7;IGFBP2;AR;CCNE1;BCL2;BCL2L11;TP53BP1;EEF2,VHL;FASN;CDH1;ERBB2;TFRC;ACACA;CTNNB1;TUBA1B;FN1;SQSTM1;PTEN;SERPINE1;BRAF;RAB25;MYC;GAB2;EIF4EBP1;RPS6KB1;EEF2K;DIABLO;KDR;ERBB3,2,8,8,8,0.0098291366871612,0.03901371573204352,0.4,0.3,5.124731275662772e-247;3.5915335316450957e-140;2.0867771030479622e-77;1.0170972217314509e-50;5.1058083486490136e-33;1.1271372154556181e-22;3.6105523167469096e-13;2.0503058664393395e-06;0.07878857461519467;0.4459533351727643,3.2126132024128473e-217;2.8062028621383253e-122;9.104103402263936e-82;5.312816643752257e-57;4.13920140318184e-37;1.505638198705708e-23;5.460034125661501e-12;0.003237466813643875,reported,8,0.1332515820580572,0.7427074405058905;0.5597265123081399;0.4657837466576802;0.4235706464772312;0.36086277909907377;0.3294210406270258;0.2819991824072514;0.1332515820580572,0.012034820581571314,True,2,brca,657,219,33,2.082188277532045,True,17.0,0.17526099973960324,,all_real,estimation_moment_resampling,283,300,"[[-Infinity, Infinity]]",,all_real,estimation_moment_resampling,283,300,"[[-Infinity, Infinity]]"
MYH11,4,20,CAV1;KIT;RICTOR;BAP1,VHL;FASN;CDH1;ACACA;CTNNB1;TUBA1B;PDCD4;SQSTM1;PTEN;BRAF;RAB25;MYC;GAB2;EIF4EBP1;RPS6KB1;EEF2K;DIABLO;KDR;ERBB3;EIF4G1,2,5,5,4,,0.03901371573204352,0.2,0.2,5.860393021310996e-128;1.4349688548841367e-24;3.222339800725469e-06;0.00040250392571736796;0.015991740258292853,1.694944723992948e-82;3.35006651341008e-22;2.4798287382161344e-05;0.002630048174172327,proxy_dimensions,5,,,,,0,brca,657,219,33,1.8000253927672432,False,,,,all_real,discovery_proxy_dimensions,0,0,"[[-Infinity, Infinity]]",,all_real,discovery_proxy_dimensions,0,0,"[[-Infinity, Infinity]]"
VHL,1,3,FASN,TFRC;PTEN;GAB2,2,2,2,1,,0.03901371573204352,0.4,0.2,5.151585257744471e-20;4.783881995921273e-06,8.455456170408357e-13,proxy_dimensions,2,,,,,0,brca,657,219,33,1.3862241551070542,False,,,,all_real,discovery_proxy_dimensions,0,0,"[[-Infinity, Infinity]]",,all_real,discovery_proxy_dimensions,0,0,"[[-Infinity, Infinity]]"
FASN,3,14,AR;PREX1;ACACA,VHL;CDH1;TFRC;CTNNB1;TUBA1B;FN1;PTEN;SERPINE1;MYC;GAB2;EIF4EBP1;RPS6KB1;DIABLO;KDR,2,3,3,2,0.01790838604311477,0.03901371573204352,0.4,0.25,2.4900715619730264e-63;2.7853837611838824e-13;0.00010354947615572406;0.12159766588980943,1.1056102231243173e-35;6.241642229501462e-08;0.0695204173279693,conditional_information_dimension,3,0.07134771585550846,0.45362727760633476;0.23270416214906342;0.07134771585550846,0.023968842275566376,False,0,brca,657,219,33,1.3071330151310858,False,,,,all_real,discovery_conditional_information_dimension,0,0,"[[-Infinity, Infinity]]",,all_real,discovery_conditional_information_dimension,0,0,"[[-Infinity, Infinity]]"
CDH1,2,3,STAT5A;CTNNB1,TFRC;PTEN;GAB2,2,2,2,2,0.09511990342433123,0.03901371573204352,0.4,0.2,2.3041837561872017e-44;6.14041302784566e-10;0.36126873591019204,3.902389481550396e-45;1.2229890428220424e-11,reported,2,0.26188750813468764,0.4782966322424896;0.26188750813468764,0.07928024650950533,True,1,brca,657,219,33,1.2097409056792758,True,12.0,0.35323786283157094,,all_real,estimation_moment_resampling,288,300,"[[-Infinity, Infinity]]",,all_real,estimation_moment_resampling,288,300,"[[-Infinity, Infinity]]"
GATA3,6,14,ESR1;INPP4B;AR;PREX1;ANXA1;ASNS,VHL;CDH1;TFRC;CTNNB1;TUBA1B;FN1;PTEN;SERPINE1;MYC;GAB2;EIF4EBP1;RPS6KB1;DIABLO;KDR,2,6,6,6,0.012129995810473521,0.03901371573204352,0.4,0.25,9.160845010661974e-116;1.1201757231086988e-49;1.0154640670882058e-28;8.565878161762144e-12;7.174452968248804e-06;0.0148075342973916;0.10938990315213683,1.20718025203922e-78;5.92855480521549e-49;1.436837754770652e-26;1.715960170629131e-13;5.393423119459558e-05;0.011738966155290886,reported,6,0.09916851662732167,0.49208671369578033;0.43708556543501415;0.34996847665288333;0.28647688113492714;0.1684723420175586;0.09916851662732167,0.012272378309103424,True,1,brca,657,219,33,1.1206355771653438,True,10.0,0.3778527066194979,,all_real,estimation_moment_resampling,290,300,"[[-Infinity, Infinity]]",,all_real,estimation_moment_resampling,290,300,"[[-Infinity, Infinity]]"
GAPDH,3,14,COL6A1;CCNB1;EEF2,VHL;CDH1;TFRC;CTNNB1;TUBA1B;FN1;PTEN;SERPINE1;MYC;GAB2;EIF4EBP1;RPS6KB1;DIABLO;KDR,2,4,4,3,,0.03901371573204352,0.4,0.25,2.9426580639548068e-134;1.492699173685537e-36;2.2618623415324722e-19;2.2022048499013248e-06,1.2618040717973202e-88;3.868287066459491e-33;1.2895921356674123e-15,proxy_dimensions,4,,,,,0,brca,657,219,33,1.0976028128853268,False,,,,all_real,discovery_proxy_dimensions,0,0,"[[-Infinity, Infinity]]",,all_real,discovery_proxy_dimensions,0,0,"[[-Infinity, Infinity]]"
INPP4B,5,22,GATA3;AR;PREX1;CCNB1;ASNS,VHL;FASN;CDH1;ERBB2;TFRC;ACACA;CTNNB1;TUBA1B;FN1;SQSTM1;PTEN;SERPINE1;BRAF;RAB25;MYC;GAB2;EIF4EBP1;RPS6KB1;EEF2K;DIABLO;KDR;ERBB3,2,5,5,5,0.012621291973279972,0.03901371573204352,0.4,0.3,1.5984107117260608e-131;5.0188332391916406e-52;1.7705367602602073e-21;1.011534195822712e-11;8.80858095960327e-05;0.055739090221298054,1.4729988807609726e-131;7.652785885349739e-59;1.497194959284506e-29;2.117945965420273e-15;0.010055245725472919,reported,5,0.1012055984875681,0.6665258685737487;0.4733838924210434;0.34915704106204604;0.3172212985729141;0.1012055984875681,0.01569417058844273,True,1,brca,657,219,33,1.0881125079491993,True,9.0,0.35788319727289897,,all_real,estimation_moment_resampling,291,300,"[[-Infinity, Infinity]]",,all_real,estimation_moment_resampling,291,300,"[[-Infinity, Infinity]]"
CLDN7,4,4,ESR1;CCNE1;SQSTM1;BAP1,VHL;TUBA1B;PDCD4;EIF4EBP1,2,4,4,3,0.003339899741713128,0.03901371573204352,0.2,0.15,6.025709515063109e-54;2.7499775853529132e-27;1.9602756687626897e-08;0.001618116460321633,2.4434662902488012e-36;6.068514478995216e-11;0.00042537532290751873;0.59644787032498,conditional_information_dimension,4,0.020855471501359767,0.44949740873291266;0.2640452249650342;0.17511136935458488;0.020855471501359767,0.0033398997417131387,False,0,brca,657,219,33,1.080344924724606,False,,,,all_real,discovery_conditional_information_dimension,0,0,"[[-Infinity, Infinity]]",,all_real,discovery_conditional_information_dimension,0,0,"[[-Infinity, Infinity]]"
CAV1,4,14,MYH11;COL6A1;RBM15;ANXA1,VHL;CDH1;TFRC;CTNNB1;TUBA1B;FN1;PTEN;SERPINE1;MYC;GAB2;EIF4EBP1;RPS6KB1;DIABLO;KDR,2,5,5,4,,0.03901371573204352,0.4,0.25,3.1320260161551724e-155;5.723461369310058e-59;1.5210321527888472e-25;1.73244137910951e-11;5.653777116200815e-06,6.880248648186987e-108;1.3035631491090107e-43;4.2028653657366827e-22;8.81160791323024e-08,proxy_dimensions,5,,,,,0,brca,657,219,33,1.041168153595548,False,,,,all_real,discovery_proxy_dimensions,0,0,"[[-Infinity, Infinity]]",,all_real,discovery_proxy_dimensions,0,0,"[[-Infinity, Infinity]]"
ERBB2,2,4,FASN;BCL2,VHL;TUBA1B;PDCD4;EIF4EBP1,2,2,2,1,0.03469904877007236,0.03901371573204352,0.2,0.15,1.597439288696965e-21;0.003284848966867132;0.7084091551642469,3.542086109074463e-21;0.060940472341158965,conditional_information_dimension,2,0.0736001934073798,0.3760519189896531;0.0736001934073798,0.02714289243495845,False,0,brca,657,219,33,1.0354697164997413,False,,,,all_real,discovery_conditional_information_dimension,0,0,"[[-Infinity, Infinity]]",,all_real,discovery_conditional_information_dimension,0,0,"[[-Infinity, Infinity]]"
IGFBP2,1,4,ESR1,VHL;TUBA1B;PDCD4;EIF4EBP1,2,2,2,1,,0.03901371573204352,0.2,0.15,2.2192716739337846e-13;0.029822324913187332,1.0286489212294734e-13,proxy_dimensions,2,,,,,0,brca,657,219,33,0.9760156673925943,False,,,,all_real,discovery_proxy_dimensions,0,0,"[[-Infinity, Infinity]]",,all_real,discovery_proxy_dimensions,0,0,"[[-Infinity, Infinity]]"
HSPA1A,4,14,COL6A1;ETS1;RAB25;BAP1,VHL;CDH1;TFRC;CTNNB1;TUBA1B;FN1;PTEN;SERPINE1;MYC;GAB2;EIF4EBP1;RPS6KB1;DIABLO;KDR,2,4,4,4,0.047725347640995876,0.03901371573204352,0.4,0.25,1.3866712042901333e-147;6.046865004836533e-39;1.0402860147175285e-19;4.182938245089332e-08;0.13022978842568547,6.999268564517055e-79;8.637290292668627e-43;1.6066219980353098e-22;5.125070375312079e-10,reported,4,0.2411962087036346,0.5119528678394595;0.40173724870090943;0.32028777493487753;0.2411962087036346,0.029279856794080635,True,1,brca,657,219,33,0.9599974911238439,True,10.0,0.35405032256981267,,all_real,estimation_moment_resampling,290,300,"[[-Infinity, Infinity]]",,all_real,estimation_moment_resampling,290,300,"[[-Infinity, Infinity]]"
COL6A1,6,14,GAPDH;CAV1;HSPA1A;RBM15;LCK;EIF4G1,VHL;CDH1;TFRC;CTNNB1;TUBA1B;FN1;PTEN;SERPINE1;MYC;GAB2;EIF4EBP1;RPS6KB1;DIABLO;KDR,2,7,7,6,,0.03901371573204352,0.4,0.25,5.39098280045305e-199;5.477143992895794e-76;1.3236306771022886e-38;1.0756761785704297e-24;3.6470199496495085e-14;7.358530735989256e-06;0.0054608595451815,2.9806906097654314e-123;2.4153591012725618e-60;1.699740690442053e-38;2.7234034225914664e-24;2.3146488782031615e-13;0.00015008529727335692,proxy_dimensions,7,,,,,0,brca,657,219,33,0.9436402382354458,False,,,,all_real,discovery_proxy_dimensions,0,0,"[[-Infinity, Infinity]]",,all_real,discovery_proxy_dimensions,0,0,"[[-Infinity, Infinity]]"
AR,4,14,ESR1;FASN;GATA3;INPP4B,VHL;CDH1;TFRC;CTNNB1;TUBA1B;FN1;PTEN;SERPINE1;MYC;GAB2;EIF4EBP1;RPS6KB1;DIABLO;KDR,2,4,4,3,0.004705720354933742,0.03901371573204352,0.4,0.25,1.1275443425099993e-98;6.381435589107144e-28;4.2006491052260455e-07;0.0008077408569115999;0.22606196812441232,6.596153293777158e-101;2.0101065053572987e-35;1.707962856633557e-08;0.4219633425618433,conditional_information_dimension,4,0.031623222387030865,0.6370737699353938;0.4485164297327276;0.24915668769994143;0.031623222387030865,0.013833921394655661,False,0,brca,657,219,33,0.9014012453260096,False,,,,all_real,discovery_conditional_information_dimension,0,0,"[[-Infinity, Infinity]]",,all_real,discovery_conditional_information_dimension,0,0,"[[-Infinity, Infinity]]"
PREX1,5,4,FASN;GATA3;INPP4B;BCL2;EIF4G1,VHL;TUBA1B;PDCD4;EIF4EBP1,2,4,4,4,0.017020365082245716,0.03901371573204352,0.2,0.15,1.2843708068531352e-46;4.305332082467906e-12;0.0004667172506288667;0.011113879056486883,5.621548791292637e-44;8.537039752173443e-13;0.0002422633427826174;0.010610056668277683,reported,4,0.11840049269003032,0.4912334496682047;0.29292606535658816;0.16004717695687135;0.11840049269003032,0.017020365082245727,True,1,brca,657,219,33,0.8735607547742125,True,9.0,0.24278357847785229,,all_real,estimation_moment_resampling,291,300,"[[-Infinity, Infinity]]",,all_real,estimation_moment_resampling,291,300,"[[-Infinity, Infinity]]"
CCNB1,6,14,GAPDH;INPP4B;BCL2;ASNS;MSH6;FOXM1,VHL;CDH1;TFRC;CTNNB1;TUBA1B;FN1;PTEN;SERPINE1;MYC;GAB2;EIF4EBP1;RPS6KB1;DIABLO;KDR,2,6,6,6,0.024378201598277655,0.03901371573204352,0.4,0.25,4.712250861604033e-148;1.4294129850142794e-66;1.1714712699690466e-42;1.7141481138181253e-21;5.892737414138457e-09;0.001335276929539908;0.21256765341366338,1.5439841811616793e-128;5.107920456618338e-62;1.5827233774168232e-38;4.329937340178488e-23;1.9583937197520344e-12;7.599731107795581e-07,reported,6,0.19326043265736267,0.6530796416382582;0.44458589463259585;0.3723634978191923;0.3134610373681784;0.2345477430392202;0.19326043265736267,0.018278974701716785,True,1,brca,657,219,33,0.8503329585258559,True,9.0,0.35464269532165593,,all_real,estimation_moment_resampling,291,300,"[[-Infinity, Infinity]]",,all_real,estimation_moment_resampling,291,300,"[[-Infinity, Infinity]]"
TFRC,2,4,BCL2;EEF2,VHL;TUBA1B;PDCD4;EIF4EBP1,2,2,2,2,0.07440615223350948,0.03901371573204352,0.2,0.15,1.557182920101587e-14;0.0006672311039640549;0.2229504866473422,2.034201556815507e-08;7.215365425982354e-06,reported,2,0.17511435312255053,0.18064537669671127;0.17511435312255053,0.05442767477242887,True,1,brca,657,219,33,0.8420061612832513,True,9.0,0.3494140131482165,,all_real,estimation_moment_resampling,291,300,"[[-Infinity, Infinity]]",,all_real,estimation_moment_resampling,291,300,"[[-Infinity, Infinity]]"
KIT,2,3,MYH11;RPS6KB1,TFRC;PTEN;GAB2,2,2,2,2,0.047552895932157384,0.03901371573204352,0.4,0.2,1.5729281382170834e-31;0.0011191508227785605;0.8246355135346184,1.1891842052107788e-20;0.006727440354561771,reported,2,0.10628200470737101,0.3646962305021685;0.10628200470737101,0.03862479037324515,True,1,brca,657,219,33,0.8097462515891237,True,10.0,0.3764929444858852,,all_real,estimation_moment_resampling,290,300,"[[-Infinity, Infinity]]",,all_real,estimation_moment_resampling,290,300,"[[-Infinity, Infinity]]"
RBM15,7,14,CAV1;COL6A1;SYK;RPS6;MSH6;EEF2;EIF4G1,VHL;CDH1;TFRC;CTNNB1;TUBA1B;FN1;PTEN;SERPINE1;MYC;GAB2;EIF4EBP1;RPS6KB1;DIABLO;KDR,2,7,7,7,0.008380245487995926,0.03901371573204352,0.4,0.25,5.065148857735571e-205;1.498467022838853e-87;1.8506053019504255e-55;9.640005587129991e-35;7.900618463313453e-20;6.757780064593524e-08;0.00904696413555025;0.2531999660490437,2.2604002104066582e-129;4.244149060384649e-78;1.4729248820111487e-53;5.726083069284364e-35;1.7906021906111772e-19;1.1612810871097579e-08;0.028353541375762986,reported,7,0.08639736696133883,0.6032728925704789;0.46004993840312663;0.4087473538054544;0.3729258415934333;0.314519160460569;0.2396779681313541;0.08639736696133883,0.008925229231965781,True,1,brca,657,219,33,0.8075695883533925,True,9.0,0.37002475160636383,,all_real,estimation_moment_resampling,291,300,"[[-Infinity, Infinity]]",,all_real,estimation_moment_resampling,291,300,"[[-Infinity, Infinity]]"
STAT5A,5,4,SYK;ATM;GAB2;TP53;BAP1,VHL;TUBA1B;PDCD4;EIF4EBP1,2,4,4,3,0.014889290011878371,0.03901371573204352,0.2,0.15,1.2171554706359007e-48;4.623294358642275e-25;8.639802804162948e-06;0.0026075229827670324,3.3429835886103476e-34;2.7620345114195372e-12;0.0001584425400988982;0.06290613252206682,conditional_information_dimension,4,0.09248576450581227,0.43023786733055763;0.2839132170078581;0.18019996766114846;0.09248576450581227,0.014889290011878371,False,0,brca,657,219,33,0.8073170226485182,False,,,,all_real,discovery_conditional_information_dimension,0,0,"[[-Infinity, Infinity]]",,all_real,discovery_conditional_information_dimension,0,0,"[[-Infinity, Infinity]]"
ACACA,2,57,FASN;SQSTM1,ESR1;MYH11;VHL;CDH1;GATA3;GAPDH;INPP4B;CLDN7;CAV1;ERBB2;IGFBP2;HSPA1A;COL6A1;AR;PREX1;CCNB1;TFRC;KIT;RBM15;STAT5A;CTNNB1;SYK;TUBA1B;RPS6;FN1;CCNE1;CASP7;ETS1;PDCD4;ANXA1;BCL2;PTEN;ATM;SERPINE1;RICTOR;BRAF;ASNS;RAB25;MYC;GAB2;MSH6;EIF4EBP1;BCL2L11;FOXM1;RPS6KB1;TP53BP1;EEF2K;LCK;DIABLO;KDR;EEF2;TP53;BAP1;ERBB3;MSH2;CHEK2;EIF4G1,2,3,3,2,,0.03901371573204352,0.2,0.2,2.1064497105176764e-102;1.770332576713647e-27;1.1538406962632144e-11,4.0972977779100365e-68;3.0156309332135823e-16,proxy_dimensions,3,,,,,0,brca,657,219,33,0.8038134697881081,False,,,,all_real,discovery_proxy_dimensions,0,0,"[[-Infinity, Infinity]]",,all_real,discovery_proxy_dimensions,0,0,"[[-Infinity, Infinity]]"
CTNNB1,2,4,CDH1;EEF2,VHL;TUBA1B;PDCD4;EIF4EBP1,2,2,2,2,0.068180873928567,0.03901371573204352,0.2,0.15,1.3724702142134212e-20;7.53816322524489e-08;0.1810072091578567,3.636881968478095e-11;0.000678850560257317,reported,2,0.1330456007578961,0.25429616792401677;0.1330456007578961,0.05448257521336055,True,1,brca,657,219,33,0.8006078251365898,True,12.0,0.3202346534305549,,all_real,estimation_moment_resampling,288,300,"[[-Infinity, Infinity]]",,all_real,estimation_moment_resampling,288,300,"[[-Infinity, Infinity]]"
SYK,4,20,RBM15;STAT5A;ATM;LCK,VHL;FASN;CDH1;ACACA;CTNNB1;TUBA1B;PDCD4;SQSTM1;PTEN;BRAF;RAB25;MYC;GAB2;EIF4EBP1;RPS6KB1;EEF2K;DIABLO;KDR;ERBB3;EIF4G1,2,5,5,4,,0.03901371573204352,0.2,0.2,1.2172907054910384e-196;5.3646717732723785e-73;7.2317270298874775e-37;1.0469847188956322e-14;0.002838277109858061,3.3742499337823257e-159;8.967063682402957e-45;5.725987486330923e-18;4.302596322382376e-06,proxy_dimensions,5,,,,,0,brca,657,219,33,0.7969078453441032,False,,,,all_real,discovery_proxy_dimensions,0,0,"[[-Infinity, Infinity]]",,all_real,discovery_proxy_dimensions,0,0,"[[-Infinity, Infinity]]"
TUBA1B,1,3,EIF4G1,TFRC;PTEN;GAB2,2,2,2,1,,0.03901371573204352,0.4,0.2,4.905476684989256e-46;0.014671048568565827,3.159998528503486e-36,proxy_dimensions,2,,,,,0,brca,657,219,33,0.7774899418676058,False,,,,all_real,discovery_proxy_dimensions,0,0,"[[-Infinity, Infinity]]",,all_real,discovery_proxy_dimensions,0,0,"[[-Infinity, Infinity]]"
RPS6,3,4,MYH11;RBM15;BAP1,VHL;TUBA1B;PDCD4;EIF4EBP1,2,3,3,2,0.004411793914354774,0.03901371573204352,0.2,0.15,6.681644130086526e-41;9.191150184718703e-19;2.8203954640974386e-06;0.06722409563375081,3.262434235226464e-24;6.681396550656297e-12;0.6587116174956917,conditional_information_dimension,3,0.017383581218473786,0.330050214996162;0.29333827130193485;0.017383581218473786,0.017169669837671653,False,0,brca,657,219,33,0.7731334741247505,False,,,,all_real,discovery_conditional_information_dimension,0,0,"[[-Infinity, Infinity]]",,all_real,discovery_conditional_information_dimension,0,0,"[[-Infinity, Infinity]]"
FN1,3,4,HSPA1A;SERPINE1;BAP1,VHL;TUBA1B;PDCD4;EIF4EBP1,2,4,4,2,,0.03901371573204352,0.2,0.15,4.4558293736347926e-44;3.8256285474272003e-17;0.0003869434278233717;0.02120974542548104,4.926176030852795e-42;1.5638656194911105e-14;0.057607550819341616,proxy_dimensions,4,,,,,0,brca,657,219,33,0.768285049233005,False,,,,all_real,discovery_proxy_dimensions,0,0,"[[-Infinity, Infinity]]",,all_real,discovery_proxy_dimensions,0,0,"[[-Infinity, Infinity]]"
CCNE1,4,14,ESR1;FOXM1;TP53;MSH2,VHL;CDH1;TFRC;CTNNB1;TUBA1B;FN1;PTEN;SERPINE1;MYC;GAB2;EIF4EBP1;RPS6KB1;DIABLO;KDR,2,5,5,4,,0.03901371573204352,0.4,0.25,1.1662771004788374e-86;1.3999209179062042e-39;1.2085285957117292e-17;1.533053103833164e-07;0.0006727179959447161,3.958351528031311e-68;3.8540012326483745e-25;5.249089937451978e-14;0.0004528988686495326,proxy_dimensions,5,,,,,0,brca,657,219,33,0.747261250897606,False,,,,all_real,discovery_proxy_dimensions,0,0,"[[-Infinity, Infinity]]",,all_real,discovery_proxy_dimensions,0,0,"[[-Infinity, Infinity]]"
CASP7,3,14,ASNS;LCK;ERBB3,VHL;CDH1;TFRC;CTNNB1;TUBA1B;FN1;PTEN;SERPINE1;MYC;GAB2;EIF4EBP1;RPS6KB1;DIABLO;KDR,2,4,4,3,,0.03901371573204352,0.4,0.25,4.7066351726376386e-57;5.421478614391596e-26;1.0223165232939425e-07;0.0022825728994432058,2.140941565302683e-44;1.8172100157532718e-14;0.0004741607689020922,proxy_dimensions,4,,,,,0,brca,657,219,33,0.7370327804200368,False,,,,all_real,discovery_proxy_dimensions,0,0,"[[-Infinity, Infinity]]",,all_real,discovery_proxy_dimensions,0,0,"[[-Infinity, Infinity]]"
ETS1,3,4,HSPA1A;LCK;EEF2,VHL;TUBA1B;PDCD4;EIF4EBP1,2,3,3,3,0.032626733142992775,0.03901371573204352,0.2,0.15,3.5301788568306367e-31;0.00138881244243646;0.03506521234084451;0.848119813241799,7.696635228084882e-25;0.00035258772602825766;0.001885385815416746,reported,3,0.12186272454314871,0.4039733279739481;0.13061034842825558;0.12186272454314871,0.029468640216334344,True,1,brca,657,219,33,0.690220927019999,True,8.0,0.37453439105162306,,all_real,estimation_moment_resampling,292,300,"[[-Infinity, Infinity]]",,all_real,estimation_moment_resampling,292,300,"[[-Infinity, Infinity]]"
PDCD4,1,3,ATM,TFRC;PTEN;GAB2,2,2,2,1,,0.03901371573204352,0.4,0.2,7.638755489849372e-10;0.003510865767771714,8.265155330556607e-08,proxy_dimensions,2,,,,,0,brca,657,219,33,0.688402598397214,False,,,,all_real,discovery_proxy_dimensions,0,0,"[[-Infinity, Infinity]]",,all_real,discovery_proxy_dimensions,0,0,"[[-Infinity, Infinity]]"
ANXA1,4,20,ESR1;GATA3;TP53BP1;LCK,VHL;FASN;CDH1;ACACA;CTNNB1;TUBA1B;PDCD4;SQSTM1;PTEN;BRAF;RAB25;MYC;GAB2;EIF4EBP1;RPS6KB1;EEF2K;DIABLO;KDR;ERBB3;EIF4G1,2,5,5,4,,0.03901371573204352,0.2,0.2,2.3347041463811895e-172;1.646737117326143e-85;4.9616513952755404e-37;3.076891373020235e-14;1.978097044531555e-05,9.13040966448789e-139;3.19644889954081e-78;3.821814028142532e-31;1.1398421845086227e-10,proxy_dimensions,5,,,,,0,brca,657,219,33,0.6864855730610759,False,,,,all_real,discovery_proxy_dimensions,0,0,"[[-Infinity, Infinity]]",,all_real,discovery_proxy_dimensions,0,0,"[[-Infinity, Infinity]]"
BCL2,4,14,ESR1;ERBB2;CCNB1;BCL2L11,VHL;CDH1;TFRC;CTNNB1;TUBA1B;FN1;PTEN;SERPINE1;MYC;GAB2;EIF4EBP1;RPS6KB1;DIABLO;KDR,2,5,5,4,,0.03901371573204352,0.4,0.25,2.114228263240888e-89;5.6132366416052975e-33;8.359308523133712e-13;0.00013061116548445767;0.007604317255026278,4.807425776601009e-76;4.073717166225844e-23;5.9431724033300465e-09;0.009094158885821074,proxy_dimensions,5,,,,,0,brca,657,219,33,0.6717432277024117,False,,,,all_real,discovery_proxy_dimensions,0,0,"[[-Infinity, Infinity]]",,all_real,discovery_proxy_dimensions,0,0,"[[-Infinity, Infinity]]"
SQSTM1,3,4,MYH11;CLDN7;ACACA,VHL;TUBA1B;PDCD4;EIF4EBP1,2,4,4,3,,0.03901371573204352,0.2,0.15,3.3531286654740636e-34;8.76162401705012e-14;0.013691356489237699;0.03070304568127173,5.1297201426812426e-27;4.757534729934643e-06;0.02518582987444906,proxy_dimensions,4,,,,,0,brca,657,219,33,0.6693449497592027,False,,,,all_real,discovery_proxy_dimensions,0,0,"[[-Infinity, Infinity]]",,all_real,discovery_proxy_dimensions,0,0,"[[-Infinity, Infinity]]"
PTEN,2,4,RBM15;BRAF,VHL;TUBA1B;PDCD4;EIF4EBP1,2,2,2,2,0.029148952166230327,0.03901371573204352,0.2,0.15,2.4468347627310755e-36;0.0126786278410438;0.6948736066175139,4.678794663036346e-38;0.03205847034319181,reported,2,0.08415977487237668,0.4886037528208474;0.08415977487237668,0.02301263674455781,True,1,brca,657,219,33,0.6595589408245356,True,31.0,0.1424571353674943,,all_real,estimation_moment_resampling,269,300,"[[-Infinity, Infinity]]",,all_real,estimation_moment_resampling,269,300,"[[-Infinity, Infinity]]"
ATM,4,14,STAT5A;SYK;PDCD4;LCK,VHL;CDH1;TFRC;CTNNB1;TUBA1B;FN1;PTEN;SERPINE1;MYC;GAB2;EIF4EBP1;RPS6KB1;DIABLO;KDR,2,5,5,4,,0.03901371573204352,0.4,0.25,2.3780168321273635e-105;1.3007162406785036e-47;3.991440701489777e-22;6.520789924986921e-09;0.00018588907934822334,3.2482693635813614e-95;2.8583155621316076e-42;3.133180894094066e-20;1.3545723279033242e-06,proxy_dimensions,5,,,,,0,brca,657,219,33,0.6520230992007148,False,,,,all_real,discovery_proxy_dimensions,0,0,"[[-Infinity, Infinity]]",,all_real,discovery_proxy_dimensions,0,0,"[[-Infinity, Infinity]]"
SERPINE1,3,3,FN1;ANXA1;EEF2K,TFRC;PTEN;GAB2,2,2,2,2,0.0525729549000359,0.03901371573204352,0.4,0.2,2.579150596097591e-10;0.03812398207032361;0.953369716976344,2.7354749975246643e-11;0.0020714971919600224,reported,2,0.1376578445195173,0.26948596805560576;0.1376578445195173,0.04354453102620242,True,1,brca,657,219,33,0.648491980599786,True,7.0,0.37612417521882147,-4.367594016813676,all_real,estimated,293,300,"[[-Infinity, Infinity]]",-0.2378838572296394,all_real,estimated,293,300,"[[-Infinity, Infinity]]"
RICTOR,1,4,MYH11,VHL;TUBA1B;PDCD4;EIF4EBP1,2,2,2,1,,0.03901371573204352,0.2,0.15,1.478036793235006e-14;0.00036049406895705745,5.250752295462054e-13,proxy_dimensions,2,,,,,0,brca,657,219,33,0.6447890308374328,False,,,,all_real,discovery_proxy_dimensions,0,0,"[[-Infinity, Infinity]]",,all_real,discovery_proxy_dimensions,0,0,"[[-Infinity, Infinity]]"
BRAF,2,4,PTEN;EIF4G1,VHL;TUBA1B;PDCD4;EIF4EBP1,2,2,2,1,0.008641153702913604,0.03901371573204352,0.2,0.15,6.567080951091054e-39;7.777225534480206e-07;0.39157833033272965,1.2886653299491086e-15;0.5877265967422055,conditional_information_dimension,2,0.021319281263741826,0.3322051338231232;0.021319281263741826,0.018580784798363052,False,0,brca,657,219,33,0.637619081467956,False,,,,all_real,discovery_conditional_information_dimension,0,0,"[[-Infinity, Infinity]]",,all_real,discovery_conditional_information_dimension,0,0,"[[-Infinity, Infinity]]"
ASNS,5,14,GATA3;INPP4B;CCNB1;CASP7;EEF2K,VHL;CDH1;TFRC;CTNNB1;TUBA1B;FN1;PTEN;SERPINE1;MYC;GAB2;EIF4EBP1;RPS6KB1;DIABLO;KDR,2,6,6,5,,0.03901371573204352,0.4,0.25,3.087437255848661e-115;5.300510663777105e-48;8.998150542490437e-22;4.377713253615324e-10;0.00126038473130462;0.012620397550281076,1.5352855244913192e-94;5.2986447642932965e-33;4.131846789375532e-17;1.6461006647180892e-06;0.010621900902512237,proxy_dimensions,6,,,,,0,brca,657,219,33,0.6251434625348218,False,,,,all_real,discovery_proxy_dimensions,0,0,"[[-Infinity, Infinity]]",,all_real,discovery_proxy_dimensions,0,0,"[[-Infinity, Infinity]]"
RAB25,2,4,HSPA1A;GAB2,VHL;TUBA1B;PDCD4;EIF4EBP1,2,2,2,2,0.08186634094494762,0.03901371573204352,0.2,0.15,4.6376675970970715e-40;1.3366577628091078e-07;0.2888666142474804,6.574421237177293e-33;1.7306446475608828e-06,reported,2,0.1864435953500051,0.43278525382311295;0.1864435953500051,0.06056197639848173,True,1,brca,657,219,33,0.6144242263438542,True,9.0,0.3690537029635001,,all_real,estimation_moment_resampling,291,300,"[[-Infinity, Infinity]]",,all_real,estimation_moment_resampling,291,300,"[[-Infinity, Infinity]]"
MYC,2,4,HSPA1A;DIABLO,VHL;TUBA1B;PDCD4;EIF4EBP1,2,2,2,2,0.1016562575414871,0.03901371573204352,0.2,0.15,3.567685851218435e-31;4.009661202927432e-09;0.9829787720190792,1.4399988089278894e-30;4.647980105785718e-10,reported,2,0.2414100709220252,0.3909181993747151;0.2414100709220252,0.07610903303737741,True,1,brca,657,219,33,0.6080993461882302,True,8.0,0.31990892920566166,,all_real,estimation_moment_resampling,292,300,"[[-Infinity, Infinity]]",,all_real,estimation_moment_resampling,292,300,"[[-Infinity, Infinity]]"
GAB2,2,4,STAT5A;RAB25,VHL;TUBA1B;PDCD4;EIF4EBP1,2,3,3,2,,0.03901371573204352,0.2,0.15,6.941055972073712e-35;5.790469707020594e-11;0.0009502009603142062,5.4832584992309265e-25;6.044743248143295e-08,proxy_dimensions,3,,,,,0,brca,657,219,33,0.5999939798227957,False,,,,all_real,discovery_proxy_dimensions,0,0,"[[-Infinity, Infinity]]",,all_real,discovery_proxy_dimensions,0,0,"[[-Infinity, Infinity]]"
MSH6,4,14,CCNB1;RBM15;MSH2;EIF4G1,VHL;CDH1;TFRC;CTNNB1;TUBA1B;FN1;PTEN;SERPINE1;MYC;GAB2;EIF4EBP1;RPS6KB1;DIABLO;KDR,2,5,5,4,,0.03901371573204352,0.4,0.25,6.593102510868939e-159;2.0298420817172439e-53;1.6041485333362736e-26;1.995965791804626e-12;1.9915602849971438e-06,2.2615385690446577e-105;2.0791519688014572e-38;2.033609431624729e-20;4.237742267315227e-06,proxy_dimensions,5,,,,,0,brca,657,219,33,0.5982918939942329,False,,,,all_real,discovery_proxy_dimensions,0,0,"[[-Infinity, Infinity]]",,all_real,discovery_proxy_dimensions,0,0,"[[-Infinity, Infinity]]"
EIF4EBP1,1,3,CCNB1,TFRC;PTEN;GAB2,2,1,1,1,0.25266140562129463,0.03901371573204352,0.4,0.2,3.0255039858733326e-11;0.4846325536126922,6.337935945508621e-11,reported,1,0.25266140562129463,0.25266140562129463,0.14819697575109092,True,1,brca,657,219,33,0.5818704135249004,True,8.0,0.37226263028806866,,all_real,estimation_moment_resampling,292,300,"[[-Infinity, Infinity]]",,all_real,estimation_moment_resampling,292,300,"[[-Infinity, Infinity]]"
BCL2L11,3,14,ESR1;BCL2;BRAF,VHL;CDH1;TFRC;CTNNB1;TUBA1B;FN1;PTEN;SERPINE1;MYC;GAB2;EIF4EBP1;RPS6KB1;DIABLO;KDR,2,4,4,3,,0.03901371573204352,0.4,0.25,1.0847999541575082e-95;1.4799185763251388e-32;3.0685021390721704e-12;0.00013257803750149676,6.283585173805013e-68;2.333816263290681e-20;4.422146571322428e-05,proxy_dimensions,4,,,,,0,brca,657,219,33,0.5591176932621504,False,,,,all_real,discovery_proxy_dimensions,0,0,"[[-Infinity, Infinity]]",,all_real,discovery_proxy_dimensions,0,0,"[[-Infinity, Infinity]]"
FOXM1,6,14,ESR1;CCNB1;CCNE1;TP53;BAP1;MSH2,VHL;CDH1;TFRC;CTNNB1;TUBA1B;FN1;PTEN;SERPINE1;MYC;GAB2;EIF4EBP1;RPS6KB1;DIABLO;KDR,2,7,7,5,,0.03901371573204352,0.4,0.25,2.581617714460486e-150;7.275652014887757e-61;9.496630531430196e-38;8.393245891703883e-21;5.912900330356023e-07;0.00019570486993659037;0.03587876998433175,2.083292425365052e-142;4.262677528046298e-52;4.3019902664634286e-30;4.374647217655733e-14;9.571220181637541e-05;0.05446919890595077,proxy_dimensions,7,,,,,0,brca,657,219,33,0.5533797820014372,False,,,,all_real,discovery_proxy_dimensions,0,0,"[[-Infinity, Infinity]]",,all_real,discovery_proxy_dimensions,0,0,"[[-Infinity, Infinity]]"
RPS6KB1,1,4,CHEK2,VHL;TUBA1B;PDCD4;EIF4EBP1,2,2,2,1,,0.03901371573204352,0.2,0.15,1.8353208175651003e-25;0.00019144958885930515,9.93562181006018e-21,proxy_dimensions,2,,,,,0,brca,657,219,33,0.5459684763188876,False,,,,all_real,discovery_proxy_dimensions,0,0,"[[-Infinity, Infinity]]",,all_real,discovery_proxy_dimensions,0,0,"[[-Infinity, Infinity]]"
TP53BP1,4,3,ESR1;GATA3;ANXA1;TP53,TFRC;PTEN;GAB2,2,3,3,2,0.012240598937194978,0.03901371573204352,0.4,0.2,8.021824301168641e-35;3.2185505909954167e-12;0.007424083304563671,1.677536324803618e-21;0.008019378413428474;0.392419059307715,conditional_information_dimension,3,0.05381765573094033,0.39673940117659146;0.1540824632059204;0.05381765573094033,0.012240598937194983,False,0,brca,657,219,33,0.5336248953965055,False,,,,all_real,discovery_conditional_information_dimension,0,0,"[[-Infinity, Infinity]]",,all_real,discovery_conditional_information_dimension,0,0,"[[-Infinity, Infinity]]"
EEF2K,2,3,SERPINE1;ASNS,TFRC;PTEN;GAB2,2,2,2,1,0.02891821412317344,0.03901371573204352,0.4,0.2,6.764197064772483e-17;1.5965136069671243e-06;0.812040020025638,2.3400955611468563e-08;0.16000332899415715,conditional_information_dimension,2,0.05521781979268999,0.24290308004155467;0.05521781979268999,0.02424427526491975,False,0,brca,657,219,33,0.5280278707177544,False,,,,all_real,discovery_conditional_information_dimension,0,0,"[[-Infinity, Infinity]]",,all_real,discovery_conditional_information_dimension,0,0,"[[-Infinity, Infinity]]"
LCK,6,14,COL6A1;SYK;CASP7;ETS1;ANXA1;ATM,VHL;CDH1;TFRC;CTNNB1;TUBA1B;FN1;PTEN;SERPINE1;MYC;GAB2;EIF4EBP1;RPS6KB1;DIABLO;KDR,2,7,7,6,,0.03901371573204352,0.4,0.25,1.2687659244549615e-159;3.2982701002451805e-81;4.085987169571336e-48;6.648709776664137e-30;9.153143921267858e-16;4.728704795399169e-07;0.0007732459636896471,5.465094005113307e-130;1.618147287595313e-66;2.259034929644447e-33;2.9795485190507197e-19;2.600618616645325e-07;0.00022965410145201018,proxy_dimensions,7,,,,,0,brca,657,219,33,0.5199374134403929,False,,,,all_real,discovery_proxy_dimensions,0,0,"[[-Infinity, Infinity]]",,all_real,discovery_proxy_dimensions,0,0,"[[-Infinity, Infinity]]"
DIABLO,1,58,MYC,ESR1;MYH11;VHL;FASN;CDH1;GATA3;GAPDH;INPP4B;CLDN7;CAV1;ERBB2;IGFBP2;HSPA1A;COL6A1;AR;PREX1;CCNB1;TFRC;KIT;RBM15;STAT5A;ACACA;CTNNB1;SYK;TUBA1B;RPS6;FN1;CCNE1;CASP7;ETS1;PDCD4;ANXA1;BCL2;SQSTM1;PTEN;ATM;SERPINE1;RICTOR;BRAF;ASNS;RAB25;GAB2;MSH6;EIF4EBP1;BCL2L11;FOXM1;RPS6KB1;TP53BP1;EEF2K;LCK;KDR;EEF2;TP53;BAP1;ERBB3;MSH2;CHEK2;EIF4G1,2,2,2,1,,0.03901371573204352,0.2,0.2,7.02386198011694e-100;6.710103701536566e-18,6.861037487381378e-34,proxy_dimensions,2,,,,,0,brca,657,219,33,0.510656031298874,False,,,,all_real,discovery_proxy_dimensions,0,0,"[[-Infinity, Infinity]]",,all_real,discovery_proxy_dimensions,0,0,"[[-Infinity, Infinity]]"
KDR,1,4,LCK,VHL;TUBA1B;PDCD4;EIF4EBP1,2,2,2,1,,0.03901371573204352,0.2,0.15,2.564118893156143e-21;0.00723436326789116,3.5007773270032487e-10,proxy_dimensions,2,,,,,0,brca,657,219,33,0.5050716150680505,False,,,,all_real,discovery_proxy_dimensions,0,0,"[[-Infinity, Infinity]]",,all_real,discovery_proxy_dimensions,0,0,"[[-Infinity, Infinity]]"
EEF2,3,20,ESR1;GAPDH;TFRC,VHL;FASN;CDH1;ACACA;CTNNB1;TUBA1B;PDCD4;SQSTM1;PTEN;BRAF;RAB25;MYC;GAB2;EIF4EBP1;RPS6KB1;EEF2K;DIABLO;KDR;ERBB3;EIF4G1,2,4,4,3,,0.03901371573204352,0.2,0.2,3.801759406602689e-130;7.184316915776017e-56;1.6788603784406567e-13;0.020485284915896726,8.173569745041706e-84;6.1774105908589245e-25;0.007304552751601754,proxy_dimensions,4,,,,,0,brca,657,219,33,0.4987101567543506,False,,,,all_real,discovery_proxy_dimensions,0,0,"[[-Infinity, Infinity]]",,all_real,discovery_proxy_dimensions,0,0,"[[-Infinity, Infinity]]"
TP53,3,20,STAT5A;CCNE1;FOXM1,VHL;FASN;CDH1;ACACA;CTNNB1;TUBA1B;PDCD4;SQSTM1;PTEN;BRAF;RAB25;MYC;GAB2;EIF4EBP1;RPS6KB1;EEF2K;DIABLO;KDR;ERBB3;EIF4G1,2,4,4,3,,0.03901371573204352,0.2,0.2,1.1307018032461361e-87;2.2509555404096172e-39;2.243345314591199e-10;0.005801838164761185,6.912915349564673e-68;1.2393497068797854e-26;1.3986672522680228e-05,proxy_dimensions,4,,,,,0,brca,657,219,33,0.48778856465922865,False,,,,all_real,discovery_proxy_dimensions,0,0,"[[-Infinity, Infinity]]",,all_real,discovery_proxy_dimensions,0,0,"[[-Infinity, Infinity]]"
BAP1,6,20,MYH11;CLDN7;RPS6;FN1;FOXM1;MSH2,VHL;FASN;CDH1;ACACA;CTNNB1;TUBA1B;PDCD4;SQSTM1;PTEN;BRAF;RAB25;MYC;GAB2;EIF4EBP1;RPS6KB1;EEF2K;DIABLO;KDR;ERBB3;EIF4G1,2,6,6,6,0.014671555208567956,0.03901371573204352,0.2,0.2,1.8228442165038637e-218;1.3415512585524745e-91;3.337262152029655e-44;3.648711001349702e-25;1.9199498061435602e-11;0.0013251286050516868;0.10947223866172237,1.4788462613497826e-141;1.469323259740099e-71;2.1573353839603677e-40;4.097093675655183e-25;1.8249225030783866e-11;0.0008385999102531984,reported,6,0.13118755336108012,0.6638471045503077;0.49315362567507837;0.37112648403955073;0.3439660077516546;0.26019685946558413;0.13118755336108012,0.013450858149347131,True,2,brca,657,219,33,0.47614584796839154,True,84.0,0.09558531718368729,,all_real,estimation_moment_resampling,216,300,"[[-Infinity, Infinity]]",,all_real,estimation_moment_resampling,216,300,"[[-Infinity, Infinity]]"
ERBB3,1,14,CASP7,VHL;CDH1;TFRC;CTNNB1;TUBA1B;FN1;PTEN;SERPINE1;MYC;GAB2;EIF4EBP1;RPS6KB1;DIABLO;KDR,2,2,2,1,,0.03901371573204352,0.4,0.25,1.579446977297008e-16;0.0008248587446345641,4.0157446379026723e-13,proxy_dimensions,2,,,,,0,brca,657,219,33,0.4705395984085283,False,,,,all_real,discovery_proxy_dimensions,0,0,"[[-Infinity, Infinity]]",,all_real,discovery_proxy_dimensions,0,0,"[[-Infinity, Infinity]]"
MSH2,5,20,CCNE1;MSH6;FOXM1;BAP1;CHEK2,VHL;FASN;CDH1;ACACA;CTNNB1;TUBA1B;PDCD4;SQSTM1;PTEN;BRAF;RAB25;MYC;GAB2;EIF4EBP1;RPS6KB1;EEF2K;DIABLO;KDR;ERBB3;EIF4G1,2,6,6,5,,0.03901371573204352,0.2,0.2,8.681432361515432e-191;1.241343531101644e-80;4.34405243601819e-39;4.335920445052533e-18;0.0002979115424347711;0.035579320786140956,2.4613756856949376e-149;1.6424952685069343e-65;1.5527067333114542e-29;6.791527073593707e-10;0.008096559280189973,proxy_dimensions,6,,,,,0,brca,657,219,33,0.45416341993542503,False,,,,all_real,discovery_proxy_dimensions,0,0,"[[-Infinity, Infinity]]",,all_real,discovery_proxy_dimensions,0,0,"[[-Infinity, Infinity]]"
CHEK2,3,4,RPS6KB1;EEF2;MSH2,VHL;TUBA1B;PDCD4;EIF4EBP1,2,2,2,1,0.017736931706106955,0.03901371573204352,0.2,0.15,5.734036384334404e-26;0.00012307492826602842;0.6032334808778508;0.6411083546440965,1.059829464175357e-08;0.41606244561503425,conditional_information_dimension,2,0.05206957158661803,0.2634894301806396;0.05206957158661803,0.016323036360890074,False,0,brca,657,219,33,0.44545075104953075,False,,,,all_real,discovery_conditional_information_dimension,0,0,"[[-Infinity, Infinity]]",,all_real,discovery_conditional_information_dimension,0,0,"[[-Infinity, Infinity]]"
EIF4G1,3,14,COL6A1;RBM15;MSH6,VHL;CDH1;TFRC;CTNNB1;TUBA1B;FN1;PTEN;SERPINE1;MYC;GAB2;EIF4EBP1;RPS6KB1;DIABLO;KDR,2,4,4,3,,0.03901371573204352,0.4,0.25,4.746512118226003e-159;8.550998914389849e-46;1.1926074319880455e-17;2.5784559906133575e-06,2.193112197469645e-80;1.4823466092236674e-41;1.113355973140772e-13,proxy_dimensions,4,,,,,0,brca,657,219,33,0.44026595472368124,False,,,,all_real,discovery_proxy_dimensions,0,0,"[[-Infinity, Infinity]]",,all_real,discovery_proxy_dimensions,0,0,"[[-Infinity, Infinity]]"
