exposure,nZ,nW,Z,W,r_pca,r_bridge,r_joint,r_signal,nu,rank_test_level,window_fraction,alpha,joint_pvalues,conditional_pvalues,status,r_grid,conditional_root,conditional_roots,nu_raw,conditional_rank_agreement,eligible_designs,study,n_discovery,n_estimation,estimation_events,exposure_sd,design_ready,reason,rmst_estimate,rmst_kind,rmst_status,rmst_boot_success,rmst_boot_attempts,rmst_intervals,survival_estimate,survival_kind,survival_status,survival_boot_success,survival_boot_attempts,survival_intervals
RICTOR,4,12,CAV1;RBM15;COL6A1;PRKCA,MYH11;IGFBP2;PTEN;ATM;SYK;TSC1;RAB25;ANXA1;TP53;SQSTM1;CCNE2;TGM2,1,4,4,4,0.02248764424806562,0.05,0.2,0.15,1.8884606170458357e-94;8.635228757477225e-36;8.059451701797214e-16;0.00010944760023115761;0.10581927637962961,1.5723498261322123e-79;3.3898941578169465e-28;2.662755900388534e-08;0.003090009602036142,reported,4,0.16191469100359498,0.7467998697873345;0.5347591309582809;0.30542203248555594;0.16191469100359498,0.024873588114165637,True,1,coadread,345,115,17,1.4998853152446199,True,Censoring positivity is below the reporting floor,,all_real,censoring_support,0,0,"[[-Infinity, Infinity]]",,all_real,censoring_support,0,0,"[[-Infinity, Infinity]]"
MYH11,1,12,EIF4G1,VHL;IGFBP2;PTEN;ATM;TUBA1B;SYK;TSC1;RAB25;RBM15;INPP4B;CCNE2;RAD50,1,2,2,1,,0.05,0.4,0.25,3.726989700258927e-45;1.394231136099334e-06,2.054620938915317e-42,proxy_dimensions,2,,,,,0,coadread,345,115,17,1.4697905166216778,False,,,all_real,discovery_proxy_dimensions,0,0,"[[-Infinity, Infinity]]",,all_real,discovery_proxy_dimensions,0,0,"[[-Infinity, Infinity]]"
VHL,2,12,RBM15;BRAF,MYH11;IGFBP2;PTEN;ATM;SYK;TSC1;RAB25;ANXA1;TP53;SQSTM1;CCNE2;TGM2,1,3,3,2,,0.05,0.2,0.15,9.494497624258155e-66;9.239194072251423e-14;0.00025181927816877325,2.1011772428296047e-58;8.861557954291752e-12,proxy_dimensions,3,,,,,0,coadread,345,115,17,1.21642147040517,False,,,all_real,discovery_proxy_dimensions,0,0,"[[-Infinity, Infinity]]",,all_real,discovery_proxy_dimensions,0,0,"[[-Infinity, Infinity]]"
CTNNB1,2,12,CDH1;ERBB2,MYH11;IGFBP2;PTEN;ATM;SYK;TSC1;RAB25;ANXA1;TP53;SQSTM1;CCNE2;TGM2,1,3,3,2,,0.05,0.2,0.15,5.847260512874297e-63;1.6907654938550796e-17;0.0005403206803508585,2.1474811427523197e-25;2.2019747762012392e-05,proxy_dimensions,3,,,,,0,coadread,345,115,17,1.1001556508999912,False,,,all_real,discovery_proxy_dimensions,0,0,"[[-Infinity, Infinity]]",,all_real,discovery_proxy_dimensions,0,0,"[[-Infinity, Infinity]]"
ETS1,7,12,ERBB2;EEF2;YBX1;COL6A1;BRAF;TGM2;MSH2,VHL;IGFBP2;PTEN;ATM;TUBA1B;SYK;TSC1;RAB25;RBM15;INPP4B;CCNE2;RAD50,1,7,7,6,0.006286253918062602,0.05,0.4,0.25,4.854393149213156e-120;2.2811466524543905e-66;1.998238056212847e-33;6.098064300687745e-17;2.003355374187213e-07;0.00822690525945816;0.036693897186008934;0.13991020438285015,1.9089017652076176e-102;1.0879620770558133e-48;4.634829511425483e-30;5.2702452134314407e-17;1.3357578311256092e-05;0.002009845396219024;0.08010839798103325,conditional_information_dimension,7,0.09662578810649228,0.7794334808356529;0.5605691430460994;0.48936793299140663;0.45632826738186966;0.2537509285856059;0.20379572642221763;0.09662578810649228,0.010300071277802147,False,0,coadread,345,115,17,0.9410134522552989,False,,,all_real,discovery_conditional_information_dimension,0,0,"[[-Infinity, Infinity]]",,all_real,discovery_conditional_information_dimension,0,0,"[[-Infinity, Infinity]]"
CDH1,5,16,CTNNB1;CLDN7;FN1;PDCD4;EEF2K,VHL;IGFBP2;PTEN;ATM;TUBA1B;TIGAR;SYK;TSC1;RAB25;RBM15;MYC;TP53;INPP4B;CCNE2;RAD50;SRC,1,5,5,4,0.016018964490962996,0.05,0.4,0.3,2.251260269779153e-75;6.954047532139473e-29;2.0984270195235195e-15;1.1262854891813654e-05;0.0076803486498567275;0.12140790637557297,1.1053312455417785e-46;9.137729726914193e-31;7.335950787485803e-15;1.0116865516099816e-05;0.12185366261697354,conditional_information_dimension,5,0.0852007143119731,0.5206933991649377;0.5080348507538289;0.40322077889118463;0.2761364053981813;0.0852007143119731,0.026268679873025575,False,0,coadread,345,115,17,0.9128901232049553,False,,,all_real,discovery_conditional_information_dimension,0,0,"[[-Infinity, Infinity]]",,all_real,discovery_conditional_information_dimension,0,0,"[[-Infinity, Infinity]]"
IGFBP2,1,2,TP53,TUBA1B;SYK,1,1,1,1,0.11356369910212338,0.05,0.4,0.2,7.78270624056914e-05;0.7786097708029855,0.03775448754784928,reported,1,0.11356369910212338,0.11356369910212338,0.077485143013574,True,1,coadread,345,115,17,0.9066068792235654,True,Censoring positivity is below the reporting floor,,all_real,censoring_support,0,0,"[[-Infinity, Infinity]]",,all_real,censoring_support,0,0,"[[-Infinity, Infinity]]"
CLDN7,3,20,CDH1;PXN;PDCD4,MYH11;VHL;IGFBP2;PTEN;ATM;TUBA1B;ASNS;SYK;TSC1;RAB25;ANXA1;MYC;TP53;SQSTM1;CCNE2;TGM2;KIT;RAD50;SRC;EIF4EBP1,1,4,4,3,,0.05,0.2,0.2,1.554547493183101e-76;4.854792035966082e-33;3.785768827246758e-11;0.0007122802034889804,6.373795663742827e-55;1.7877530209164672e-21;1.8604767718812757e-07,proxy_dimensions,4,,,,,0,coadread,345,115,17,0.9063005044710352,False,,,all_real,discovery_proxy_dimensions,0,0,"[[-Infinity, Infinity]]",,all_real,discovery_proxy_dimensions,0,0,"[[-Infinity, Infinity]]"
CASP7,2,12,GAPDH;PXN,VHL;IGFBP2;PTEN;ATM;TUBA1B;SYK;TSC1;RAB25;RBM15;INPP4B;CCNE2;RAD50,1,3,3,2,,0.05,0.4,0.25,4.552819363040745e-39;2.5500303357038196e-17;1.2968685239181852e-05,3.905769648143465e-34;1.1097871217031106e-11,proxy_dimensions,3,,,,,0,coadread,345,115,17,0.8639896451933821,False,,,all_real,discovery_proxy_dimensions,0,0,"[[-Infinity, Infinity]]",,all_real,discovery_proxy_dimensions,0,0,"[[-Infinity, Infinity]]"
SERPINE1,3,12,FN1;HSPA1A;TIGAR,MYH11;IGFBP2;PTEN;ATM;SYK;TSC1;RAB25;ANXA1;TP53;SQSTM1;CCNE2;TGM2,1,3,3,2,0.023903163083011277,0.05,0.2,0.15,1.5615536751257192e-43;1.584157240419623e-10;0.0013205862772689878;0.15791510375935616,9.000565788759683e-30;1.428262969588181e-08;0.09465836202527263,conditional_information_dimension,3,0.0917396439794075,0.5465443648233703;0.33576160311806746;0.0917396439794075,0.02719572762826856,False,0,coadread,345,115,17,0.8413372257378275,False,,,all_real,discovery_conditional_information_dimension,0,0,"[[-Infinity, Infinity]]",,all_real,discovery_conditional_information_dimension,0,0,"[[-Infinity, Infinity]]"
STAT5A,3,12,PXN;BRAF;AKT1,MYH11;IGFBP2;PTEN;ATM;SYK;TSC1;RAB25;ANXA1;TP53;SQSTM1;CCNE2;TGM2,1,4,4,3,,0.05,0.2,0.15,7.030726131868049e-69;9.703007721252766e-29;4.0892923769792145e-08;0.0003782687662616464,1.572914448246152e-41;3.5393900071872494e-18;6.539223598325045e-05,proxy_dimensions,4,,,,,0,coadread,345,115,17,0.8335832816474512,False,,,all_real,discovery_proxy_dimensions,0,0,"[[-Infinity, Infinity]]",,all_real,discovery_proxy_dimensions,0,0,"[[-Infinity, Infinity]]"
FN1,5,16,CDH1;SERPINE1;HSPA1A;ANXA1;COL6A1,VHL;IGFBP2;PTEN;ATM;TUBA1B;TIGAR;SYK;TSC1;RAB25;RBM15;MYC;TP53;INPP4B;CCNE2;RAD50;SRC,1,4,4,4,0.06478910475659873,0.05,0.4,0.3,1.6657406163220898e-88;8.974940882865707e-44;7.495312663560889e-24;9.653067431056726e-10;0.06361577620046993;0.31598544285470315,5.286995885170983e-84;6.505447961404681e-58;3.5458407018259414e-34;5.165942648581044e-16,reported,4,0.4389001337956741,0.6076447125621345;0.5777059194524392;0.5121536860984744;0.4389001337956741,0.04055635149476402,True,1,coadread,345,115,17,0.8289426160660549,True,Censoring positivity is below the reporting floor,,all_real,censoring_support,0,0,"[[-Infinity, Infinity]]",,all_real,censoring_support,0,0,"[[-Infinity, Infinity]]"
CAV1,6,12,RICTOR;COL6A1;BAP1;MSH2;KDR;KIT,MYH11;IGFBP2;PTEN;ATM;SYK;TSC1;RAB25;ANXA1;TP53;SQSTM1;CCNE2;TGM2,1,5,5,5,0.014724264914712008,0.05,0.2,0.15,2.2799816623084457e-101;3.3073838337644075e-36;2.6062685033643284e-15;4.588385526860931e-05;0.03905968147966248;0.16818864074804304;0.1963390910615801,1.2244506770283573e-87;4.796351120991268e-34;8.493379843514752e-18;2.2735093376208186e-06;0.02723908480542271,reported,5,0.1474128586429127,0.7684829758414721;0.5185290903359236;0.4461466617193683;0.291965560261778;0.1474128586429127,0.014724295232026601,True,1,coadread,345,115,17,0.8281012834774731,True,Censoring positivity is below the reporting floor,,all_real,censoring_support,0,0,"[[-Infinity, Infinity]]",,all_real,censoring_support,0,0,"[[-Infinity, Infinity]]"
CCNB1,8,16,TFRC;FASN;ASNS;MSH6;SQSTM1;FOXM1;PRKCA;CCNE1,VHL;IGFBP2;PTEN;ATM;TUBA1B;TIGAR;SYK;TSC1;RAB25;RBM15;MYC;TP53;INPP4B;CCNE2;RAD50;SRC,1,6,6,6,0.028898772437781498,0.05,0.4,0.3,1.670174842608319e-89;2.7152630833538476e-54;2.379033331441595e-32;5.4150658767793065e-14;1.6947019373795326e-06;0.0007978929861832322;0.0958069923100573;0.3652970298881441;0.5454732523555538,7.205666109861055e-87;4.391842520127452e-53;3.3770036263207374e-27;2.2385395325273045e-14;1.370014640713252e-08;0.00041721549088882153,reported,6,0.23229376906609575,0.6826983365486994;0.6229511159609532;0.4865908521149153;0.36360593314328954;0.3160151794144666;0.23229376906609575,0.02341048112903054,True,2,coadread,345,115,17,0.7663981358741496,True,Censoring positivity is below the reporting floor,,all_real,censoring_support,0,0,"[[-Infinity, Infinity]]",,all_real,censoring_support,0,0,"[[-Infinity, Infinity]]"
HSPA1A,2,20,SERPINE1;FN1,MYH11;VHL;IGFBP2;PTEN;ATM;TUBA1B;ASNS;SYK;TSC1;RAB25;ANXA1;MYC;TP53;SQSTM1;CCNE2;TGM2;KIT;RAD50;SRC;EIF4EBP1,1,3,3,2,,0.05,0.2,0.2,2.3595258066331492e-51;4.3903158132545003e-11;0.004006889007148487,1.3827253665291674e-28;1.922694612681244e-10,proxy_dimensions,3,,,,,0,coadread,345,115,17,0.75734857065065,False,,,all_real,discovery_proxy_dimensions,0,0,"[[-Infinity, Infinity]]",,all_real,discovery_proxy_dimensions,0,0,"[[-Infinity, Infinity]]"
GAPDH,2,12,CASP7;EEF2,VHL;IGFBP2;PTEN;ATM;TUBA1B;SYK;TSC1;RAB25;RBM15;INPP4B;CCNE2;RAD50,1,3,3,2,,0.05,0.4,0.25,2.9138688901159026e-46;5.405911509066595e-08;0.04575739970500745,1.0164356390762658e-28;4.5007626340473686e-05,proxy_dimensions,3,,,,,0,coadread,345,115,17,0.7350802552765641,False,,,all_real,discovery_proxy_dimensions,0,0,"[[-Infinity, Infinity]]",,all_real,discovery_proxy_dimensions,0,0,"[[-Infinity, Infinity]]"
ERBB2,4,12,ETS1;YBX1;TP53;MSH2,VHL;IGFBP2;PTEN;ATM;TUBA1B;SYK;TSC1;RAB25;RBM15;INPP4B;CCNE2;RAD50,1,5,5,4,,0.05,0.4,0.25,6.1631750758139104e-77;2.2816896148994012e-45;3.2839452169538304e-17;0.0011802823440076003;0.022056779689094155,5.507140004508888e-48;1.4983269064373217e-17;0.00042434043441081666;0.005869390475927103,proxy_dimensions,5,,,,,0,coadread,345,115,17,0.6995985612915643,False,,,all_real,discovery_proxy_dimensions,0,0,"[[-Infinity, Infinity]]",,all_real,discovery_proxy_dimensions,0,0,"[[-Infinity, Infinity]]"
TFRC,4,20,CCNB1;EEF2;ACACA;INPP4B,MYH11;VHL;IGFBP2;PTEN;ATM;TUBA1B;ASNS;SYK;TSC1;RAB25;ANXA1;MYC;TP53;SQSTM1;CCNE2;TGM2;KIT;RAD50;SRC;EIF4EBP1,1,4,4,4,0.05733676906224254,0.05,0.2,0.2,4.153804757565115e-95;1.4752455246380497e-47;6.845748951752977e-13;4.594708899706151e-05;0.3773850281699061,3.548695089582112e-94;2.515019276717903e-51;1.106098473561221e-24;3.2873090124779826e-11,reported,4,0.3535507280123829,0.706781673571372;0.5946542967793133;0.44990520074529006;0.3535507280123829,0.03437369292505716,True,1,coadread,345,115,17,0.6907322866882943,True,Censoring positivity is below the reporting floor,,all_real,censoring_support,0,0,"[[-Infinity, Infinity]]",,all_real,censoring_support,0,0,"[[-Infinity, Infinity]]"
EEF2,3,20,ETS1;GAPDH;TFRC,MYH11;VHL;IGFBP2;PTEN;ATM;TUBA1B;ASNS;SYK;TSC1;RAB25;ANXA1;MYC;TP53;SQSTM1;CCNE2;TGM2;KIT;RAD50;SRC;EIF4EBP1,1,4,4,3,,0.05,0.2,0.2,3.8334398096622293e-90;1.0014691232344975e-42;1.2708017235184775e-06;0.026052828273972064,9.450300375003489e-52;1.6330125134310556e-12;5.739288205173604e-06,proxy_dimensions,4,,,,,0,coadread,345,115,17,0.685277976100546,False,,,all_real,discovery_proxy_dimensions,0,0,"[[-Infinity, Infinity]]",,all_real,discovery_proxy_dimensions,0,0,"[[-Infinity, Infinity]]"
PTEN,1,2,ANXA1,TUBA1B;SYK,1,1,1,1,0.2075177034636616,0.05,0.4,0.2,7.919998264186334e-11;0.19130677500722532,0.00013039277741383552,reported,1,0.20751770346366158,0.20751770346366158,0.16261127148318852,True,1,coadread,345,115,17,0.6656917535973218,True,Censoring positivity is below the reporting floor,,all_real,censoring_support,0,0,"[[-Infinity, Infinity]]",,all_real,censoring_support,0,0,"[[-Infinity, Infinity]]"
FASN,4,16,CCNB1;ASNS;ACACA;CCNE1,VHL;IGFBP2;PTEN;ATM;TUBA1B;TIGAR;SYK;TSC1;RAB25;RBM15;MYC;TP53;INPP4B;CCNE2;RAD50;SRC,1,4,4,4,0.02630644614722029,0.05,0.4,0.3,2.4045167244689475e-43;3.797001473293646e-22;1.9928539068967805e-11;9.97968143595308e-05;0.24497076916321744,1.996523537726828e-36;3.9635968619301804e-22;7.479974363256907e-10;0.010164945231928273,reported,4,0.14088366220211568,0.4894903234158993;0.4487476897166178;0.3454734326624464;0.14088366220211568,0.029950656595473548,True,2,coadread,345,115,17,0.6620598329411919,True,Censoring positivity is below the reporting floor,,all_real,censoring_support,0,0,"[[-Infinity, Infinity]]",,all_real,censoring_support,0,0,"[[-Infinity, Infinity]]"
ATM,1,58,TSC1,RICTOR;MYH11;VHL;CTNNB1;ETS1;CDH1;IGFBP2;CLDN7;CASP7;SERPINE1;STAT5A;FN1;CAV1;CCNB1;HSPA1A;GAPDH;ERBB2;TFRC;EEF2;PTEN;FASN;TUBA1B;ASNS;PXN;TIGAR;EIF4G1;ACACA;RPS6;SYK;PDCD4;RAB25;ANXA1;RBM15;EEF2K;YBX1;MYC;COL6A1;TP53;INPP4B;TP53BP1;MSH6;XRCC5;SQSTM1;BAP1;BRAF;AKT1;FOXM1;CCNE2;TGM2;PRKCA;MSH2;CCNE1;KDR;KIT;RAD50;SRC;EIF4EBP1;CHEK2,1,2,2,1,,0.05,0.2,0.15,4.037713162948295e-53;2.913857029066867e-06,1.5957681561725214e-22,proxy_dimensions,2,,,,,0,coadread,345,115,17,0.6571924417245388,False,,,all_real,discovery_proxy_dimensions,0,0,"[[-Infinity, Infinity]]",,all_real,discovery_proxy_dimensions,0,0,"[[-Infinity, Infinity]]"
TUBA1B,1,12,RAD50,MYH11;IGFBP2;PTEN;ATM;SYK;TSC1;RAB25;ANXA1;TP53;SQSTM1;CCNE2;TGM2,1,2,2,1,,0.05,0.2,0.15,2.272257247507783e-26;9.10706217253494e-09,1.5659735328548629e-16,proxy_dimensions,2,,,,,0,coadread,345,115,17,0.6485948979197735,False,,,all_real,discovery_proxy_dimensions,0,0,"[[-Infinity, Infinity]]",,all_real,discovery_proxy_dimensions,0,0,"[[-Infinity, Infinity]]"
ASNS,2,16,CCNB1;FASN,VHL;IGFBP2;PTEN;ATM;TUBA1B;TIGAR;SYK;TSC1;RAB25;RBM15;MYC;TP53;INPP4B;CCNE2;RAD50;SRC,1,3,3,2,,0.05,0.4,0.3,1.6780757921594752e-29;4.99120953638305e-10;0.004396911351785737,9.755832796978436e-21;2.2476000111841945e-09,proxy_dimensions,3,,,,,0,coadread,345,115,17,0.6418368249034504,False,,,all_real,discovery_proxy_dimensions,0,0,"[[-Infinity, Infinity]]",,all_real,discovery_proxy_dimensions,0,0,"[[-Infinity, Infinity]]"
PXN,5,12,CLDN7;CASP7;STAT5A;EIF4G1;SRC,VHL;IGFBP2;PTEN;ATM;TUBA1B;SYK;TSC1;RAB25;RBM15;INPP4B;CCNE2;RAD50,1,6,6,5,,0.05,0.4,0.25,2.696469373082042e-91;6.286383871877066e-38;5.056508496441545e-21;2.168180410662739e-09;0.00022580629494738658;0.0103267844813713,3.929668652421622e-76;5.551361442775066e-31;7.613898328440242e-14;1.7620500843667314e-06;0.0044612785447086046,proxy_dimensions,6,,,,,0,coadread,345,115,17,0.6103970632362818,False,,,all_real,discovery_proxy_dimensions,0,0,"[[-Infinity, Infinity]]",,all_real,discovery_proxy_dimensions,0,0,"[[-Infinity, Infinity]]"
TIGAR,2,12,SERPINE1;RPS6,MYH11;IGFBP2;PTEN;ATM;SYK;TSC1;RAB25;ANXA1;TP53;SQSTM1;CCNE2;TGM2,1,3,3,2,,0.05,0.2,0.15,1.001071534042823e-57;9.120314419111384e-11;6.520616464277837e-05,5.522984906665618e-53;3.8876800317365905e-05,proxy_dimensions,3,,,,,0,coadread,345,115,17,0.5963857712109131,False,,,all_real,discovery_proxy_dimensions,0,0,"[[-Infinity, Infinity]]",,all_real,discovery_proxy_dimensions,0,0,"[[-Infinity, Infinity]]"
EIF4G1,6,12,MYH11;PXN;EEF2K;BAP1;BRAF;TGM2,VHL;IGFBP2;PTEN;ATM;TUBA1B;SYK;TSC1;RAB25;RBM15;INPP4B;CCNE2;RAD50,1,5,5,5,0.03097659522088895,0.05,0.4,0.25,3.097921715108486e-82;1.4982133085179127e-36;3.266008412139584e-23;1.0047809318837864e-10;0.004514551188387801;0.4043571803798541;0.5504437242163669,1.1843400181980865e-61;1.5684061114582999e-38;3.1358381944636364e-22;1.1789085158816184e-10;0.00014884523733637567,reported,5,0.2287294416341218,0.5938574839269678;0.5189963929757057;0.4481235423623596;0.34008146925940425;0.2287294416341218,0.026296641452091166,True,2,coadread,345,115,17,0.5962346642115648,True,Censoring positivity is below the reporting floor,,all_real,censoring_support,0,0,"[[-Infinity, Infinity]]",,all_real,censoring_support,0,0,"[[-Infinity, Infinity]]"
ACACA,3,12,TFRC;FASN;AKT1,MYH11;IGFBP2;PTEN;ATM;SYK;TSC1;RAB25;ANXA1;TP53;SQSTM1;CCNE2;TGM2,1,4,4,3,,0.05,0.2,0.15,3.924487127185778e-68;3.3545222502848144e-27;1.3417054058383288e-11;0.00035077273217069875,3.4482657932021746e-53;3.055228257075391e-19;1.627036755960057e-05,proxy_dimensions,4,,,,,0,coadread,345,115,17,0.5854274604453384,False,,,all_real,discovery_proxy_dimensions,0,0,"[[-Infinity, Infinity]]",,all_real,discovery_proxy_dimensions,0,0,"[[-Infinity, Infinity]]"
RPS6,3,12,TIGAR;COL6A1;MSH2,MYH11;IGFBP2;PTEN;ATM;SYK;TSC1;RAB25;ANXA1;TP53;SQSTM1;CCNE2;TGM2,1,4,4,3,,0.05,0.2,0.15,6.482695737105367e-66;3.4077124618242044e-19;6.83056510740803e-09;0.003280949061022096,2.3802014778010682e-33;1.809563721047522e-17;4.732157956016752e-07,proxy_dimensions,4,,,,,0,coadread,345,115,17,0.5766724204050949,False,,,all_real,discovery_proxy_dimensions,0,0,"[[-Infinity, Infinity]]",,all_real,discovery_proxy_dimensions,0,0,"[[-Infinity, Infinity]]"
SYK,0,0,,,1,0,0,0,,0.05,0.2,0.15,,,no_shared_direction,0,,,,,0,coadread,345,115,17,0.5750642809949914,False,,,all_real,discovery_no_shared_direction,0,0,"[[-Infinity, Infinity]]",,all_real,discovery_no_shared_direction,0,0,"[[-Infinity, Infinity]]"
PDCD4,3,20,CDH1;CLDN7;FN1,MYH11;VHL;IGFBP2;PTEN;ATM;TUBA1B;ASNS;SYK;TSC1;RAB25;ANXA1;MYC;TP53;SQSTM1;CCNE2;TGM2;KIT;RAD50;SRC;EIF4EBP1,1,4,4,3,,0.05,0.2,0.2,2.6590946691724278e-76;8.959712566070152e-24;3.6864303748595865e-13;1.0232424208200505e-05,1.3387310382753788e-63;5.618898849770472e-16;4.235555611720666e-07,proxy_dimensions,4,,,,,0,coadread,345,115,17,0.5703929522591364,False,,,all_real,discovery_proxy_dimensions,0,0,"[[-Infinity, Infinity]]",,all_real,discovery_proxy_dimensions,0,0,"[[-Infinity, Infinity]]"
TSC1,1,58,ATM,RICTOR;MYH11;VHL;CTNNB1;ETS1;CDH1;IGFBP2;CLDN7;CASP7;SERPINE1;STAT5A;FN1;CAV1;CCNB1;HSPA1A;GAPDH;ERBB2;TFRC;EEF2;PTEN;FASN;TUBA1B;ASNS;PXN;TIGAR;EIF4G1;ACACA;RPS6;SYK;PDCD4;RAB25;ANXA1;RBM15;EEF2K;YBX1;MYC;COL6A1;TP53;INPP4B;TP53BP1;MSH6;XRCC5;SQSTM1;BAP1;BRAF;AKT1;FOXM1;CCNE2;TGM2;PRKCA;MSH2;CCNE1;KDR;KIT;RAD50;SRC;EIF4EBP1;CHEK2,1,2,2,1,,0.05,0.2,0.15,4.037713162948295e-53;2.913857029066867e-06,1.2975079872507378e-17,proxy_dimensions,2,,,,,0,coadread,345,115,17,0.5678057983712936,False,,,all_real,discovery_proxy_dimensions,0,0,"[[-Infinity, Infinity]]",,all_real,discovery_proxy_dimensions,0,0,"[[-Infinity, Infinity]]"
RAB25,2,2,CLDN7;TFRC,TUBA1B;SYK,1,1,1,1,0.2110027192812293,0.05,0.4,0.2,1.5578908491494167e-08;0.5992764835339461,2.152893511934816e-06,reported,1,0.2749481751035859,0.2749481751035859,0.16222805111859093,True,1,coadread,345,115,17,0.5656826960974343,True,Censoring positivity is below the reporting floor,,all_real,censoring_support,0,0,"[[-Infinity, Infinity]]",,all_real,censoring_support,0,0,"[[-Infinity, Infinity]]"
ANXA1,2,12,FN1;COL6A1,VHL;IGFBP2;PTEN;ATM;TUBA1B;SYK;TSC1;RAB25;RBM15;INPP4B;CCNE2;RAD50,1,3,3,2,,0.05,0.4,0.25,2.57062473660193e-40;4.777128299683984e-11;0.0004510102726442112,9.841518576561188e-14;3.0519852554823753e-06,proxy_dimensions,3,,,,,0,coadread,345,115,17,0.563390894364625,False,,,all_real,discovery_proxy_dimensions,0,0,"[[-Infinity, Infinity]]",,all_real,discovery_proxy_dimensions,0,0,"[[-Infinity, Infinity]]"
RBM15,3,12,RICTOR;VHL;XRCC5,MYH11;IGFBP2;PTEN;ATM;SYK;TSC1;RAB25;ANXA1;TP53;SQSTM1;CCNE2;TGM2,1,4,4,3,,0.05,0.2,0.15,4.475692628749066e-74;3.923562659575706e-29;8.273396733939182e-11;1.6737241600690703e-05,8.893056004631087e-35;5.9937457743446136e-15;3.516369229666899e-05,proxy_dimensions,4,,,,,0,coadread,345,115,17,0.5539565416963074,False,,,all_real,discovery_proxy_dimensions,0,0,"[[-Infinity, Infinity]]",,all_real,discovery_proxy_dimensions,0,0,"[[-Infinity, Infinity]]"
EEF2K,3,12,CDH1;EIF4G1;BAP1,MYH11;IGFBP2;PTEN;ATM;SYK;TSC1;RAB25;ANXA1;TP53;SQSTM1;CCNE2;TGM2,1,4,4,3,,0.05,0.2,0.15,1.5441642559223491e-77;2.9692017825785604e-24;3.023853804952774e-13;0.033907137834364845,5.673217985216681e-61;8.64394163359397e-24;2.460800068414625e-12,proxy_dimensions,4,,,,,0,coadread,345,115,17,0.5461129517108901,False,,,all_real,discovery_proxy_dimensions,0,0,"[[-Infinity, Infinity]]",,all_real,discovery_proxy_dimensions,0,0,"[[-Infinity, Infinity]]"
YBX1,3,12,ETS1;ERBB2;MYC,VHL;IGFBP2;PTEN;ATM;TUBA1B;SYK;TSC1;RAB25;RBM15;INPP4B;CCNE2;RAD50,1,3,3,2,0.009019872934327018,0.05,0.4,0.25,1.223363931223006e-59;5.800029343324162e-30;0.0013567633833447693;0.46985939551456235,1.4714900770860642e-42;3.0261835693733044e-16;0.5699010728725741,conditional_information_dimension,3,0.031246926489984797,0.5907527452057985;0.45991784960644194;0.031246926489984797,0.025110330467652982,False,0,coadread,345,115,17,0.5420562122689854,False,,,all_real,discovery_conditional_information_dimension,0,0,"[[-Infinity, Infinity]]",,all_real,discovery_conditional_information_dimension,0,0,"[[-Infinity, Infinity]]"
MYC,1,12,ERBB2,MYH11;IGFBP2;PTEN;ATM;SYK;TSC1;RAB25;ANXA1;TP53;SQSTM1;CCNE2;TGM2,1,2,2,1,,0.05,0.2,0.15,1.0023650524562331e-14;0.0009407375535563004,1.802297483859442e-13,proxy_dimensions,2,,,,,0,coadread,345,115,17,0.5385129069588087,False,,,all_real,discovery_proxy_dimensions,0,0,"[[-Infinity, Infinity]]",,all_real,discovery_proxy_dimensions,0,0,"[[-Infinity, Infinity]]"
COL6A1,7,16,RICTOR;ETS1;FN1;RPS6;ANXA1;FOXM1;KDR,VHL;IGFBP2;PTEN;ATM;TUBA1B;TIGAR;SYK;TSC1;RAB25;RBM15;MYC;TP53;INPP4B;CCNE2;RAD50;SRC,1,7,7,6,0.007001527772409791,0.05,0.4,0.3,1.4504761283502927e-135;2.215898802612562e-87;3.5078937190690375e-46;3.017218712831824e-26;7.074927560508178e-12;2.473431610325514e-07;0.0015684772806414278;0.07451525627196023,4.374500675855227e-116;1.4650969292125683e-70;6.166606813170083e-43;5.045767348066632e-25;8.760144827732826e-14;1.9159361724799672e-07;0.2755671460267741,conditional_information_dimension,7,0.06028673388765546,0.7431606883448559;0.6343166283920074;0.5426447174844242;0.4521820570436613;0.3568311547248453;0.321751270969763;0.06028673388765546,0.015022668262869018,False,0,coadread,345,115,17,0.5291487778366216,False,,,all_real,discovery_conditional_information_dimension,0,0,"[[-Infinity, Infinity]]",,all_real,discovery_conditional_information_dimension,0,0,"[[-Infinity, Infinity]]"
TP53,1,12,ERBB2,VHL;IGFBP2;PTEN;ATM;TUBA1B;SYK;TSC1;RAB25;RBM15;INPP4B;CCNE2;RAD50,1,2,2,1,,0.05,0.4,0.25,2.29076727930035e-31;0.0029131031859531676,1.6470655217349216e-29,proxy_dimensions,2,,,,,0,coadread,345,115,17,0.5280306419504112,False,,,all_real,discovery_proxy_dimensions,0,0,"[[-Infinity, Infinity]]",,all_real,discovery_proxy_dimensions,0,0,"[[-Infinity, Infinity]]"
INPP4B,1,12,TFRC,MYH11;IGFBP2;PTEN;ATM;SYK;TSC1;RAB25;ANXA1;TP53;SQSTM1;CCNE2;TGM2,1,2,2,1,,0.05,0.2,0.15,2.3163801746059367e-15;0.0001874478669449632,1.046923769818304e-12,proxy_dimensions,2,,,,,0,coadread,345,115,17,0.511395644222804,False,,,all_real,discovery_proxy_dimensions,0,0,"[[-Infinity, Infinity]]",,all_real,discovery_proxy_dimensions,0,0,"[[-Infinity, Infinity]]"
TP53BP1,2,12,XRCC5;BAP1,VHL;IGFBP2;PTEN;ATM;TUBA1B;SYK;TSC1;RAB25;RBM15;INPP4B;CCNE2;RAD50,1,3,3,2,,0.05,0.4,0.25,2.3952354573324514e-61;3.058245455960371e-06;0.028546134310704564,6.7021291182205506e-21;5.171463044659396e-05,proxy_dimensions,3,,,,,0,coadread,345,115,17,0.5101353862912098,False,,,all_real,discovery_proxy_dimensions,0,0,"[[-Infinity, Infinity]]",,all_real,discovery_proxy_dimensions,0,0,"[[-Infinity, Infinity]]"
MSH6,2,12,CCNB1;MSH2,MYH11;IGFBP2;PTEN;ATM;SYK;TSC1;RAB25;ANXA1;TP53;SQSTM1;CCNE2;TGM2,1,3,3,2,,0.05,0.2,0.15,1.021584655590254e-67;5.606679713121014e-29;1.5344341271435649e-09,2.2129278901494628e-32;3.7428410416694e-13,proxy_dimensions,3,,,,,0,coadread,345,115,17,0.4996411375362366,False,,,all_real,discovery_proxy_dimensions,0,0,"[[-Infinity, Infinity]]",,all_real,discovery_proxy_dimensions,0,0,"[[-Infinity, Infinity]]"
XRCC5,4,12,RBM15;BAP1;KIT;CHEK2,MYH11;IGFBP2;PTEN;ATM;SYK;TSC1;RAB25;ANXA1;TP53;SQSTM1;CCNE2;TGM2,1,4,4,4,0.055812325684675215,0.05,0.2,0.15,3.197024743759141e-92;7.712935383661193e-34;7.18827909179405e-13;0.0005763777149382519;0.5252741397959775,1.6731420691744827e-72;7.2022490815678e-43;1.124598483198101e-17;8.968649923591036e-08,reported,4,0.28826272769431766,0.6277661895432476;0.5825409827587072;0.3986534520971252;0.28826272769431766,0.038151868180327904,True,1,coadread,345,115,17,0.49517622475304746,True,Censoring positivity is below the reporting floor,,all_real,censoring_support,0,0,"[[-Infinity, Infinity]]",,all_real,censoring_support,0,0,"[[-Infinity, Infinity]]"
SQSTM1,1,2,CCNB1,TUBA1B;SYK,1,2,2,0,,0.05,0.4,0.2,0.00022321704713429457;0.03561906056033183,0.09250845464102592,proxy_dimensions,2,,,,,0,coadread,345,115,17,0.48345471959908043,False,,,all_real,discovery_proxy_dimensions,0,0,"[[-Infinity, Infinity]]",,all_real,discovery_proxy_dimensions,0,0,"[[-Infinity, Infinity]]"
BAP1,5,27,EIF4G1;EEF2K;TP53BP1;XRCC5;FOXM1,MYH11;VHL;IGFBP2;CASP7;HSPA1A;TFRC;PTEN;ATM;TUBA1B;ASNS;PXN;TIGAR;SYK;TSC1;RAB25;RBM15;MYC;TP53;INPP4B;SQSTM1;CCNE2;TGM2;KIT;RAD50;SRC;EIF4EBP1;CHEK2,1,6,6,5,,0.05,0.2,0.3,9.115004429311889e-138;6.611628710112836e-58;9.78327409778253e-29;7.472381005497445e-12;1.5398190722787177e-06;0.004867610119330337,3.605166178848853e-80;4.5862478939454074e-45;3.3420327642610316e-23;4.635687891708465e-07;0.004404931715035847,proxy_dimensions,6,,,,,0,coadread,345,115,17,0.4823314487618367,False,,,all_real,discovery_proxy_dimensions,0,0,"[[-Infinity, Infinity]]",,all_real,discovery_proxy_dimensions,0,0,"[[-Infinity, Infinity]]"
BRAF,4,12,VHL;ETS1;STAT5A;EIF4G1,MYH11;IGFBP2;PTEN;ATM;SYK;TSC1;RAB25;ANXA1;TP53;SQSTM1;CCNE2;TGM2,1,4,4,4,0.06171345945573646,0.05,0.2,0.15,2.9623202688518213e-88;3.724027936741027e-42;2.0636829502303512e-19;1.2775857224962662e-08;0.31573931743055345,4.060779561852587e-61;4.4141566882227294e-33;1.771836216466953e-18;1.87731042411373e-07,reported,4,0.2812642752699527,0.6160428108560564;0.4795403723044789;0.4148713412224288;0.2812642752699527,0.04230073384672621,True,1,coadread,345,115,17,0.4746970738991447,True,Censoring positivity is below the reporting floor,,all_real,censoring_support,0,0,"[[-Infinity, Infinity]]",,all_real,censoring_support,0,0,"[[-Infinity, Infinity]]"
AKT1,4,12,STAT5A;CCNB1;ACACA;CCNE1,MYH11;IGFBP2;PTEN;ATM;SYK;TSC1;RAB25;ANXA1;TP53;SQSTM1;CCNE2;TGM2,1,5,5,4,,0.05,0.2,0.15,2.959074124338121e-79;8.577272925459047e-32;1.889478147079958e-10;8.640107126317296e-06;0.03385606776221981,4.344305054438956e-52;1.9308256475521163e-15;3.446495974717629e-07;0.032375561661448705,proxy_dimensions,5,,,,,0,coadread,345,115,17,0.45253175976402704,False,,,all_real,discovery_proxy_dimensions,0,0,"[[-Infinity, Infinity]]",,all_real,discovery_proxy_dimensions,0,0,"[[-Infinity, Infinity]]"
FOXM1,3,27,CCNB1;COL6A1;BAP1,MYH11;VHL;IGFBP2;CASP7;HSPA1A;TFRC;PTEN;ATM;TUBA1B;ASNS;PXN;TIGAR;SYK;TSC1;RAB25;RBM15;MYC;TP53;INPP4B;SQSTM1;CCNE2;TGM2;KIT;RAD50;SRC;EIF4EBP1;CHEK2,1,4,4,3,,0.05,0.2,0.3,2.0471582960446047e-128;3.4606564319981814e-56;3.06473524207523e-23;0.00019967174620539948,4.625062429154595e-87;8.348510028218611e-52;1.5840937479688067e-19,proxy_dimensions,4,,,,,0,coadread,345,115,17,0.449716626121521,False,,,all_real,discovery_proxy_dimensions,0,0,"[[-Infinity, Infinity]]",,all_real,discovery_proxy_dimensions,0,0,"[[-Infinity, Infinity]]"
CCNE2,1,2,PRKCA,TUBA1B;SYK,1,1,1,1,0.23866659613778968,0.05,0.4,0.2,0.00014302224123366857;0.1419757607642581,1.0056795134001007e-05,reported,1,0.23866659613778968,0.23866659613778968,0.18434972868552418,True,1,coadread,345,115,17,0.4487052686869723,True,Censoring positivity is below the reporting floor,,all_real,censoring_support,0,0,"[[-Infinity, Infinity]]",,all_real,censoring_support,0,0,"[[-Infinity, Infinity]]"
TGM2,2,12,ETS1;EIF4G1,VHL;IGFBP2;PTEN;ATM;TUBA1B;SYK;TSC1;RAB25;RBM15;INPP4B;CCNE2;RAD50,1,3,3,2,,0.05,0.4,0.25,1.967886220310907e-66;1.2730717017607829e-30;0.0008539317283638221,4.138030226495866e-61;2.216218571776266e-26,proxy_dimensions,3,,,,,0,coadread,345,115,17,0.4440858392388529,False,,,all_real,discovery_proxy_dimensions,0,0,"[[-Infinity, Infinity]]",,all_real,discovery_proxy_dimensions,0,0,"[[-Infinity, Infinity]]"
PRKCA,2,12,RICTOR;CCNB1,MYH11;IGFBP2;PTEN;ATM;SYK;TSC1;RAB25;ANXA1;TP53;SQSTM1;CCNE2;TGM2,1,3,3,2,,0.05,0.2,0.15,1.6465145171827676e-56;2.001208850760883e-17;1.944938564625026e-09,2.6712509134263273e-48;2.8009642340730545e-09,proxy_dimensions,3,,,,,0,coadread,345,115,17,0.43782109325438706,False,,,all_real,discovery_proxy_dimensions,0,0,"[[-Infinity, Infinity]]",,all_real,discovery_proxy_dimensions,0,0,"[[-Infinity, Infinity]]"
MSH2,6,12,ETS1;CAV1;ERBB2;RPS6;MSH6;EIF4EBP1,MYH11;IGFBP2;PTEN;ATM;SYK;TSC1;RAB25;ANXA1;TP53;SQSTM1;CCNE2;TGM2,1,6,6,6,0.01649106011268142,0.05,0.2,0.15,3.0092533540309162e-102;4.2118503757019653e-44;2.524431761261944e-22;1.062166646721306e-12;8.413099787356301e-06;0.02925684115467745;0.10122063866909055,1.8968886736916035e-90;7.228631787360673e-41;5.689940704475944e-24;8.601956495275531e-14;0.0002608267088531699;0.006743924962291611,reported,6,0.14887153551517737,0.7554587286353618;0.5316221828439649;0.4367665800989212;0.4090040390189647;0.2051704196712617;0.14887153551517737,0.018344213088259474,True,1,coadread,345,115,17,0.4178995555875867,True,Censoring positivity is below the reporting floor,,all_real,censoring_support,0,0,"[[-Infinity, Infinity]]",,all_real,censoring_support,0,0,"[[-Infinity, Infinity]]"
CCNE1,3,12,CCNB1;FASN;AKT1,MYH11;IGFBP2;PTEN;ATM;SYK;TSC1;RAB25;ANXA1;TP53;SQSTM1;CCNE2;TGM2,1,4,4,3,,0.05,0.2,0.15,1.040724809047253e-67;1.073017009548287e-28;2.6701639367391664e-08;0.03708796785414934,3.6336162749537022e-62;3.899299496801395e-23;1.2628260194803472e-08,proxy_dimensions,4,,,,,0,coadread,345,115,17,0.416181051606584,False,,,all_real,discovery_proxy_dimensions,0,0,"[[-Infinity, Infinity]]",,all_real,discovery_proxy_dimensions,0,0,"[[-Infinity, Infinity]]"
KDR,3,16,CAV1;COL6A1;CHEK2,VHL;IGFBP2;PTEN;ATM;TUBA1B;TIGAR;SYK;TSC1;RAB25;RBM15;MYC;TP53;INPP4B;CCNE2;RAD50;SRC,1,4,4,3,,0.05,0.4,0.3,6.953963867823793e-70;4.829345006257498e-34;6.462921901786258e-18;0.0006460377035536431,7.944075639365608e-59;1.7222361797860895e-22;3.735514275554497e-07,proxy_dimensions,4,,,,,0,coadread,345,115,17,0.4149605225698095,False,,,all_real,discovery_proxy_dimensions,0,0,"[[-Infinity, Infinity]]",,all_real,discovery_proxy_dimensions,0,0,"[[-Infinity, Infinity]]"
KIT,2,12,CAV1;XRCC5,MYH11;IGFBP2;PTEN;ATM;SYK;TSC1;RAB25;ANXA1;TP53;SQSTM1;CCNE2;TGM2,1,3,3,2,,0.05,0.2,0.15,6.022724847379845e-61;3.168548690405673e-19;0.0004940410000851443,2.8069044638950275e-54;5.290166599934724e-12,proxy_dimensions,3,,,,,0,coadread,345,115,17,0.4058662186515035,False,,,all_real,discovery_proxy_dimensions,0,0,"[[-Infinity, Infinity]]",,all_real,discovery_proxy_dimensions,0,0,"[[-Infinity, Infinity]]"
RAD50,3,12,TUBA1B;SRC;CHEK2,MYH11;IGFBP2;PTEN;ATM;SYK;TSC1;RAB25;ANXA1;TP53;SQSTM1;CCNE2;TGM2,1,4,4,3,,0.05,0.2,0.15,3.2268953741965784e-54;1.7469095505085883e-22;5.167294409625697e-12;0.0001893616799375064,1.4701760754881063e-40;4.344582981842585e-12;0.0002600560930650994,proxy_dimensions,4,,,,,0,coadread,345,115,17,0.40541341810749243,False,,,all_real,discovery_proxy_dimensions,0,0,"[[-Infinity, Infinity]]",,all_real,discovery_proxy_dimensions,0,0,"[[-Infinity, Infinity]]"
SRC,1,12,RAD50,MYH11;IGFBP2;PTEN;ATM;SYK;TSC1;RAB25;ANXA1;TP53;SQSTM1;CCNE2;TGM2,1,2,2,1,,0.05,0.2,0.15,2.6936365596901265e-23;1.7709984254902953e-09,6.3577800651131184e-15,proxy_dimensions,2,,,,,0,coadread,345,115,17,0.40500440410797994,False,,,all_real,discovery_proxy_dimensions,0,0,"[[-Infinity, Infinity]]",,all_real,discovery_proxy_dimensions,0,0,"[[-Infinity, Infinity]]"
EIF4EBP1,2,12,COL6A1;MSH2,VHL;IGFBP2;PTEN;ATM;TUBA1B;SYK;TSC1;RAB25;RBM15;INPP4B;CCNE2;RAD50,1,3,3,2,,0.05,0.4,0.25,4.327111516525829e-43;6.731730307523386e-19;5.206090421645986e-05,1.5886730024195217e-35;2.3024330183383923e-12,proxy_dimensions,3,,,,,0,coadread,345,115,17,0.4002518100227743,False,,,all_real,discovery_proxy_dimensions,0,0,"[[-Infinity, Infinity]]",,all_real,discovery_proxy_dimensions,0,0,"[[-Infinity, Infinity]]"
CHEK2,3,12,XRCC5;KDR;RAD50,MYH11;IGFBP2;PTEN;ATM;SYK;TSC1;RAB25;ANXA1;TP53;SQSTM1;CCNE2;TGM2,1,4,4,3,,0.05,0.2,0.15,5.683900129467483e-69;2.0278192026318636e-27;2.1724053081256272e-11;0.0026452397885175253,2.5531826460513024e-43;4.582197107117233e-24;4.910090223686558e-08,proxy_dimensions,4,,,,,0,coadread,345,115,17,0.3925582687113181,False,,,all_real,discovery_proxy_dimensions,0,0,"[[-Infinity, Infinity]]",,all_real,discovery_proxy_dimensions,0,0,"[[-Infinity, Infinity]]"
