study,target,status,count
blca,rmst,discovery_proxy_dimensions,30
blca,rmst,estimation_moment_resampling,11
blca,rmst,discovery_conditional_information_dimension,9
blca,rmst,estimated,8
blca,rmst,discovery_no_shared_direction,2
blca,survival,discovery_proxy_dimensions,30
blca,survival,estimation_moment_resampling,11
blca,survival,discovery_conditional_information_dimension,9
blca,survival,estimated,8
blca,survival,discovery_no_shared_direction,2
brca,rmst,discovery_proxy_dimensions,32
brca,rmst,estimation_moment_resampling,17
brca,rmst,discovery_conditional_information_dimension,10
brca,rmst,estimated,1
brca,survival,discovery_proxy_dimensions,32
brca,survival,estimation_moment_resampling,17
brca,survival,discovery_conditional_information_dimension,10
brca,survival,estimated,1
coadread,rmst,discovery_proxy_dimensions,40
coadread,rmst,censoring_support,14
coadread,rmst,discovery_conditional_information_dimension,5
coadread,rmst,discovery_no_shared_direction,1
coadread,survival,discovery_proxy_dimensions,40
coadread,survival,censoring_support,14
coadread,survival,discovery_conditional_information_dimension,5
coadread,survival,discovery_no_shared_direction,1
kirc,rmst,discovery_proxy_dimensions,37
kirc,rmst,estimated,14
kirc,rmst,discovery_conditional_information_dimension,8
kirc,rmst,discovery_no_shared_direction,1
kirc,survival,discovery_proxy_dimensions,37
kirc,survival,estimated,14
kirc,survival,discovery_conditional_information_dimension,8
kirc,survival,discovery_no_shared_direction,1
lgg,rmst,discovery_proxy_dimensions,38
lgg,rmst,estimation_moment_resampling,14
lgg,rmst,discovery_conditional_information_dimension,4
lgg,rmst,censoring_support,4
lgg,survival,discovery_proxy_dimensions,38
lgg,survival,estimation_moment_resampling,14
lgg,survival,discovery_conditional_information_dimension,4
lgg,survival,censoring_support,4
skcm,rmst,discovery_proxy_dimensions,33
skcm,rmst,estimated,9
skcm,rmst,discovery_conditional_information_dimension,8
skcm,rmst,estimation_moment_resampling,7
skcm,rmst,discovery_no_shared_direction,2
skcm,rmst,censoring_support,1
skcm,survival,discovery_proxy_dimensions,33
skcm,survival,estimated,9
skcm,survival,discovery_conditional_information_dimension,8
skcm,survival,estimation_moment_resampling,7
skcm,survival,discovery_no_shared_direction,2
skcm,survival,censoring_support,1
stad,rmst,discovery_proxy_dimensions,28
stad,rmst,censoring_support,23
stad,rmst,discovery_conditional_information_dimension,9
stad,survival,discovery_proxy_dimensions,28
stad,survival,censoring_support,23
stad,survival,discovery_conditional_information_dimension,9
ucec,rmst,discovery_proxy_dimensions,46
ucec,rmst,estimation_moment_resampling,11
ucec,rmst,discovery_no_shared_direction,2
ucec,rmst,discovery_conditional_information_dimension,1
ucec,survival,discovery_proxy_dimensions,46
ucec,survival,estimation_moment_resampling,11
ucec,survival,discovery_no_shared_direction,2
ucec,survival,discovery_conditional_information_dimension,1
ov,rmst,discovery_proxy_dimensions,31
ov,rmst,estimated,24
ov,rmst,discovery_conditional_information_dimension,3
ov,rmst,estimation_moment_resampling,2
ov,survival,discovery_proxy_dimensions,31
ov,survival,estimated,24
ov,survival,discovery_conditional_information_dimension,3
ov,survival,estimation_moment_resampling,2
luad,rmst,discovery_proxy_dimensions,36
luad,rmst,discovery_conditional_information_dimension,12
luad,rmst,estimation_moment_resampling,8
luad,rmst,discovery_no_shared_direction,2
luad,rmst,estimated,2
luad,survival,discovery_proxy_dimensions,36
luad,survival,discovery_conditional_information_dimension,12
luad,survival,estimation_moment_resampling,8
luad,survival,discovery_no_shared_direction,2
luad,survival,estimated,2
