exposure,nZ,nW,Z,W,r_pca,r_bridge,r_joint,r_signal,nu,rank_test_level,window_fraction,alpha,joint_pvalues,conditional_pvalues,status,r_grid,conditional_root,conditional_roots,nu_raw,conditional_rank_agreement,eligible_designs,study,n_discovery,n_estimation,estimation_events,exposure_sd,design_ready,censor_boot_failures,min_g,rmst_estimate,rmst_kind,rmst_status,rmst_boot_success,rmst_boot_attempts,rmst_intervals,survival_estimate,survival_kind,survival_status,survival_boot_success,survival_boot_attempts,survival_intervals,reason
TUBA1B,6,15,GAB2;PEA15;KDR;EEF2;EEF2K;YWHAZ,MYH11;KIT;EGFR;IGFBP2;GAPDH;CAV1;CDH1;TFRC;ACACA;RPS6;CDH2;PDCD4;RICTOR;SRC;ERBB3,3,6,6,6,0.017968941191863635,0.05,0.2,0.3,2.286975351067199e-160;3.422678041599842e-85;1.1387509746007212e-48;4.34842973230851e-21;1.2060237506733191e-07;0.0011721887912605983;0.3125087733474936,6.273879437503866e-120;6.571626640281326e-69;9.183215311771024e-39;3.059897144839633e-19;3.266432488238627e-09;0.0007023005484801877,reported,6,0.19145469507842505,0.7746518407276343;0.6574844026072388;0.5603521928941143;0.43048884676364213;0.32320903267680706;0.19145469507842505,0.016947127843333774,True,1,lgg,320,107,16,1.4444786653841584,True,170.0,0.07047591451748698,,all_real,estimation_moment_resampling,130,300,"[[-Infinity, Infinity]]",,all_real,estimation_moment_resampling,130,300,"[[-Infinity, Infinity]]",
MYH11,1,3,TIGAR,CDH1;PDCD4;RICTOR,3,2,2,1,,0.05,0.2,0.2,2.0129696114735406e-12;0.0010904367880824027,0.0018799186398015739,proxy_dimensions,2,,,,,0,lgg,320,107,16,1.1676556836670646,False,,,,all_real,discovery_proxy_dimensions,0,0,"[[-Infinity, Infinity]]",,all_real,discovery_proxy_dimensions,0,0,"[[-Infinity, Infinity]]",
KIT,2,10,TUBA1B;EEF2K,MYH11;EGFR;GAPDH;CAV1;CDH1;TFRC;RPS6;CDH2;PDCD4;RICTOR,3,3,3,2,,0.05,0.2,0.25,1.1144724101642218e-50;4.523803481367737e-16;0.0013726082287420177,4.907733268628041e-39;8.436377570940135e-10,proxy_dimensions,3,,,,,0,lgg,320,107,16,1.0375966186840577,False,,,,all_real,discovery_proxy_dimensions,0,0,"[[-Infinity, Infinity]]",,all_real,discovery_proxy_dimensions,0,0,"[[-Infinity, Infinity]]",
ANXA1,2,10,PTEN;SERPINE1,MYH11;EGFR;GAPDH;CAV1;CDH1;TFRC;RPS6;CDH2;PDCD4;RICTOR,3,3,3,2,,0.05,0.2,0.25,3.505911276994811e-52;6.705539813729863e-13;1.990059116551887e-05,5.454990982401994e-25;4.6794309891787953e-07,proxy_dimensions,3,,,,,0,lgg,320,107,16,0.9969863191744389,False,,,,all_real,discovery_proxy_dimensions,0,0,"[[-Infinity, Infinity]]",,all_real,discovery_proxy_dimensions,0,0,"[[-Infinity, Infinity]]",
VHL,2,10,CLDN7;ESR1,MYH11;EGFR;GAPDH;CAV1;CDH1;TFRC;RPS6;CDH2;PDCD4;RICTOR,3,3,3,2,,0.05,0.2,0.25,3.6080938301182074e-80;9.134208520655503e-37;8.708233995619018e-05,1.313618840335149e-37;0.00015957010872442385,proxy_dimensions,3,,,,,0,lgg,320,107,16,0.9478931546113119,False,,,,all_real,discovery_proxy_dimensions,0,0,"[[-Infinity, Infinity]]",,all_real,discovery_proxy_dimensions,0,0,"[[-Infinity, Infinity]]",
EGFR,1,58,TFRC,TUBA1B;MYH11;KIT;ANXA1;VHL;FASN;IGFBP2;BRAF;SYK;GAPDH;CAV1;ATM;GAB2;HSPA1A;CDH1;ETS1;CDKN1B;PEA15;CTNNB1;ACACA;TP53BP1;MAPK1;SMAD1;PREX1;PTEN;CCNB1;TIGAR;RAD51;XBP1;FN1;SERPINE1;RPS6;DIABLO;CDH2;PRKCA;CLDN7;PDCD4;FOXM1;RBM15;MAP2K1;RAB25;KDR;RICTOR;SRC;ESR1;MAPK9;STAT5A;COL6A1;ERBB3;PDK1;XRCC5;EEF2;MYC;TSC1;EEF2K;ERCC1;AKT1;YWHAZ,3,2,2,1,,0.05,0.2,0.25,1.681298288626734e-42;2.629483744732306e-09,4.519102159897048e-37,proxy_dimensions,2,,,,,0,lgg,320,107,16,0.9295128986639802,False,,,,all_real,discovery_proxy_dimensions,0,0,"[[-Infinity, Infinity]]",,all_real,discovery_proxy_dimensions,0,0,"[[-Infinity, Infinity]]",
FASN,4,10,SYK;PEA15;ACACA;CLDN7,MYH11;EGFR;GAPDH;CAV1;CDH1;TFRC;RPS6;CDH2;PDCD4;RICTOR,3,5,5,4,,0.05,0.2,0.25,1.7909311205861667e-123;1.3887176967836642e-57;2.610128595978394e-31;3.5584794448598866e-13;0.012544943670498084,1.5811466913017088e-76;2.9770992822753447e-36;4.556657030034677e-16;8.513488650846218e-06,proxy_dimensions,5,,,,,0,lgg,320,107,16,0.9152474452892486,False,,,,all_real,discovery_proxy_dimensions,0,0,"[[-Infinity, Infinity]]",,all_real,discovery_proxy_dimensions,0,0,"[[-Infinity, Infinity]]",
IGFBP2,3,3,SERPINE1;PRKCA;KDR,CDH1;PDCD4;RICTOR,3,2,2,2,0.10490395508233476,0.05,0.2,0.2,2.59691515215826e-11;0.0008327772442428343;0.11064711705756718,1.2676836844756685e-09;0.00019979310225858555,reported,2,0.2308814116813314,0.32973405794272476;0.2308814116813314,0.08663294144870042,True,1,lgg,320,107,16,0.891780164957114,True,157.0,0.07817413094154081,,all_real,estimation_moment_resampling,143,300,"[[-Infinity, Infinity]]",,all_real,estimation_moment_resampling,143,300,"[[-Infinity, Infinity]]",
BRAF,2,10,MAP2K1;TSC1,MYH11;EGFR;GAPDH;CAV1;CDH1;TFRC;RPS6;CDH2;PDCD4;RICTOR,3,3,3,2,,0.05,0.2,0.25,5.825184761077361e-70;1.6518455352104462e-28;2.725631945476897e-07,2.2582607244164397e-51;1.0951131108866466e-09,proxy_dimensions,3,,,,,0,lgg,320,107,16,0.872217003710442,False,,,,all_real,discovery_proxy_dimensions,0,0,"[[-Infinity, Infinity]]",,all_real,discovery_proxy_dimensions,0,0,"[[-Infinity, Infinity]]",
SYK,3,15,FASN;ATM;STAT5A,MYH11;KIT;EGFR;IGFBP2;GAPDH;CAV1;CDH1;TFRC;ACACA;RPS6;CDH2;PDCD4;RICTOR;SRC;ERBB3,3,4,4,3,,0.05,0.2,0.3,6.8227382032486135e-174;3.4180964381322174e-78;1.7474129784168997e-21;6.747294329502891e-06,2.1795747995439383e-107;8.18202739093115e-47;1.9431688753287876e-18,proxy_dimensions,4,,,,,0,lgg,320,107,16,0.8557183366729729,False,,,,all_real,discovery_proxy_dimensions,0,0,"[[-Infinity, Infinity]]",,all_real,discovery_proxy_dimensions,0,0,"[[-Infinity, Infinity]]",
GAPDH,2,3,MAPK1;YWHAZ,CDH1;PDCD4;RICTOR,3,2,2,1,0.016776873133440225,0.05,0.2,0.2,4.3884873612461234e-11;1.721079610726365e-05;0.238525957435964,3.49281828333149e-08;0.4395433350708373,conditional_information_dimension,2,0.0437746173720806,0.34654366413238763;0.0437746173720806,0.02690871261229434,False,0,lgg,320,107,16,0.7875031398657643,False,,,,all_real,discovery_conditional_information_dimension,0,0,"[[-Infinity, Infinity]]",,all_real,discovery_conditional_information_dimension,0,0,"[[-Infinity, Infinity]]",
CAV1,1,2,SERPINE1,MYH11;GAPDH,3,2,2,1,,0.05,0.4,0.3,3.3145874708586434e-10;0.0319341594322608,0.002354512339264472,proxy_dimensions,2,,,,,0,lgg,320,107,16,0.7835208038656519,False,,,,all_real,discovery_proxy_dimensions,0,0,"[[-Infinity, Infinity]]",,all_real,discovery_proxy_dimensions,0,0,"[[-Infinity, Infinity]]",
ATM,4,10,SYK;TP53BP1;SMAD1;XRCC5,MYH11;EGFR;GAPDH;CAV1;CDH1;TFRC;RPS6;CDH2;PDCD4;RICTOR,3,4,4,4,0.03702926175336768,0.05,0.2,0.25,1.9816375855319408e-93;3.141080155311961e-29;2.2102936000993068e-05;0.00912750653381463;0.3624809171637338,2.9255770340165804e-52;2.6592699811769697e-15;4.268978593499645e-08;9.255702474758212e-05,reported,4,0.21949846993425154,0.6912615590391229;0.3823228029398451;0.277205170260133;0.21949846993425154,0.02829543556418605,True,1,lgg,320,107,16,0.7752739040211852,True,161.0,0.06375673467021134,,all_real,estimation_moment_resampling,139,300,"[[-Infinity, Infinity]]",,all_real,estimation_moment_resampling,139,300,"[[-Infinity, Infinity]]",
GAB2,2,3,TUBA1B;FASN,CDH1;PDCD4;RICTOR,3,2,2,2,0.13596944144408543,0.05,0.2,0.2,1.31048628171691e-40;5.192299539487742e-12;0.6949621162266403,7.234255736522226e-33;6.0557635265960306e-06,reported,2,0.25219658244580806,0.595291221227983;0.25219658244580806,0.11082332330215619,True,1,lgg,320,107,16,0.7430644613059215,True,144.0,0.09224357077244283,,all_real,estimation_moment_resampling,156,300,"[[-Infinity, Infinity]]",,all_real,estimation_moment_resampling,156,300,"[[-Infinity, Infinity]]",
HSPA1A,3,10,TIGAR;FN1;MYC,MYH11;EGFR;GAPDH;CAV1;CDH1;TFRC;RPS6;CDH2;PDCD4;RICTOR,3,4,4,3,,0.05,0.2,0.25,3.333558344088864e-36;3.0287833314068246e-15;1.5316487224194492e-05;0.042451093388008246,1.2249129804290276e-27;7.521761814080465e-09;4.14674590879805e-05,proxy_dimensions,4,,,,,0,lgg,320,107,16,0.732375822121221,False,,,,all_real,discovery_proxy_dimensions,0,0,"[[-Infinity, Infinity]]",,all_real,discovery_proxy_dimensions,0,0,"[[-Infinity, Infinity]]",
CDH1,1,2,VHL,MYH11;GAPDH,3,2,2,1,,0.05,0.4,0.3,5.9917697824646805e-18;1.1842161041491278e-06,1.500082998765423e-06,proxy_dimensions,2,,,,,0,lgg,320,107,16,0.7287100235433158,False,,,,all_real,discovery_proxy_dimensions,0,0,"[[-Infinity, Infinity]]",,all_real,discovery_proxy_dimensions,0,0,"[[-Infinity, Infinity]]",
ETS1,3,10,RAD51;XBP1;SRC,MYH11;EGFR;GAPDH;CAV1;CDH1;TFRC;RPS6;CDH2;PDCD4;RICTOR,3,3,3,3,0.07530209739587433,0.05,0.2,0.25,6.558147569579131e-56;6.668057044338634e-20;1.6895036572441037e-08;0.08910979546967615,1.670051264276181e-32;1.4680486633098097e-17;3.927969358213534e-08,reported,3,0.30436401650901296,0.4959424170691661;0.40251067295940324;0.30436401650901296,0.05655863962314498,True,2,lgg,320,107,16,0.6990372321089983,True,,,,all_real,censoring_support,0,0,"[[-Infinity, Infinity]]",,all_real,censoring_support,0,0,"[[-Infinity, Infinity]]",Censoring positivity is below the reporting floor
CDKN1B,3,3,PEA15;PREX1;FOXM1,CDH1;PDCD4;RICTOR,3,3,3,3,0.03350811212158426,0.05,0.2,0.2,1.7187017005596845e-27;3.581580518478649e-14;0.0009018883781505013,3.198153925416695e-19;5.932613369113711e-09;0.033485968478450395,reported,3,0.12022534016406711,0.432122590522605;0.34620830721748125;0.12022534016406711,0.03350811212158422,True,1,lgg,320,107,16,0.6647846871878395,True,131.0,0.08533189263541838,,all_real,estimation_moment_resampling,169,300,"[[-Infinity, Infinity]]",,all_real,estimation_moment_resampling,169,300,"[[-Infinity, Infinity]]",
PEA15,4,15,TUBA1B;FASN;CDKN1B;ERCC1,MYH11;KIT;EGFR;IGFBP2;GAPDH;CAV1;CDH1;TFRC;ACACA;RPS6;CDH2;PDCD4;RICTOR;SRC;ERBB3,3,5,5,4,,0.05,0.2,0.3,1.5633952891805694e-156;4.641588329540688e-62;7.958177637735175e-28;2.006150856636345e-09;1.4819674988890168e-05,2.2942434146621303e-96;3.574336239783648e-42;7.514925147229101e-10;3.0782841125755964e-05,proxy_dimensions,5,,,,,0,lgg,320,107,16,0.6546891356483148,False,,,,all_real,discovery_proxy_dimensions,0,0,"[[-Infinity, Infinity]]",,all_real,discovery_proxy_dimensions,0,0,"[[-Infinity, Infinity]]",
CTNNB1,3,10,MAPK1;PRKCA;MAPK9,MYH11;EGFR;GAPDH;CAV1;CDH1;TFRC;RPS6;CDH2;PDCD4;RICTOR,3,4,4,3,,0.05,0.2,0.25,1.3381951929311816e-70;3.1266570529075535e-34;1.112091164582025e-14;3.4434476862732947e-06,2.3331780202980325e-45;2.807894647945984e-20;3.297541677991948e-08,proxy_dimensions,4,,,,,0,lgg,320,107,16,0.6541095176351874,False,,,,all_real,discovery_proxy_dimensions,0,0,"[[-Infinity, Infinity]]",,all_real,discovery_proxy_dimensions,0,0,"[[-Infinity, Infinity]]",
TFRC,2,3,EGFR;PEA15,CDH1;PDCD4;RICTOR,3,2,2,1,0.045058957921289944,0.05,0.2,0.2,1.907936014091386e-23;1.2757043642364383e-06;0.16854742887845348,1.8593063068384674e-11;0.09023461408335756,conditional_information_dimension,2,0.09576925847873241,0.39652476913487306;0.09576925847873241,0.0468376732775745,False,0,lgg,320,107,16,0.6495960749494613,False,,,,all_real,discovery_conditional_information_dimension,0,0,"[[-Infinity, Infinity]]",,all_real,discovery_conditional_information_dimension,0,0,"[[-Infinity, Infinity]]",
ACACA,2,10,FASN;TP53BP1,MYH11;EGFR;GAPDH;CAV1;CDH1;TFRC;RPS6;CDH2;PDCD4;RICTOR,3,3,3,2,,0.05,0.2,0.25,6.671129635074656e-97;6.009183932281959e-39;8.7927546160416e-13,1.5493973689383146e-74;4.685354515118748e-17,proxy_dimensions,3,,,,,0,lgg,320,107,16,0.6335801177728901,False,,,,all_real,discovery_proxy_dimensions,0,0,"[[-Infinity, Infinity]]",,all_real,discovery_proxy_dimensions,0,0,"[[-Infinity, Infinity]]",
TP53BP1,3,10,ATM;ACACA;XRCC5,MYH11;EGFR;GAPDH;CAV1;CDH1;TFRC;RPS6;CDH2;PDCD4;RICTOR,3,3,3,3,0.023276507125222883,0.05,0.2,0.25,1.8396886443149072e-72;1.6641624100057316e-18;0.0012105131841758986;0.30447855142842994,1.6433471647860128e-44;2.7888152192657744e-20;0.023407704092115823,reported,3,0.12810668048747895,0.5887105367160378;0.5081265949331573;0.12810668048747895,0.020839655015778502,True,1,lgg,320,107,16,0.6282190421363669,True,152.0,0.07869677041976691,,all_real,estimation_moment_resampling,148,300,"[[-Infinity, Infinity]]",,all_real,estimation_moment_resampling,148,300,"[[-Infinity, Infinity]]",
MAPK1,4,3,GAPDH;ATM;CTNNB1;RAD51,CDH1;PDCD4;RICTOR,3,3,3,3,0.05411623798748354,0.05,0.2,0.2,2.704677742513773e-36;8.252029551379517e-07;0.00041541309127908434,2.38023941738219e-30;7.984825958226522e-06;0.0009226879528998409,reported,3,0.20996201726038322,0.5991628004521501;0.24775652432127462;0.20996201726038322,0.054116237987483586,True,1,lgg,320,107,16,0.6267826159361363,True,,,,all_real,censoring_support,0,0,"[[-Infinity, Infinity]]",,all_real,censoring_support,0,0,"[[-Infinity, Infinity]]",Censoring positivity is below the reporting floor
SMAD1,2,10,ATM;RAB25,MYH11;EGFR;GAPDH;CAV1;CDH1;TFRC;RPS6;CDH2;PDCD4;RICTOR,3,3,3,2,,0.05,0.2,0.25,4.535364568971767e-80;1.0323380382280956e-29;0.001245891743256714,2.2121379696568018e-64;1.3159707086996823e-29,proxy_dimensions,3,,,,,0,lgg,320,107,16,0.6242852742023773,False,,,,all_real,discovery_proxy_dimensions,0,0,"[[-Infinity, Infinity]]",,all_real,discovery_proxy_dimensions,0,0,"[[-Infinity, Infinity]]",
PREX1,1,10,CDKN1B,MYH11;EGFR;GAPDH;CAV1;CDH1;TFRC;RPS6;CDH2;PDCD4;RICTOR,3,2,2,1,,0.05,0.2,0.25,1.3605439802243983e-20;2.4898188883611365e-07,2.656064655002988e-14,proxy_dimensions,2,,,,,0,lgg,320,107,16,0.6088308907366925,False,,,,all_real,discovery_proxy_dimensions,0,0,"[[-Infinity, Infinity]]",,all_real,discovery_proxy_dimensions,0,0,"[[-Infinity, Infinity]]",
PTEN,3,10,ANXA1;CCNB1;MAP2K1,MYH11;EGFR;GAPDH;CAV1;CDH1;TFRC;RPS6;CDH2;PDCD4;RICTOR,3,4,4,3,,0.05,0.2,0.25,1.7657873344561105e-57;4.006544084444003e-24;1.3704446718855104e-10;0.011327605571141788,1.1867391858401606e-39;3.24353423809748e-20;4.3898559378146736e-06,proxy_dimensions,4,,,,,0,lgg,320,107,16,0.6006508239700813,False,,,,all_real,discovery_proxy_dimensions,0,0,"[[-Infinity, Infinity]]",,all_real,discovery_proxy_dimensions,0,0,"[[-Infinity, Infinity]]",
CCNB1,3,10,PTEN;FOXM1;PDK1,MYH11;EGFR;GAPDH;CAV1;CDH1;TFRC;RPS6;CDH2;PDCD4;RICTOR,3,4,4,3,,0.05,0.2,0.25,9.916505027579546e-78;1.5684021366250877e-39;7.329765565886289e-12;0.004975626568421025,1.606825287269365e-60;1.0704626483912011e-22;0.0077295603481599565,proxy_dimensions,4,,,,,0,lgg,320,107,16,0.5938779367925571,False,,,,all_real,discovery_proxy_dimensions,0,0,"[[-Infinity, Infinity]]",,all_real,discovery_proxy_dimensions,0,0,"[[-Infinity, Infinity]]",
TIGAR,3,3,MYH11;HSPA1A;RAB25,CDH1;PDCD4;RICTOR,3,3,3,3,0.058929501430276775,0.05,0.2,0.2,4.686535585546903e-38;1.699720480859169e-16;1.3372555624921625e-07,6.75317720746014e-36;1.0919275811405618e-13;0.0001253552180688564,reported,3,0.21510842912879588,0.5704045900810254;0.39287699810922516;0.21510842912879588,0.058929501430276754,True,1,lgg,320,107,16,0.5827704011583881,True,170.0,0.05251568580268176,,all_real,estimation_moment_resampling,130,300,"[[-Infinity, Infinity]]",,all_real,estimation_moment_resampling,130,300,"[[-Infinity, Infinity]]",
RAD51,3,10,ETS1;MAPK1;ERCC1,MYH11;EGFR;GAPDH;CAV1;CDH1;TFRC;RPS6;CDH2;PDCD4;RICTOR,3,4,4,3,,0.05,0.2,0.25,4.101334385599124e-73;2.4307422766382733e-37;2.314906977912782e-15;0.000752067048513329,2.327559304769451e-47;1.0379440969685892e-19;2.2430104131233804e-05,proxy_dimensions,4,,,,,0,lgg,320,107,16,0.5692771411071319,False,,,,all_real,discovery_proxy_dimensions,0,0,"[[-Infinity, Infinity]]",,all_real,discovery_proxy_dimensions,0,0,"[[-Infinity, Infinity]]",
XBP1,2,3,HSPA1A;ETS1,CDH1;PDCD4;RICTOR,3,2,2,2,0.07425902346530627,0.05,0.2,0.2,7.296050025372839e-19;4.594587581285502e-05;0.07016406629208864,2.395612551664686e-16;0.0005537519915990265,reported,2,0.19380421773009365,0.4411571183814766;0.19380421773009365,0.06599410836983814,True,1,lgg,320,107,16,0.5651331418841267,True,144.0,0.07102055796808328,,all_real,estimation_moment_resampling,156,300,"[[-Infinity, Infinity]]",,all_real,estimation_moment_resampling,156,300,"[[-Infinity, Infinity]]",
FN1,3,10,HSPA1A;SERPINE1;PRKCA,MYH11;EGFR;GAPDH;CAV1;CDH1;TFRC;RPS6;CDH2;PDCD4;RICTOR,3,4,4,3,,0.05,0.2,0.25,2.0183515974202257e-39;1.4633838312871135e-11;0.002722939045848194;0.03587025703152329,1.7255354581453046e-23;6.976770820168382e-08;0.008702169841289735,proxy_dimensions,4,,,,,0,lgg,320,107,16,0.5619685754558722,False,,,,all_real,discovery_proxy_dimensions,0,0,"[[-Infinity, Infinity]]",,all_real,discovery_proxy_dimensions,0,0,"[[-Infinity, Infinity]]",
SERPINE1,3,10,ANXA1;IGFBP2;FN1,MYH11;EGFR;GAPDH;CAV1;CDH1;TFRC;RPS6;CDH2;PDCD4;RICTOR,3,4,4,3,,0.05,0.2,0.25,4.676614232775063e-67;4.943349893301898e-25;2.924388342668767e-07;0.042689005595891005,8.422786178121023e-37;1.8546794104047196e-12;0.026774610519214485,proxy_dimensions,4,,,,,0,lgg,320,107,16,0.5611687476471224,False,,,,all_real,discovery_proxy_dimensions,0,0,"[[-Infinity, Infinity]]",,all_real,discovery_proxy_dimensions,0,0,"[[-Infinity, Infinity]]",
RPS6,1,3,FOXM1,CDH1;PDCD4;RICTOR,3,2,2,1,,0.05,0.2,0.2,1.7436094304680624e-22;8.169594317889633e-06,1.0347870918573946e-19,proxy_dimensions,2,,,,,0,lgg,320,107,16,0.5572665551593071,False,,,,all_real,discovery_proxy_dimensions,0,0,"[[-Infinity, Infinity]]",,all_real,discovery_proxy_dimensions,0,0,"[[-Infinity, Infinity]]",
DIABLO,1,10,STAT5A,MYH11;EGFR;GAPDH;CAV1;CDH1;TFRC;RPS6;CDH2;PDCD4;RICTOR,3,2,2,1,,0.05,0.2,0.25,1.8227672272547282e-49;6.745368501674393e-08,1.2256995580770555e-42,proxy_dimensions,2,,,,,0,lgg,320,107,16,0.5518282532755854,False,,,,all_real,discovery_proxy_dimensions,0,0,"[[-Infinity, Infinity]]",,all_real,discovery_proxy_dimensions,0,0,"[[-Infinity, Infinity]]",
CDH2,2,3,CTNNB1;ERCC1,CDH1;PDCD4;RICTOR,3,3,3,2,,0.05,0.2,0.2,5.141628874975083e-46;1.2153546432698423e-08;0.013369440647226807,2.7008579698553943e-08;0.008691997893421186,proxy_dimensions,3,,,,,0,lgg,320,107,16,0.5478258024232554,False,,,,all_real,discovery_proxy_dimensions,0,0,"[[-Infinity, Infinity]]",,all_real,discovery_proxy_dimensions,0,0,"[[-Infinity, Infinity]]",
PRKCA,4,3,IGFBP2;CTNNB1;CCNB1;FN1,CDH1;PDCD4;RICTOR,3,3,3,2,0.01634017310778435,0.05,0.2,0.2,2.005501960302129e-19;8.764643163521514e-08;0.01595808016551911,1.0455153072297756e-17;5.986750560689198e-06;0.3844204131884147,conditional_information_dimension,3,0.07841478862929092,0.4622293644927312;0.3147935354876787;0.07841478862929092,0.016340173107784364,False,0,lgg,320,107,16,0.547615470562256,False,,,,all_real,discovery_conditional_information_dimension,0,0,"[[-Infinity, Infinity]]",,all_real,discovery_conditional_information_dimension,0,0,"[[-Infinity, Infinity]]",
CLDN7,4,15,VHL;FASN;MAPK9;EEF2,MYH11;KIT;EGFR;IGFBP2;GAPDH;CAV1;CDH1;TFRC;ACACA;RPS6;CDH2;PDCD4;RICTOR;SRC;ERBB3,3,5,5,4,,0.05,0.2,0.3,5.8646623272725385e-180;1.210777955987154e-84;1.3373154535476893e-47;4.986621004237547e-19;2.114071864115162e-07,1.9541374820021877e-114;1.741568037912488e-55;5.452421393555412e-26;4.909124396196487e-13,proxy_dimensions,5,,,,,0,lgg,320,107,16,0.544523529977915,False,,,,all_real,discovery_proxy_dimensions,0,0,"[[-Infinity, Infinity]]",,all_real,discovery_proxy_dimensions,0,0,"[[-Infinity, Infinity]]",
PDCD4,3,2,SYK;CDH2;XRCC5,MYH11;GAPDH,3,2,2,2,0.08112270825760455,0.05,0.4,0.3,2.836267827258346e-09;2.7391996940753464e-05,2.7290439644190635e-08;9.66006310441447e-05,reported,2,0.24025004065675187,0.2918563880068122;0.24025004065675187,0.08112270825760459,True,1,lgg,320,107,16,0.5294862360684529,True,163.0,0.06713868344925139,,all_real,estimation_moment_resampling,137,300,"[[-Infinity, Infinity]]",,all_real,estimation_moment_resampling,137,300,"[[-Infinity, Infinity]]",
FOXM1,3,10,CCNB1;RAB25;STAT5A,MYH11;EGFR;GAPDH;CAV1;CDH1;TFRC;RPS6;CDH2;PDCD4;RICTOR,3,4,4,3,,0.05,0.2,0.25,9.121470715195527e-96;5.454781258797083e-41;1.4500079646555168e-10;0.008392637336664593,7.182295817985315e-61;3.088026723990857e-13;0.015177888774183492,proxy_dimensions,4,,,,,0,lgg,320,107,16,0.5233107903239084,False,,,,all_real,discovery_proxy_dimensions,0,0,"[[-Infinity, Infinity]]",,all_real,discovery_proxy_dimensions,0,0,"[[-Infinity, Infinity]]",
RBM15,4,3,ATM;CCNB1;XRCC5;EEF2K,CDH1;PDCD4;RICTOR,3,3,3,3,0.06770451641292727,0.05,0.2,0.2,1.5571036823883663e-55;2.2992074433207398e-18;3.6606322755738065e-07,3.447115511109909e-25;2.698906606102958e-13;0.0002970218283128662,reported,3,0.22594021830432987,0.46425651312730076;0.4019794310570651;0.22594021830432987,0.06770451641292725,True,1,lgg,320,107,16,0.5181042843250164,True,192.0,0.05883170719550161,,all_real,estimation_moment_resampling,108,300,"[[-Infinity, Infinity]]",,all_real,estimation_moment_resampling,108,300,"[[-Infinity, Infinity]]",
MAP2K1,4,10,BRAF;PTEN;PDK1;YWHAZ,MYH11;EGFR;GAPDH;CAV1;CDH1;TFRC;RPS6;CDH2;PDCD4;RICTOR,3,5,5,4,,0.05,0.2,0.25,7.697539343230768e-70;4.40807672346096e-39;1.7264488340314996e-19;9.32408954500096e-06;0.0073444712199111275,6.46996719225566e-45;1.7540513505142567e-20;3.646359917002042e-07;0.00011012082833909629,proxy_dimensions,5,,,,,0,lgg,320,107,16,0.5135282616640825,False,,,,all_real,discovery_proxy_dimensions,0,0,"[[-Infinity, Infinity]]",,all_real,discovery_proxy_dimensions,0,0,"[[-Infinity, Infinity]]",
RAB25,4,10,SMAD1;TIGAR;FOXM1;ERBB3,MYH11;EGFR;GAPDH;CAV1;CDH1;TFRC;RPS6;CDH2;PDCD4;RICTOR,3,5,5,4,,0.05,0.2,0.25,3.7484518483286064e-85;8.464435795745809e-41;1.3512170055296665e-23;4.860241350510422e-11;0.0018374014226797818,8.556858553154172e-48;8.230764173251079e-29;4.685456421114174e-12;0.00010347813837898107,proxy_dimensions,5,,,,,0,lgg,320,107,16,0.5113913830170793,False,,,,all_real,discovery_proxy_dimensions,0,0,"[[-Infinity, Infinity]]",,all_real,discovery_proxy_dimensions,0,0,"[[-Infinity, Infinity]]",
KDR,2,3,TUBA1B;IGFBP2,CDH1;PDCD4;RICTOR,3,2,2,2,0.06531764893560574,0.05,0.2,0.2,1.3701565272385956e-06;0.049274769555973555;0.8202105472887395,1.093617828225114e-06;0.009936761315487291,reported,2,0.14529317284113527,0.28578778335297894;0.14529317284113527,0.055236187499897095,True,1,lgg,320,107,16,0.5021623481193607,True,171.0,0.06359141377236598,,all_real,estimation_moment_resampling,129,300,"[[-Infinity, Infinity]]",,all_real,estimation_moment_resampling,129,300,"[[-Infinity, Infinity]]",
RICTOR,2,1,TIGAR;EEF2K,PREX1,3,1,1,1,0.24642006984509623,0.05,0.2,0.15,1.4138137743997518e-08,5.479593813363564e-09,reported,1,0.33881591179800546,0.33881591179800546,0.24642006984509623,True,2,lgg,320,107,16,0.5014675590637537,True,158.0,0.08128113099972513,,all_real,estimation_moment_resampling,142,300,"[[-Infinity, Infinity]]",,all_real,estimation_moment_resampling,142,300,"[[-Infinity, Infinity]]",
SRC,1,3,ETS1,CDH1;PDCD4;RICTOR,3,2,2,1,,0.05,0.2,0.2,3.1623559487831574e-20;0.007328645369419445,1.858304365392023e-07,proxy_dimensions,2,,,,,0,lgg,320,107,16,0.485271600032845,False,,,,all_real,discovery_proxy_dimensions,0,0,"[[-Infinity, Infinity]]",,all_real,discovery_proxy_dimensions,0,0,"[[-Infinity, Infinity]]",
ESR1,2,3,VHL;FOXM1,CDH1;PDCD4;RICTOR,3,2,2,2,0.09377539449904444,0.05,0.2,0.2,7.267399205634181e-46;1.798955776627806e-14;0.16581322234520157,1.016378888834356e-19;1.3931309640943169e-08,reported,2,0.3133663619273426,0.428022762568054;0.3133663619273426,0.08113456692566898,True,1,lgg,320,107,16,0.4781876368771043,True,139.0,0.07675423612182924,,all_real,estimation_moment_resampling,161,300,"[[-Infinity, Infinity]]",,all_real,estimation_moment_resampling,161,300,"[[-Infinity, Infinity]]",
MAPK9,4,3,PEA15;CTNNB1;PTEN;CLDN7,CDH1;PDCD4;RICTOR,3,3,3,3,0.0415244650208616,0.05,0.2,0.2,1.9541759453886904e-31;1.8941161277617513e-08;0.0007022973393197719,1.9302947979604115e-15;5.971266709796785e-06;0.0003463015865786804,reported,3,0.223849775891774,0.42875529129278384;0.23962438671813208;0.223849775891774,0.04152446502086161,True,1,lgg,320,107,16,0.4634790977892099,True,,,,all_real,censoring_support,0,0,"[[-Infinity, Infinity]]",,all_real,censoring_support,0,0,"[[-Infinity, Infinity]]",Censoring positivity is below the reporting floor
STAT5A,3,10,SYK;DIABLO;FOXM1,MYH11;EGFR;GAPDH;CAV1;CDH1;TFRC;RPS6;CDH2;PDCD4;RICTOR,3,4,4,3,,0.05,0.2,0.25,3.826574926908148e-104;1.927543173707589e-46;7.417597193593899e-16;0.00011266268283793481,5.7835296340308305e-62;3.30884307344094e-29;0.00023991879514239495,proxy_dimensions,4,,,,,0,lgg,320,107,16,0.45769896185805087,False,,,,all_real,discovery_proxy_dimensions,0,0,"[[-Infinity, Infinity]]",,all_real,discovery_proxy_dimensions,0,0,"[[-Infinity, Infinity]]",
COL6A1,2,3,MYC;EEF2K,CDH1;PDCD4;RICTOR,3,2,2,1,0.02955199161047692,0.05,0.2,0.2,6.795609544865107e-16;0.0009524616981021733;0.6688832423151068,9.951903170525411e-08;0.1623487872179294,conditional_information_dimension,2,0.0790413354217498,0.33165064283864426;0.0790413354217498,0.026040428939779356,False,0,lgg,320,107,16,0.4547676575340036,False,,,,all_real,discovery_conditional_information_dimension,0,0,"[[-Infinity, Infinity]]",,all_real,discovery_conditional_information_dimension,0,0,"[[-Infinity, Infinity]]",
ERBB3,1,10,RAB25,MYH11;EGFR;GAPDH;CAV1;CDH1;TFRC;RPS6;CDH2;PDCD4;RICTOR,3,2,2,1,,0.05,0.2,0.25,9.254134693141081e-42;0.000310414941187115,1.8575721543500696e-33,proxy_dimensions,2,,,,,0,lgg,320,107,16,0.45380958001305033,False,,,,all_real,discovery_proxy_dimensions,0,0,"[[-Infinity, Infinity]]",,all_real,discovery_proxy_dimensions,0,0,"[[-Infinity, Infinity]]",
PDK1,2,10,CCNB1;MAP2K1,MYH11;EGFR;GAPDH;CAV1;CDH1;TFRC;RPS6;CDH2;PDCD4;RICTOR,3,3,3,2,,0.05,0.2,0.25,1.6754170116566156e-47;3.75482018983818e-17;1.135338847581494e-08,6.090361265115948e-19;1.526452118257903e-08,proxy_dimensions,3,,,,,0,lgg,320,107,16,0.4495340229020317,False,,,,all_real,discovery_proxy_dimensions,0,0,"[[-Infinity, Infinity]]",,all_real,discovery_proxy_dimensions,0,0,"[[-Infinity, Infinity]]",
XRCC5,3,15,ATM;TP53BP1;RBM15,MYH11;KIT;EGFR;IGFBP2;GAPDH;CAV1;CDH1;TFRC;ACACA;RPS6;CDH2;PDCD4;RICTOR;SRC;ERBB3,3,4,4,3,,0.05,0.2,0.3,4.2585936884622425e-86;3.816757739703886e-19;1.9895094763807996e-07;0.006570676496159585,1.0618337991912723e-35;6.641371389175859e-15;0.007673019738480152,proxy_dimensions,4,,,,,0,lgg,320,107,16,0.44355342302946144,False,,,,all_real,discovery_proxy_dimensions,0,0,"[[-Infinity, Infinity]]",,all_real,discovery_proxy_dimensions,0,0,"[[-Infinity, Infinity]]",
EEF2,2,10,TUBA1B;CLDN7,MYH11;EGFR;GAPDH;CAV1;CDH1;TFRC;RPS6;CDH2;PDCD4;RICTOR,3,3,3,2,,0.05,0.2,0.25,6.937504051454345e-71;1.3663786854580294e-30;1.366131119730442e-09,8.787219451850277e-50;1.2129023707104426e-14,proxy_dimensions,3,,,,,0,lgg,320,107,16,0.440815548076158,False,,,,all_real,discovery_proxy_dimensions,0,0,"[[-Infinity, Infinity]]",,all_real,discovery_proxy_dimensions,0,0,"[[-Infinity, Infinity]]",
MYC,2,10,HSPA1A;COL6A1,MYH11;EGFR;GAPDH;CAV1;CDH1;TFRC;RPS6;CDH2;PDCD4;RICTOR,3,3,3,2,,0.05,0.2,0.25,2.7366640944518496e-28;2.3492571762956748e-11;0.004490650341233772,4.6892343971790265e-23;9.186119740432167e-08,proxy_dimensions,3,,,,,0,lgg,320,107,16,0.437941089573268,False,,,,all_real,discovery_proxy_dimensions,0,0,"[[-Infinity, Infinity]]",,all_real,discovery_proxy_dimensions,0,0,"[[-Infinity, Infinity]]",
TSC1,3,3,BRAF;ACACA;AKT1,CDH1;PDCD4;RICTOR,3,3,3,3,0.05877500643148552,0.05,0.2,0.2,9.084064929531861e-48;8.140824783942412e-26;0.0004388966170776577,8.868235781283968e-38;6.202608455419929e-17;0.00011069703004639686,reported,3,0.21677579722472778,0.5580277665541318;0.44105820548359526;0.21677579722472778,0.058775006431485526,True,1,lgg,320,107,16,0.4336288208464151,True,163.0,0.054677193744098844,,all_real,estimation_moment_resampling,137,300,"[[-Infinity, Infinity]]",,all_real,estimation_moment_resampling,137,300,"[[-Infinity, Infinity]]",
EEF2K,3,10,TUBA1B;KIT;RBM15,MYH11;EGFR;GAPDH;CAV1;CDH1;TFRC;RPS6;CDH2;PDCD4;RICTOR,3,4,4,3,,0.05,0.2,0.25,2.4823847627820942e-82;1.8113863308231081e-31;3.569641977871355e-08;0.0028167027665665493,7.86324278356362e-50;4.3457553872144755e-17;0.00205168911682834,proxy_dimensions,4,,,,,0,lgg,320,107,16,0.42475032850147315,False,,,,all_real,discovery_proxy_dimensions,0,0,"[[-Infinity, Infinity]]",,all_real,discovery_proxy_dimensions,0,0,"[[-Infinity, Infinity]]",
ERCC1,2,10,PEA15;RAD51,MYH11;EGFR;GAPDH;CAV1;CDH1;TFRC;RPS6;CDH2;PDCD4;RICTOR,3,3,3,2,,0.05,0.2,0.25,1.0489428314564573e-61;1.3272393672695666e-25;6.995672807256176e-09,2.8275359135400463e-38;1.526943648249399e-19,proxy_dimensions,3,,,,,0,lgg,320,107,16,0.4239713438682907,False,,,,all_real,discovery_proxy_dimensions,0,0,"[[-Infinity, Infinity]]",,all_real,discovery_proxy_dimensions,0,0,"[[-Infinity, Infinity]]",
AKT1,2,2,STAT5A;TSC1,MYH11;GAPDH,3,2,2,2,0.07615393060065907,0.05,0.4,0.3,4.5590680935137763e-10;3.3720694515134004e-05,4.963703935468832e-06;0.002620079198538091,reported,2,0.1692628640730141,0.2548314856669539;0.1692628640730141,0.07615393060065906,True,1,lgg,320,107,16,0.4234107608162551,True,,,,all_real,censoring_support,0,0,"[[-Infinity, Infinity]]",,all_real,censoring_support,0,0,"[[-Infinity, Infinity]]",Censoring positivity is below the reporting floor
YWHAZ,2,10,TUBA1B;MAP2K1,MYH11;EGFR;GAPDH;CAV1;CDH1;TFRC;RPS6;CDH2;PDCD4;RICTOR,3,3,3,2,,0.05,0.2,0.25,2.5209485164124e-63;2.2946834706252862e-36;4.931545248608272e-12,2.0863752220620252e-43;7.446498648113714e-16,proxy_dimensions,3,,,,,0,lgg,320,107,16,0.42101316422736046,False,,,,all_real,discovery_proxy_dimensions,0,0,"[[-Infinity, Infinity]]",,all_real,discovery_proxy_dimensions,0,0,"[[-Infinity, Infinity]]",
