study,exposure,n_discovery,n_estimation,estimation_events,r_grid,Z,W,rmst_estimate,rmst_kind,rmst_intervals,survival_estimate,survival_kind,survival_intervals,rmst_boot_success,survival_boot_success,rmst_outside_target_range,survival_outside_target_range
blca,BAP1,256,86,39,3,EEF2K;TP53BP1;EIF4G1,TFRC;TUBA1B;GAPDH;G6PD;SQSTM1;CCNE1;ASNS;IGFBP2;KIT;AKT1;KDR;EGFR,-3.7847519769620415,all_real,"[[-Infinity, Infinity]]",-0.1203831640449654,all_real,"[[-Infinity, Infinity]]",295,295,False,False
blca,EGFR,256,86,39,2,GATA3;PDCD4,TUBA1B;GAPDH;G6PD;SQSTM1;KIT;KDR,1.708851138202989,all_real,"[[-Infinity, Infinity]]",-0.0098399290852102,all_real,"[[-Infinity, Infinity]]",294,294,False,False
blca,HSPA1A,256,86,39,3,FN1;ACACA;MYC;COL6A1,TUBA1B;GAPDH;G6PD;SQSTM1;IGFBP2;KIT;AKT1;KDR,25.07686542801836,all_real,"[[-Infinity, Infinity]]",0.723919751306455,all_real,"[[-Infinity, Infinity]]",294,294,False,False
blca,MYC,256,86,39,3,STAT5A;HSPA1A;TP53;COL6A1,TUBA1B;GAPDH;G6PD;SQSTM1;IGFBP2;KIT;AKT1;KDR,1.7231424621388154,all_real,"[[-Infinity, Infinity]]",-0.0035080977695792,all_real,"[[-Infinity, Infinity]]",295,295,False,False
blca,PRKCA,256,86,39,3,RICTOR;CDH1;INPP4B;TGM2;RPS6,TUBA1B;GAPDH;G6PD;SQSTM1;KIT;KDR,10.415962861193194,all_real,"[[-Infinity, Infinity]]",0.2963548555141828,all_real,"[[-Infinity, Infinity]]",298,298,False,False
blca,PXN,256,86,39,3,EEF2K;ASNS;PTEN;EIF4G1;TSC2,TUBA1B;GAPDH;G6PD;SQSTM1;IGFBP2;KIT;AKT1;KDR,-3.617324758859106,all_real,"[[-Infinity, Infinity]]",-0.2491923024010668,all_real,"[[-Infinity, Infinity]]",294,294,False,False
blca,SRC,256,86,39,4,INPP4B;FASN;GATA3;EIF4G1,VHL;TFRC;CCNB1;TUBA1B;RPS6;G6PD;BRAF;PXN;SQSTM1;PDCD4;ASNS;IGFBP2;KIT;KDR;BAP1,2.6750725488079787,all_real,"[[-Infinity, Infinity]]",0.0434412050076632,all_real,"[[-Infinity, Infinity]]",299,299,False,False
blca,STAT5A,256,86,39,4,ATM;MYC;ITGA2;TSC2,TUBA1B;GAPDH;G6PD;SQSTM1;KIT;KDR,-7.17280914406229,all_real,"[[-Infinity, Infinity]]",0.1416232898752454,all_real,"[[-Infinity, Infinity]]",294,294,False,False
brca,SERPINE1,657,219,33,2,FN1;ANXA1;EEF2K,TFRC;PTEN;GAB2,-4.367594016813676,all_real,"[[-Infinity, Infinity]]",-0.2378838572296394,all_real,"[[-Infinity, Infinity]]",293,293,False,False
kirc,ACACA,341,114,42,4,CCNB1;EEF2;RAB11A;FASN,TGM2;GAB2;CAV1;ATM;SQSTM1;CDH1;ERBB3;ANXA1;KDR;CLDN7;STAT5A;INPP4B;G6PD;SYK;DIABLO;RBM15;BAK1;ERRFI1;PDCD4;PXN;AR;PRKCA;TP53;NF2;RAD51;TP53BP1;TSC1;BCL2;KIT;ESR1;MAP2K1;XRCC5,-11.05628213034493,all_real,"[[-Infinity, Infinity]]",-0.5328428656954718,all_real,"[[-Infinity, Infinity]]",300,300,False,False
kirc,CASP7,341,114,42,3,CCNB1;CTNNB1;PXN,GAB2;ERRFI1;PDCD4;PRKCA;MAP2K1;XRCC5,-1.518298584731397,all_real,"[[-Infinity, Infinity]]",-0.0520415244112842,all_real,"[[-Infinity, Infinity]]",299,299,False,False
kirc,COL6A1,341,114,42,3,RICTOR;CAV1;EEF2;ETS1,GAB2;ERRFI1;PDCD4;PRKCA;MAP2K1;XRCC5,0.5631956156401654,all_real,"[[-Infinity, Infinity]]",-0.0030580127056577,all_real,"[[-Infinity, Infinity]]",300,300,False,False
kirc,CTNNB1,341,114,42,5,VHL;SERPINE1;CCNB1;IGFBP2;PTEN;TSC1;CASP7,GAB2;CAV1;CDH1;KDR;CLDN7;ERRFI1;PDCD4;PXN;PRKCA;ESR1;MAP2K1;XRCC5,4.238283096897799,all_real,"[[-Infinity, Infinity]]",0.1207728623997916,all_real,"[[-Infinity, Infinity]]",300,300,False,False
kirc,HSPA1A,341,114,42,2,DIABLO;ETS1,GAB2;ERRFI1;PDCD4;PRKCA;MAP2K1;XRCC5,0.6957649850394562,all_real,"[[-Infinity, Infinity]]",-0.0375707756615072,all_real,"[[-Infinity, Infinity]]",300,300,False,False
kirc,KDR,341,114,42,3,CAV1;SQSTM1;ERBB3,GAPDH;TGM2;GAB2;HSPA1A;ANXA1;IGFBP2;BAK1;ERRFI1;PRKCA;NF2;PRKAA1;TP53BP1;BCL2;XRCC5,-1.7727720976848245,all_real,"[[-Infinity, Infinity]]",-0.0454240641383032,all_real,"[[-Infinity, Infinity]]",299,299,False,False
kirc,KIT,341,114,42,3,VHL;RBM15;RAB11A,GAPDH;TGM2;GAB2;HSPA1A;ANXA1;IGFBP2;BAK1;ERRFI1;PRKCA;NF2;PRKAA1;TP53BP1;BCL2;XRCC5,2.7014942425548063,all_real,"[[-Infinity, Infinity]]",0.1826751469450737,all_real,"[[-Infinity, Infinity]]",299,299,False,False
kirc,MAPK1,341,114,42,5,CCNB1;CLDN7;PXN;BRAF;ESR1,GAB2;ERRFI1;PDCD4;PRKCA;MAP2K1;XRCC5,-5.826208130360409,all_real,"[[-Infinity, Infinity]]",-0.405827003317426,all_real,"[[-Infinity, Infinity]]",300,300,False,False
kirc,PTEN,341,114,42,3,SERPINE1;FN1;CTNNB1;TSC1,GAB2;ERRFI1;PDCD4;PRKCA;MAP2K1;XRCC5,1.4705977897397888,all_real,"[[-Infinity, Infinity]]",0.0220666263537331,all_real,"[[-Infinity, Infinity]]",300,300,False,False
kirc,PXN,341,114,42,2,MAPK1;CASP7,GAB2;ERRFI1;PDCD4;PRKCA;MAP2K1;XRCC5,20.56433485303389,all_real,"[[-Infinity, Infinity]]",0.6558954520686645,all_real,"[[-Infinity, Infinity]]",296,296,False,False
kirc,RBM15,341,114,42,4,ATM;STAT5A;NF2;TP53BP1;KIT,GAB2;CAV1;CDH1;KDR;CLDN7;ERRFI1;PDCD4;PXN;PRKCA;ESR1;MAP2K1;XRCC5,-8.777340546279115,all_real,"[[-Infinity, Infinity]]",-0.2068546017463153,all_real,"[[-Infinity, Infinity]]",300,300,False,False
kirc,TFRC,341,114,42,6,ERBB3;CCNB1;DIABLO;RPS6;FASN;ESR1,GAPDH;TGM2;GAB2;HSPA1A;ANXA1;IGFBP2;BAK1;ERRFI1;PRKCA;NF2;PRKAA1;TP53BP1;BCL2;XRCC5,33.47764261511119,all_real,"[[-Infinity, Infinity]]",-0.1586596232929215,all_real,"[[-Infinity, Infinity]]",300,300,False,False
kirc,TP53BP1,341,114,42,2,RBM15;BRAF,GAB2;ERRFI1;PDCD4;PRKCA;MAP2K1;XRCC5,-2.0987718180826342,all_real,"[[-Infinity, Infinity]]",-0.002393082360754,all_real,"[[-Infinity, Infinity]]",300,300,False,False
kirc,TUBA1B,341,114,42,3,SERPINE1;ASNS;TSC2,GAB2;ERRFI1;PDCD4;PRKCA;MAP2K1;XRCC5,-2.030105022684996,all_real,"[[-Infinity, Infinity]]",-0.1085231243116234,all_real,"[[-Infinity, Infinity]]",299,299,False,False
luad,HSPA1A,264,88,33,2,DIABLO;CDH2,VHL;GAPDH;SERPINE1;TUBA1B;ASNS;ERBB2;PDCD4;BRAF;KDR;PXN;FN1;MYC;EEF2;EIF4EBP1;ITGA2;EIF4G1;TP53BP1;MSH2,17.520968384434827,all_real,"[[-Infinity, Infinity]]",3.791131432848994,all_real,"[[-Infinity, Infinity]]",296,296,False,True
luad,TGM2,264,88,33,3,CAV1;SERPINE1;CCNB1,VHL;IGFBP2;TUBA1B;ANXA1;INPP4B;SQSTM1;KDR;DIABLO;MYC;EEF2;ESR1;ITGA2,2.008362062336264,all_real,"[[-Infinity, Infinity]]",0.120614624055052,all_real,"[[-Infinity, Infinity]]",294,294,False,False
ov,ACACA,308,103,67,3,FASN;ASNS;NF2,VHL;GAPDH;IGFBP2;RAB25;GAB2;EEF2K;TP53;MAP2K1,-53.60329140143098,all_real,"[[-Infinity, Infinity]]",2.785655690031352,all_real,"[[-Infinity, Infinity]]",298,298,True,True
ov,ANXA1,308,103,67,1,BCL2L11;TP53BP1,VHL;GAB2;MAP2K1,1.8347121528758188,disconnected,"[[-Infinity, -9.763834081485527], [-2.818847645172586, Infinity]]",0.0544370884839955,all_real,"[[-Infinity, Infinity]]",298,298,False,False
ov,ATM,308,103,67,2,RPS6;BRAF,VHL;GAB2;MAP2K1,-0.1930318166995805,all_real,"[[-Infinity, Infinity]]",0.0054428491277115,all_real,"[[-Infinity, Infinity]]",298,298,False,False
ov,BRAF,308,103,67,2,CTNNB1;ETS1,VHL;GAPDH;IGFBP2;RAB25;GAB2;EEF2K;TP53;MAP2K1,-20.197215874731757,all_real,"[[-Infinity, Infinity]]",-1.3871728882912122,all_real,"[[-Infinity, Infinity]]",298,298,False,True
ov,CASP7,308,103,67,2,CTNNB1;EEF2,GAPDH;TUBA1B;TFRC;IGFBP2;FN1;SERPINE1;ANXA1;RAB25;GAB2;BCL2L11;ERBB2;EEF2K;PTEN;TP53;KIT;CHEK2;BCL2,-1.0080867840116188,all_real,"[[-Infinity, Infinity]]",-0.0321068527551129,all_real,"[[-Infinity, Infinity]]",298,298,False,False
ov,CAV1,308,103,67,3,MYH11;COL6A1;CHEK2,VHL;GAPDH;ESR1;TUBA1B;TFRC;IGFBP2;CLDN7;CDH1;CCNB1;SYK;ANXA1;RAB25;CASP7;ATM;CCNE1;GAB2;FASN;CTNNB1;MSH6;STAT5A;ASNS;BCL2L11;ACACA;ERBB2;PDCD4;TP53BP1;SQSTM1;BRAF;FOXM1;MAPK1;MSH2;EEF2K;PTEN;DIABLO;ETS1;RBM15;TP53;NF2;MAP2K1;KIT;PEA15;CDH2;EEF2;BCL2,-12.88368387241791,all_real,"[[-Infinity, Infinity]]",-0.0056918123195731,all_real,"[[-Infinity, Infinity]]",298,298,False,False
ov,CCNB1,308,103,67,5,CCNE1;ASNS;SQSTM1;FOXM1;PRKCA,VHL;GAPDH;IGFBP2;ANXA1;RAB25;GAB2;BCL2L11;ERBB2;MAPK1;EEF2K;PTEN;DIABLO;TP53;NF2;MAP2K1;KIT;PEA15;EEF2;BCL2,-5.5410016895110425,all_real,"[[-Infinity, Infinity]]",-0.2084704271166216,all_real,"[[-Infinity, Infinity]]",299,299,False,False
ov,CCNE1,308,103,67,2,CCNB1;BCL2L11;CHEK2,VHL;GAPDH;IGFBP2;RAB25;GAB2;EEF2K;TP53;MAP2K1,-10.223022935078832,all_real,"[[-Infinity, Infinity]]",-0.3161993479860745,all_real,"[[-Infinity, Infinity]]",297,297,False,False
ov,CDH2,308,103,67,3,HSPA1A;STAT5A;SQSTM1,VHL;GAPDH;IGFBP2;RAB25;GAB2;EEF2K;TP53;MAP2K1,7.801036740410358,all_real,"[[-Infinity, Infinity]]",0.1260528655990813,all_real,"[[-Infinity, Infinity]]",298,298,False,False
ov,CLDN7,308,103,67,3,CDH1;DIABLO;PRKCA,GAPDH;TUBA1B;TFRC;IGFBP2;FN1;SERPINE1;ANXA1;RAB25;GAB2;BCL2L11;ERBB2;EEF2K;PTEN;TP53;KIT;CHEK2;BCL2,-0.4532342855731399,all_real,"[[-Infinity, Infinity]]",-0.139964449279748,all_real,"[[-Infinity, Infinity]]",299,299,False,False
ov,DIABLO,308,103,67,3,CLDN7;INPP4B;TP53BP1,VHL;GAPDH;IGFBP2;RAB25;GAB2;EEF2K;TP53;MAP2K1,-5.459124967820869,all_real,"[[-Infinity, Infinity]]",-0.309251574177018,all_real,"[[-Infinity, Infinity]]",298,298,False,False
ov,EEF2,308,103,67,2,GAPDH;ESR1;CASP7;RPS6;EEF2K,VHL;GAB2;MAP2K1,3.4060001444342247,all_real,"[[-Infinity, Infinity]]",0.1166250453342679,all_real,"[[-Infinity, Infinity]]",293,293,False,False
ov,ERBB3,308,103,67,5,INPP4B;MYC;ETS1;PRKCA;COL6A1,GAPDH;TUBA1B;TFRC;IGFBP2;FN1;SERPINE1;ANXA1;RAB25;GAB2;BCL2L11;ERBB2;EEF2K;PTEN;TP53;KIT;CHEK2;BCL2,1.906678175587731,all_real,"[[-Infinity, Infinity]]",0.1715469598488399,all_real,"[[-Infinity, Infinity]]",297,297,False,False
ov,FOXM1,308,103,67,3,CCNB1;MSH6;ETS1,VHL;GAPDH;IGFBP2;ANXA1;RAB25;GAB2;BCL2L11;ERBB2;MAPK1;EEF2K;PTEN;DIABLO;TP53;NF2;MAP2K1;KIT;PEA15;EEF2;BCL2,-17.388727800579062,all_real,"[[-Infinity, Infinity]]",-1.4717728468805722,all_real,"[[-Infinity, Infinity]]",297,297,False,True
ov,HSPA1A,308,103,67,2,CDH2;COL6A1,VHL;GAPDH;IGFBP2;ANXA1;RAB25;GAB2;BCL2L11;ERBB2;MAPK1;EEF2K;PTEN;DIABLO;TP53;NF2;MAP2K1;KIT;PEA15;EEF2;BCL2,-0.623790852707774,bounded,"[[-21.972806311723506, 10.1875676304381]]",-0.0754007546767834,bounded,"[[-0.8032467221287413, 0.359991745186875]]",298,298,False,False
ov,IGFBP2,308,103,67,1,TP53BP1;BCL2,VHL;GAB2;MAP2K1,-0.7463277107734082,disconnected,"[[-Infinity, 12.10554137891072], [18.697840378909227, Infinity]]",0.0241352197419707,all_real,"[[-Infinity, Infinity]]",297,297,False,False
ov,KIT,308,103,67,2,HSPA1A;PRKCA;BCL2,VHL;GAPDH;IGFBP2;RAB25;GAB2;EEF2K;TP53;MAP2K1,5.794361814935913,all_real,"[[-Infinity, Infinity]]",0.473033393710362,all_real,"[[-Infinity, Infinity]]",297,297,False,False
ov,MAP2K1,308,103,67,3,VHL;MSH2;PEA15,GAPDH;TUBA1B;TFRC;IGFBP2;FN1;SERPINE1;ANXA1;RAB25;GAB2;BCL2L11;ERBB2;EEF2K;PTEN;TP53;KIT;CHEK2;BCL2,2.3105669007385217,disconnected,"[[-Infinity, -86.42304379411618], [-12.85358666710465, Infinity]]",0.1523446535290805,disconnected,"[[-Infinity, -3.014128283764844], [-0.3965900082127272, Infinity]]",296,296,False,False
ov,MSH2,308,103,67,2,TUBA1B;MSH6;RPS6,VHL;GAPDH;IGFBP2;RAB25;GAB2;EEF2K;TP53;MAP2K1,3.049645861452136,all_real,"[[-Infinity, Infinity]]",-0.0010975847108696,all_real,"[[-Infinity, Infinity]]",299,299,False,False
ov,PREX1,308,103,67,2,TUBA1B;AR;CASP7;SQSTM1;TGM2,VHL;GAB2;MAP2K1,6.719404909837661,all_real,"[[-Infinity, Infinity]]",-0.7413800936705558,all_real,"[[-Infinity, Infinity]]",294,294,False,False
ov,PTEN,308,103,67,1,CHEK2,VHL;GAPDH;IGFBP2;RAB25;GAB2;EEF2K;TP53;MAP2K1,1.0186187771060513,bounded,"[[-2.065566608349797, 4.237377824802378]]",0.0647322861272709,bounded,"[[-0.06769681852189784, 0.19306984480230527]]",298,298,False,False
ov,SERPINE1,308,103,67,2,FN1;RBM15,VHL;GAPDH;IGFBP2;RAB25;GAB2;EEF2K;TP53;MAP2K1,-11.554533160554168,all_real,"[[-Infinity, Infinity]]",-0.3947616706022299,all_real,"[[-Infinity, Infinity]]",296,296,False,False
ov,SYK,308,103,67,3,FOXM1;RBM15;COL6A1,VHL;GAPDH;IGFBP2;RAB25;GAB2;EEF2K;TP53;MAP2K1,4.950270886200092,all_real,"[[-Infinity, Infinity]]",0.1992415290005059,all_real,"[[-Infinity, Infinity]]",298,298,False,False
ov,TUBA1B,308,103,67,2,MSH2;PREX1,VHL;GAPDH;IGFBP2;RAB25;GAB2;EEF2K;TP53;MAP2K1,-23.209740267742884,all_real,"[[-Infinity, Infinity]]",-1.0653962286814538,all_real,"[[-Infinity, Infinity]]",300,300,False,True
skcm,AKT1,237,80,37,3,HSPA1A;ATM;TP53BP1,PTEN;SQSTM1;RICTOR;DIABLO;BAK1,4.6021277259428,all_real,"[[-Infinity, Infinity]]",-1.4636512238051602,all_real,"[[-Infinity, Infinity]]",300,300,False,True
skcm,BRAF,237,80,37,2,FN1;ETS1,PTEN;SQSTM1;RICTOR;DIABLO;BAK1,-53.664413811172665,all_real,"[[-Infinity, Infinity]]",-2.22086850846302,all_real,"[[-Infinity, Infinity]]",300,300,True,True
skcm,CCNB1,237,80,37,4,PRKCA;ACACA;MSH6;EIF4EBP1;CCNE1,PTEN;SQSTM1;RICTOR;DIABLO;BAK1,9.831233759306164,all_real,"[[-Infinity, Infinity]]",-0.0164313906211528,all_real,"[[-Infinity, Infinity]]",299,299,False,False
skcm,CCNE1,237,80,37,3,CAV1;CCNB1;ACACA;EIF4EBP1,PTEN;SQSTM1;RICTOR;DIABLO;BAK1,6.850778179994493,all_real,"[[-Infinity, Infinity]]",0.0241570271314619,all_real,"[[-Infinity, Infinity]]",300,300,False,False
skcm,COL6A1,237,80,37,4,MYH11;CAV1;RPS6;HSPA1A;MYC,PTEN;SQSTM1;RICTOR;DIABLO;BAK1,-4.373214363950678,all_real,"[[-Infinity, Infinity]]",-0.1667572444491313,all_real,"[[-Infinity, Infinity]]",294,294,False,False
skcm,EIF4G1,237,80,37,3,EEF2K;TP53BP1;BAP1,CDH1;SERPINE1;KIT;TFRC;CTNNB1;ANXA1;IGFBP2;GAB2;MYC;PTEN;SQSTM1;PRKCA;PDCD4;BCL2;RICTOR;DIABLO;MAP2K1;BAK1;MSH2,1.1092798680884794,all_real,"[[-Infinity, Infinity]]",-0.7821580190638673,all_real,"[[-Infinity, Infinity]]",299,299,False,False
skcm,ETS1,237,80,37,4,TUBA1B;RPS6;EEF2;BRAF;BCL2;ACACA;MSH2,PTEN;SQSTM1;RICTOR;DIABLO;BAK1,-13.89463873814085,all_real,"[[-Infinity, Infinity]]",-0.704276632000598,all_real,"[[-Infinity, Infinity]]",297,297,False,False
skcm,FN1,237,80,37,3,HSPA1A;BRAF;BCL2,PTEN;SQSTM1;RICTOR;DIABLO;BAK1,-3.021688728156685,all_real,"[[-Infinity, Infinity]]",-0.1299551293028569,all_real,"[[-Infinity, Infinity]]",298,298,False,False
skcm,KIT,237,80,37,2,CDH1;STAT5A;BCL2,PTEN;SQSTM1;RICTOR;DIABLO;BAK1,-1.1530278847552886,all_real,"[[-Infinity, Infinity]]",-0.0757287375347992,all_real,"[[-Infinity, Infinity]]",299,299,False,False
