exposure,nZ,nW,Z,W,r_pca,r_bridge,r_joint,r_signal,nu,rank_test_level,window_fraction,alpha,joint_pvalues,conditional_pvalues,status,r_grid,conditional_root,eligible_designs,study,n_discovery,n_estimation,estimation_events,exposure_sd,design_ready,rmst_estimate,rmst_kind,rmst_status,rmst_boot_success,rmst_boot_attempts,rmst_intervals,survival_estimate,survival_kind,survival_status,survival_boot_success,survival_boot_attempts,survival_intervals,conditional_roots,nu_raw,conditional_rank_agreement,censor_boot_failures,min_g,reason
CDH1,2,57,CTNNB1;DIABLO,MYH11;VHL;SERPINE1;KIT;TFRC;CAV1;TUBA1B;GAPDH;CASP7;STAT5A;ANXA1;RPS6;FASN;HSPA1A;IGFBP2;SYK;ASNS;RBM15;GAB2;MYC;INPP4B;CCNB1;PTEN;SQSTM1;ATM;FN1;PXN;EEF2;ERBB3;EEF2K;PRKCA;BRAF;PDCD4;ETS1;COL6A1;NF2;BCL2;AKT1;TP53BP1;PREX1;RICTOR;EIF4G1;ACACA;LCK;RAD50;BAP1;MSH6;EIF4EBP1;MAP2K1;CCNE1;BAK1;RAD51;AR;RAB25;XRCC5;TSC2;MSH2,3,3,3,2,,0.05,0.2,0.15,6.356034741933846e-39;1.428608701464941e-22;6.492340479687565e-10,1.1695510304875263e-28;4.3302389029439875e-13,proxy_dimensions,3,,0,skcm,237,80,37,1.482947010963017,False,,all_real,discovery_proxy_dimensions,0,0,"[[-Infinity, Infinity]]",,all_real,discovery_proxy_dimensions,0,0,"[[-Infinity, Infinity]]",,,,,,
MYH11,2,38,COL6A1;RICTOR,CDH1;SERPINE1;KIT;TFRC;CAV1;TUBA1B;GAPDH;CASP7;STAT5A;CTNNB1;ANXA1;RPS6;IGFBP2;SYK;ASNS;GAB2;INPP4B;PTEN;SQSTM1;ATM;PXN;EEF2K;PRKCA;PDCD4;BCL2;AKT1;TP53BP1;PREX1;EIF4G1;LCK;BAP1;MSH6;DIABLO;MAP2K1;BAK1;XRCC5;TSC2;MSH2,3,3,3,2,,0.05,0.2,0.15,5.018403527461792e-49;1.0900178273168149e-17;5.53969456185353e-07,1.15017713821898e-41;7.217008312689232e-13,proxy_dimensions,3,,0,skcm,237,80,37,1.389172058469428,False,,all_real,discovery_proxy_dimensions,0,0,"[[-Infinity, Infinity]]",,all_real,discovery_proxy_dimensions,0,0,"[[-Infinity, Infinity]]",,,,,,
VHL,3,5,MYH11;ERBB3;RAB25,PTEN;SQSTM1;RICTOR;DIABLO;BAK1,3,3,3,2,0.0361427520234586,0.05,0.4,0.2,6.370955803171355e-10;0.004139486678044652;0.02941808817781697;0.3238954807858123,4.0785415650974234e-10;0.0015455440234912945;0.07409362816032879,conditional_information_dimension,3,0.11748737514259767,0,skcm,237,80,37,1.378455043416905,False,,all_real,discovery_conditional_information_dimension,0,0,"[[-Infinity, Infinity]]",,all_real,discovery_conditional_information_dimension,0,0,"[[-Infinity, Infinity]]",0.42270721540067785;0.2458574391810338;0.11748737514259767,0.034257410947338404,False,,,
SERPINE1,2,5,TFRC;RBM15,PTEN;SQSTM1;RICTOR;DIABLO;BAK1,3,3,3,2,,0.05,0.4,0.2,1.6072813242744813e-28;1.0421299992363565e-14;0.002537926206763367,7.396994672250141e-21;6.23478572388731e-08,proxy_dimensions,3,,0,skcm,237,80,37,1.2848109151989848,False,,all_real,discovery_proxy_dimensions,0,0,"[[-Infinity, Infinity]]",,all_real,discovery_proxy_dimensions,0,0,"[[-Infinity, Infinity]]",,,,,,
KIT,3,5,CDH1;STAT5A;BCL2,PTEN;SQSTM1;RICTOR;DIABLO;BAK1,3,2,2,2,0.1311449229011476,0.05,0.4,0.2,2.2950689998247444e-21;1.9833966044979363e-06;0.11788028902765636;0.7942596077972282,2.268660177078343e-26;8.188423610340178e-09,reported,2,0.3866379021116079,1,skcm,237,80,37,1.2197153010644024,True,-1.1530278847552886,all_real,estimated,299,300,"[[-Infinity, Infinity]]",-0.07572873753479926,all_real,estimated,299,300,"[[-Infinity, Infinity]]",0.5849740632400904;0.3866379021116079,0.08544717531165844,True,1.0,0.44109450030341074,
TFRC,3,5,SERPINE1;PRKCA;PDCD4,PTEN;SQSTM1;RICTOR;DIABLO;BAK1,3,3,3,2,0.012163906172745235,0.05,0.4,0.2,2.1257142389247986e-19;1.3347376940022585e-06;0.0036060775165949127;0.17931273037035095,5.382466959544136e-08;0.002505264941867419;0.5350286997701301,conditional_information_dimension,3,0.040931909726789985,0,skcm,237,80,37,1.148443138374176,False,,all_real,discovery_conditional_information_dimension,0,0,"[[-Infinity, Infinity]]",,all_real,discovery_conditional_information_dimension,0,0,"[[-Infinity, Infinity]]",0.37698486681848636;0.2597725730925634;0.040931909726789985,0.030649133649824925,False,,,
CAV1,3,19,MYH11;COL6A1;CCNE1,CDH1;SERPINE1;KIT;TFRC;CTNNB1;ANXA1;IGFBP2;GAB2;MYC;PTEN;SQSTM1;PRKCA;PDCD4;BCL2;RICTOR;DIABLO;MAP2K1;BAK1;MSH2,3,3,3,3,0.1023042967279546,0.05,0.4,0.25,5.091267083576522e-48;7.277354593539293e-21;9.796425641791347e-05;0.08694269828261691,6.95825620163938e-47;2.939195164841321e-20;6.646957401915886e-10,reported,3,0.3912091820219971,1,skcm,237,80,37,1.1328321351796018,True,,all_real,estimation_moment_resampling,279,300,"[[-Infinity, Infinity]]",,all_real,estimation_moment_resampling,279,300,"[[-Infinity, Infinity]]",0.6818186849347101;0.4783973534396899;0.3912091820219971,0.05526199379246674,True,21.0,0.20044606219498293,
TUBA1B,1,58,IGFBP2,CDH1;MYH11;VHL;SERPINE1;KIT;TFRC;CAV1;GAPDH;CASP7;STAT5A;CTNNB1;ANXA1;RPS6;FASN;HSPA1A;SYK;ASNS;RBM15;GAB2;MYC;INPP4B;CCNB1;PTEN;SQSTM1;ATM;FN1;PXN;EEF2;ERBB3;EEF2K;PRKCA;BRAF;PDCD4;ETS1;COL6A1;NF2;BCL2;AKT1;TP53BP1;PREX1;RICTOR;EIF4G1;ACACA;LCK;RAD50;BAP1;MSH6;EIF4EBP1;DIABLO;MAP2K1;CCNE1;BAK1;RAD51;AR;RAB25;XRCC5;TSC2;MSH2,3,2,2,1,,0.05,0.2,0.15,7.267235548731476e-19;7.99001469391742e-05,4.360918799391676e-08,proxy_dimensions,2,,0,skcm,237,80,37,1.129662844393591,False,,all_real,discovery_proxy_dimensions,0,0,"[[-Infinity, Infinity]]",,all_real,discovery_proxy_dimensions,0,0,"[[-Infinity, Infinity]]",,,,,,
GAPDH,1,5,EEF2,PTEN;SQSTM1;RICTOR;DIABLO;BAK1,3,2,2,1,,0.05,0.4,0.2,6.606432132901524e-13;0.0074106824200166725,2.0018155137714775e-06,proxy_dimensions,2,,0,skcm,237,80,37,1.1081172735166507,False,,all_real,discovery_proxy_dimensions,0,0,"[[-Infinity, Infinity]]",,all_real,discovery_proxy_dimensions,0,0,"[[-Infinity, Infinity]]",,,,,,
CASP7,3,53,SYK;PREX1;LCK,CDH1;MYH11;VHL;SERPINE1;KIT;TFRC;CAV1;TUBA1B;GAPDH;STAT5A;CTNNB1;ANXA1;RPS6;FASN;HSPA1A;IGFBP2;RBM15;GAB2;MYC;CCNB1;PTEN;SQSTM1;ATM;FN1;EEF2;ERBB3;EEF2K;PRKCA;BRAF;PDCD4;ETS1;COL6A1;NF2;BCL2;AKT1;TP53BP1;RICTOR;EIF4G1;ACACA;RAD50;BAP1;MSH6;EIF4EBP1;DIABLO;MAP2K1;CCNE1;BAK1;RAD51;AR;RAB25;XRCC5;TSC2;MSH2,3,4,4,3,,0.05,0.2,0.15,1.0265681784822663e-54;1.3074755376576692e-27;1.5180758393933723e-07;0.00287359612595329,8.90385899544402e-46;7.53313173010842e-19;0.003662698385473391,proxy_dimensions,4,,0,skcm,237,80,37,1.1059697778483673,False,,all_real,discovery_proxy_dimensions,0,0,"[[-Infinity, Infinity]]",,all_real,discovery_proxy_dimensions,0,0,"[[-Infinity, Infinity]]",,,,,,
STAT5A,2,55,EEF2K;TSC2,CDH1;MYH11;VHL;SERPINE1;KIT;TFRC;CAV1;TUBA1B;GAPDH;CASP7;CTNNB1;ANXA1;RPS6;FASN;HSPA1A;IGFBP2;SYK;ASNS;RBM15;GAB2;MYC;INPP4B;CCNB1;PTEN;ATM;FN1;PXN;EEF2;ERBB3;PRKCA;BRAF;PDCD4;ETS1;COL6A1;NF2;BCL2;AKT1;TP53BP1;PREX1;RICTOR;ACACA;LCK;RAD50;BAP1;MSH6;EIF4EBP1;DIABLO;MAP2K1;CCNE1;BAK1;RAD51;AR;RAB25;XRCC5;MSH2,3,3,3,2,,0.05,0.2,0.15,1.4403620214909684e-61;1.6423686430376865e-16;3.1457832840700523e-07,7.473749002818392e-26;1.1303194344178351e-08,proxy_dimensions,3,,0,skcm,237,80,37,1.0497673213054775,False,,all_real,discovery_proxy_dimensions,0,0,"[[-Infinity, Infinity]]",,all_real,discovery_proxy_dimensions,0,0,"[[-Infinity, Infinity]]",,,,,,
CTNNB1,1,57,CDH1,MYH11;VHL;SERPINE1;KIT;TFRC;CAV1;TUBA1B;GAPDH;CASP7;STAT5A;ANXA1;RPS6;FASN;HSPA1A;IGFBP2;SYK;ASNS;RBM15;GAB2;MYC;INPP4B;CCNB1;PTEN;SQSTM1;ATM;FN1;PXN;EEF2;ERBB3;EEF2K;PRKCA;BRAF;PDCD4;ETS1;COL6A1;NF2;BCL2;AKT1;TP53BP1;PREX1;RICTOR;EIF4G1;ACACA;LCK;RAD50;BAP1;MSH6;EIF4EBP1;MAP2K1;CCNE1;BAK1;RAD51;AR;RAB25;XRCC5;TSC2;MSH2,3,2,2,1,,0.05,0.2,0.15,3.0549491518025493e-28;1.5348901233297024e-11,9.047817614909615e-12,proxy_dimensions,2,,0,skcm,237,80,37,1.014236863844027,False,,all_real,discovery_proxy_dimensions,0,0,"[[-Infinity, Infinity]]",,all_real,discovery_proxy_dimensions,0,0,"[[-Infinity, Infinity]]",,,,,,
ANXA1,1,56,MSH6,CDH1;MYH11;VHL;SERPINE1;KIT;TFRC;CAV1;TUBA1B;GAPDH;CASP7;STAT5A;CTNNB1;RPS6;FASN;HSPA1A;IGFBP2;SYK;ASNS;RBM15;MYC;INPP4B;CCNB1;PTEN;SQSTM1;ATM;FN1;PXN;EEF2;ERBB3;EEF2K;PRKCA;BRAF;PDCD4;ETS1;COL6A1;NF2;BCL2;AKT1;TP53BP1;PREX1;RICTOR;EIF4G1;ACACA;LCK;RAD50;EIF4EBP1;DIABLO;MAP2K1;CCNE1;BAK1;RAD51;AR;RAB25;XRCC5;TSC2;MSH2,3,2,2,1,,0.05,0.2,0.15,8.38032556937893e-41;6.573891639183024e-09,2.184852819899779e-31,proxy_dimensions,2,,0,skcm,237,80,37,1.0092718480804932,False,,all_real,discovery_proxy_dimensions,0,0,"[[-Infinity, Infinity]]",,all_real,discovery_proxy_dimensions,0,0,"[[-Infinity, Infinity]]",,,,,,
RPS6,5,5,ETS1;COL6A1;BAP1;MAP2K1;AR,PTEN;SQSTM1;RICTOR;DIABLO;BAK1,3,3,3,3,0.06352011560678723,0.05,0.4,0.2,8.197341624987416e-26;2.7544834909966747e-10;0.00019851616346657264;0.17156699450232366;0.6570783863832981,7.684767365245726e-16;7.64883010683521e-08;7.455006962273577e-05,reported,3,0.301133901208067,1,skcm,237,80,37,0.9965139041856762,True,,all_real,estimation_moment_resampling,262,300,"[[-Infinity, Infinity]]",,all_real,estimation_moment_resampling,262,300,"[[-Infinity, Infinity]]",0.47303986868870534;0.3330196254863408;0.301133901208067,0.05175970821683597,True,38.0,0.3985852715265516,
FASN,1,38,ACACA,CDH1;SERPINE1;KIT;TFRC;CAV1;TUBA1B;GAPDH;CASP7;STAT5A;CTNNB1;ANXA1;RPS6;IGFBP2;SYK;ASNS;GAB2;INPP4B;PTEN;SQSTM1;ATM;PXN;EEF2K;PRKCA;PDCD4;BCL2;AKT1;TP53BP1;PREX1;EIF4G1;LCK;BAP1;MSH6;DIABLO;MAP2K1;BAK1;XRCC5;TSC2;MSH2,3,2,2,1,,0.05,0.2,0.15,7.81614436847015e-20;0.0005845590300513163,7.329145826343174e-13,proxy_dimensions,2,,0,skcm,237,80,37,0.9606739903436179,False,,all_real,discovery_proxy_dimensions,0,0,"[[-Infinity, Infinity]]",,all_real,discovery_proxy_dimensions,0,0,"[[-Infinity, Infinity]]",,,,,,
HSPA1A,4,5,FN1;COL6A1;AKT1;AR,PTEN;SQSTM1;RICTOR;DIABLO;BAK1,3,4,4,3,0.0073235437623287315,0.05,0.4,0.2,2.23131132804205e-26;1.688319222784969e-11;0.00026402694059605194;0.007231188954538105;0.6720771174144897,1.3547302740187128e-16;6.38980143976622e-06;0.004598265063995476;0.6427339395371361,conditional_information_dimension,4,0.030680329839860195,0,skcm,237,80,37,0.9373324571692092,False,,all_real,discovery_conditional_information_dimension,0,0,"[[-Infinity, Infinity]]",,all_real,discovery_conditional_information_dimension,0,0,"[[-Infinity, Infinity]]",0.5208564576560876;0.3241389231314798;0.2507204564897073;0.030680329839860195,0.008861807318642771,False,,,
IGFBP2,1,58,TUBA1B,CDH1;MYH11;VHL;SERPINE1;KIT;TFRC;CAV1;GAPDH;CASP7;STAT5A;CTNNB1;ANXA1;RPS6;FASN;HSPA1A;SYK;ASNS;RBM15;GAB2;MYC;INPP4B;CCNB1;PTEN;SQSTM1;ATM;FN1;PXN;EEF2;ERBB3;EEF2K;PRKCA;BRAF;PDCD4;ETS1;COL6A1;NF2;BCL2;AKT1;TP53BP1;PREX1;RICTOR;EIF4G1;ACACA;LCK;RAD50;BAP1;MSH6;EIF4EBP1;DIABLO;MAP2K1;CCNE1;BAK1;RAD51;AR;RAB25;XRCC5;TSC2;MSH2,3,2,2,1,,0.05,0.2,0.15,7.267235548731062e-19;7.990014693917357e-05,5.152133207923239e-11,proxy_dimensions,2,,0,skcm,237,80,37,0.9341256598216116,False,,all_real,discovery_proxy_dimensions,0,0,"[[-Infinity, Infinity]]",,all_real,discovery_proxy_dimensions,0,0,"[[-Infinity, Infinity]]",,,,,,
SYK,3,53,CASP7;PREX1;LCK,CDH1;MYH11;VHL;SERPINE1;KIT;TFRC;CAV1;TUBA1B;GAPDH;STAT5A;CTNNB1;ANXA1;RPS6;FASN;HSPA1A;IGFBP2;RBM15;GAB2;MYC;CCNB1;PTEN;SQSTM1;ATM;FN1;EEF2;ERBB3;EEF2K;PRKCA;BRAF;PDCD4;ETS1;COL6A1;NF2;BCL2;AKT1;TP53BP1;RICTOR;EIF4G1;ACACA;RAD50;BAP1;MSH6;EIF4EBP1;DIABLO;MAP2K1;CCNE1;BAK1;RAD51;AR;RAB25;XRCC5;TSC2;MSH2,3,4,4,3,,0.05,0.2,0.15,1.0265681784819728e-54;1.3074755376575566e-27;1.5180758393933733e-07;0.002873596125953246,2.217269969866727e-30;2.6237520887861624e-07;0.0035049914015815747,proxy_dimensions,4,,0,skcm,237,80,37,0.9030280226375472,False,,all_real,discovery_proxy_dimensions,0,0,"[[-Infinity, Infinity]]",,all_real,discovery_proxy_dimensions,0,0,"[[-Infinity, Infinity]]",,,,,,
ASNS,1,53,PXN,CDH1;MYH11;VHL;SERPINE1;KIT;TFRC;CAV1;TUBA1B;GAPDH;STAT5A;CTNNB1;ANXA1;RPS6;FASN;HSPA1A;IGFBP2;RBM15;GAB2;MYC;CCNB1;PTEN;SQSTM1;ATM;FN1;EEF2;ERBB3;EEF2K;PRKCA;BRAF;PDCD4;ETS1;COL6A1;NF2;BCL2;AKT1;TP53BP1;RICTOR;EIF4G1;ACACA;RAD50;BAP1;MSH6;EIF4EBP1;DIABLO;MAP2K1;CCNE1;BAK1;RAD51;AR;RAB25;XRCC5;TSC2;MSH2,3,2,2,1,,0.05,0.2,0.15,5.799451796670276e-33;2.5672294236473607e-08,2.4327118738752303e-24,proxy_dimensions,2,,0,skcm,237,80,37,0.8507971759094055,False,,all_real,discovery_proxy_dimensions,0,0,"[[-Infinity, Infinity]]",,all_real,discovery_proxy_dimensions,0,0,"[[-Infinity, Infinity]]",,,,,,
RBM15,3,5,SERPINE1;BAP1;RAD51,PTEN;SQSTM1;RICTOR;DIABLO;BAK1,3,4,4,3,,0.05,0.4,0.2,1.205710309688449e-30;1.0500281303006055e-14;8.312961798718966e-07;0.0018253910004530495,4.361123424451765e-20;3.775157265514773e-11;1.2433630465365688e-05,proxy_dimensions,4,,0,skcm,237,80,37,0.8360630072547839,False,,all_real,discovery_proxy_dimensions,0,0,"[[-Infinity, Infinity]]",,all_real,discovery_proxy_dimensions,0,0,"[[-Infinity, Infinity]]",,,,,,
GAB2,1,56,BAP1,CDH1;MYH11;VHL;SERPINE1;KIT;TFRC;CAV1;TUBA1B;GAPDH;CASP7;STAT5A;CTNNB1;RPS6;FASN;HSPA1A;IGFBP2;SYK;ASNS;RBM15;MYC;INPP4B;CCNB1;PTEN;SQSTM1;ATM;FN1;PXN;EEF2;ERBB3;EEF2K;PRKCA;BRAF;PDCD4;ETS1;COL6A1;NF2;BCL2;AKT1;TP53BP1;PREX1;RICTOR;EIF4G1;ACACA;LCK;RAD50;EIF4EBP1;DIABLO;MAP2K1;CCNE1;BAK1;RAD51;AR;RAB25;XRCC5;TSC2;MSH2,3,2,2,1,,0.05,0.2,0.15,5.480405222715646e-72;2.2354734443284365e-13,4.444546496443613e-58,proxy_dimensions,2,,0,skcm,237,80,37,0.798680701846446,False,,all_real,discovery_proxy_dimensions,0,0,"[[-Infinity, Infinity]]",,all_real,discovery_proxy_dimensions,0,0,"[[-Infinity, Infinity]]",,,,,,
MYC,2,5,COL6A1;RAD51,PTEN;SQSTM1;RICTOR;DIABLO;BAK1,3,3,3,2,,0.05,0.4,0.2,1.701881934491211e-24;7.760675199465496e-08;0.005199070776147115,1.435626371373679e-13;4.0025497286969694e-07,proxy_dimensions,3,,0,skcm,237,80,37,0.7920233368803019,False,,all_real,discovery_proxy_dimensions,0,0,"[[-Infinity, Infinity]]",,all_real,discovery_proxy_dimensions,0,0,"[[-Infinity, Infinity]]",,,,,,
INPP4B,3,19,PXN;NF2;RAD51,CDH1;SERPINE1;KIT;TFRC;CTNNB1;ANXA1;IGFBP2;GAB2;MYC;PTEN;SQSTM1;PRKCA;PDCD4;BCL2;RICTOR;DIABLO;MAP2K1;BAK1;MSH2,3,4,4,3,,0.05,0.4,0.25,5.437380664130565e-40;1.0988231234639569e-14;3.504287185390301e-07;0.015694736056537414,7.792541582234749e-32;3.04443803517797e-09;0.0036004668146676546,proxy_dimensions,4,,0,skcm,237,80,37,0.7884692624779307,False,,all_real,discovery_proxy_dimensions,0,0,"[[-Infinity, Infinity]]",,all_real,discovery_proxy_dimensions,0,0,"[[-Infinity, Infinity]]",,,,,,
CCNB1,5,5,PRKCA;ACACA;MSH6;EIF4EBP1;CCNE1,PTEN;SQSTM1;RICTOR;DIABLO;BAK1,3,4,4,4,0.03916560606395093,0.05,0.4,0.2,3.3377274901015602e-18;1.957150349352352e-10;0.00015749494632242062;0.020353427239103848;0.7452455090591611,4.214754974170885e-15;2.3734056852037136e-08;2.125366187892507e-05;0.0053312984809037,reported,4,0.21183862453820193,1,skcm,237,80,37,0.7866268472448824,True,9.831233759306164,all_real,estimated,299,300,"[[-Infinity, Infinity]]",-0.0164313906211528,all_real,estimated,299,300,"[[-Infinity, Infinity]]",0.4583675635361582;0.3426743431621179;0.29617499349965504;0.21183862453820193,0.036375746174196755,True,1.0,0.4326719059046266,
PTEN,0,0,,,3,0,0,0,,0.05,0.2,0.15,,,no_shared_direction,0,,0,skcm,237,80,37,0.7800356666714231,False,,all_real,discovery_no_shared_direction,0,0,"[[-Infinity, Infinity]]",,all_real,discovery_no_shared_direction,0,0,"[[-Infinity, Infinity]]",,,,,,
SQSTM1,1,55,EEF2K,CDH1;MYH11;VHL;SERPINE1;KIT;TFRC;CAV1;TUBA1B;GAPDH;CASP7;CTNNB1;ANXA1;RPS6;FASN;HSPA1A;IGFBP2;SYK;ASNS;RBM15;GAB2;MYC;INPP4B;CCNB1;PTEN;ATM;FN1;PXN;EEF2;ERBB3;PRKCA;BRAF;PDCD4;ETS1;COL6A1;NF2;BCL2;AKT1;TP53BP1;PREX1;RICTOR;ACACA;LCK;RAD50;BAP1;MSH6;EIF4EBP1;DIABLO;MAP2K1;CCNE1;BAK1;RAD51;AR;RAB25;XRCC5;MSH2,3,2,2,1,,0.05,0.2,0.15,1.4996303874032171e-37;1.4963131749052011e-09,2.8292845472429495e-23,proxy_dimensions,2,,0,skcm,237,80,37,0.7701475984959926,False,,all_real,discovery_proxy_dimensions,0,0,"[[-Infinity, Infinity]]",,all_real,discovery_proxy_dimensions,0,0,"[[-Infinity, Infinity]]",,,,,,
ATM,2,19,NF2;AKT1,CDH1;SERPINE1;KIT;TFRC;CTNNB1;ANXA1;IGFBP2;GAB2;MYC;PTEN;SQSTM1;PRKCA;PDCD4;BCL2;RICTOR;DIABLO;MAP2K1;BAK1;MSH2,3,2,2,2,0.13827488059659135,0.05,0.4,0.25,1.592510340399484e-28;4.265212599929346e-09;0.12426572876131939,5.326549588488666e-32;9.30299060623891e-08,reported,2,0.34111434534911483,2,skcm,237,80,37,0.7499270976944106,True,,all_real,estimation_moment_resampling,274,300,"[[-Infinity, Infinity]]",,all_real,estimation_moment_resampling,274,300,"[[-Infinity, Infinity]]",0.6454273900537447;0.34111434534911483,0.0692807049310683,True,26.0,0.17278324408362777,
FN1,3,5,HSPA1A;BRAF;BCL2,PTEN;SQSTM1;RICTOR;DIABLO;BAK1,3,3,3,3,0.07355072668446624,0.05,0.4,0.2,1.5388138506496863e-24;3.0540268971730417e-07;0.010516445652024654;0.5952018760598295,3.3442351088813355e-21;2.029733300788484e-10;0.00010072446918197427,reported,3,0.25253029218125933,1,skcm,237,80,37,0.742812496030653,True,-3.021688728156685,all_real,estimated,298,300,"[[-Infinity, Infinity]]",-0.1299551293028569,all_real,estimated,298,300,"[[-Infinity, Infinity]]",0.5027064091407493;0.3813872708080056;0.25253029218125933,0.05758322370618772,True,2.0,0.3754393761611589,
PXN,3,53,ASNS;INPP4B;LCK,CDH1;MYH11;VHL;SERPINE1;KIT;TFRC;CAV1;TUBA1B;GAPDH;STAT5A;CTNNB1;ANXA1;RPS6;FASN;HSPA1A;IGFBP2;RBM15;GAB2;MYC;CCNB1;PTEN;SQSTM1;ATM;FN1;EEF2;ERBB3;EEF2K;PRKCA;BRAF;PDCD4;ETS1;COL6A1;NF2;BCL2;AKT1;TP53BP1;RICTOR;EIF4G1;ACACA;RAD50;BAP1;MSH6;EIF4EBP1;DIABLO;MAP2K1;CCNE1;BAK1;RAD51;AR;RAB25;XRCC5;TSC2;MSH2,3,4,4,3,,0.05,0.2,0.15,9.777469909660123e-65;2.373444881060147e-38;8.226999389425794e-15;3.064709629534885e-08,2.2903305974133737e-40;5.454245371728081e-16;2.535404603022581e-08,proxy_dimensions,4,,0,skcm,237,80,37,0.7411918534625136,False,,all_real,discovery_proxy_dimensions,0,0,"[[-Infinity, Infinity]]",,all_real,discovery_proxy_dimensions,0,0,"[[-Infinity, Infinity]]",,,,,,
EEF2,3,19,GAPDH;ETS1;NF2,CDH1;SERPINE1;KIT;TFRC;CTNNB1;ANXA1;IGFBP2;GAB2;MYC;PTEN;SQSTM1;PRKCA;PDCD4;BCL2;RICTOR;DIABLO;MAP2K1;BAK1;MSH2,3,3,3,3,0.05708860626841854,0.05,0.4,0.25,2.7280800792850847e-37;5.160949426734182e-10;0.005808096349404391;0.1406284165471472,1.450599506622621e-31;7.874955164204819e-10;0.0040790335601779025,reported,3,0.1878885102956364,1,skcm,237,80,37,0.740577642032538,True,,all_real,estimation_moment_resampling,198,300,"[[-Infinity, Infinity]]",,all_real,estimation_moment_resampling,198,300,"[[-Infinity, Infinity]]",0.6377887788794767;0.4005243447408087;0.1878885102956364,0.04506663534674342,True,102.0,0.06454377496246606,
ERBB3,2,19,VHL;LCK,CDH1;SERPINE1;KIT;TFRC;CTNNB1;ANXA1;IGFBP2;GAB2;MYC;PTEN;SQSTM1;PRKCA;PDCD4;BCL2;RICTOR;DIABLO;MAP2K1;BAK1;MSH2,3,3,3,2,,0.05,0.4,0.25,1.0337043518454541e-39;6.1211124194734694e-21;4.4438765754524115e-06,2.9641042214660367e-35;1.2688771665420852e-17,proxy_dimensions,3,,0,skcm,237,80,37,0.7401950911800191,False,,all_real,discovery_proxy_dimensions,0,0,"[[-Infinity, Infinity]]",,all_real,discovery_proxy_dimensions,0,0,"[[-Infinity, Infinity]]",,,,,,
EEF2K,3,55,STAT5A;SQSTM1;EIF4G1,CDH1;MYH11;VHL;SERPINE1;KIT;TFRC;CAV1;TUBA1B;GAPDH;CASP7;CTNNB1;ANXA1;RPS6;FASN;HSPA1A;IGFBP2;SYK;ASNS;RBM15;GAB2;MYC;INPP4B;CCNB1;PTEN;ATM;FN1;PXN;EEF2;ERBB3;PRKCA;BRAF;PDCD4;ETS1;COL6A1;NF2;BCL2;AKT1;TP53BP1;PREX1;RICTOR;ACACA;LCK;RAD50;BAP1;MSH6;EIF4EBP1;DIABLO;MAP2K1;CCNE1;BAK1;RAD51;AR;RAB25;XRCC5;MSH2,3,4,4,3,,0.05,0.2,0.15,1.3885014918372128e-68;1.3783327416631358e-18;4.4293286934663666e-10;0.008950270026623708,1.1473510054224966e-49;2.1325594433024776e-15;1.216145934303143e-07,proxy_dimensions,4,,0,skcm,237,80,37,0.7367846877526361,False,,all_real,discovery_proxy_dimensions,0,0,"[[-Infinity, Infinity]]",,all_real,discovery_proxy_dimensions,0,0,"[[-Infinity, Infinity]]",,,,,,
PRKCA,2,5,TFRC;CCNB1,PTEN;SQSTM1;RICTOR;DIABLO;BAK1,3,2,2,2,0.08016678122374447,0.05,0.4,0.2,2.546590164409103e-16;0.029365968727399248;0.16274924873723112,2.526621426224378e-18;0.0064596169331044735,reported,2,0.17795321355014546,1,skcm,237,80,37,0.7357654246674126,True,,all_real,estimation_moment_resampling,289,300,"[[-Infinity, Infinity]]",,all_real,estimation_moment_resampling,289,300,"[[-Infinity, Infinity]]",0.545039100235365;0.17795321355014546,0.05895776018846372,True,11.0,0.27673035326465456,
BRAF,2,5,FN1;ETS1,PTEN;SQSTM1;RICTOR;DIABLO;BAK1,3,2,2,2,0.062017978734582715,0.05,0.4,0.2,2.302576685083966e-18;0.009275947919480809;0.4026464332944477,0.00033795349910062665;0.03606906254437417,reported,2,0.13741056260137277,1,skcm,237,80,37,0.728883321935828,True,-53.664413811172665,all_real,estimated,300,300,"[[-Infinity, Infinity]]",-2.22086850846302,all_real,estimated,300,300,"[[-Infinity, Infinity]]",0.26255393435855745;0.13741056260137277,0.05529575856652232,True,0.0,0.43244879455940155,
PDCD4,1,5,TFRC,PTEN;SQSTM1;RICTOR;DIABLO;BAK1,3,2,2,1,,0.05,0.4,0.2,2.6482178454785545e-16;0.008373886209873602,6.661700527817791e-14,proxy_dimensions,2,,0,skcm,237,80,37,0.6941632002770034,False,,all_real,discovery_proxy_dimensions,0,0,"[[-Infinity, Infinity]]",,all_real,discovery_proxy_dimensions,0,0,"[[-Infinity, Infinity]]",,,,,,
ETS1,7,5,TUBA1B;RPS6;EEF2;BRAF;BCL2;ACACA;MSH2,PTEN;SQSTM1;RICTOR;DIABLO;BAK1,3,4,4,4,0.04997125751073781,0.05,0.4,0.2,8.793271365937096e-42;1.816754603760225e-24;1.5185347989581723e-11;3.220168917296884e-05;0.10068865822505269,8.759405518572038e-40;8.508240362983868e-26;4.055310001313917e-12;1.3076882431236206e-05,reported,4,0.34007251884917267,1,skcm,237,80,37,0.6843129758004236,True,-13.89463873814085,all_real,estimated,297,300,"[[-Infinity, Infinity]]",-0.704276632000598,all_real,estimated,297,300,"[[-Infinity, Infinity]]",0.5888171705541285;0.5713297824286435;0.43434704358980863;0.34007251884917267,0.046672978217983684,True,3.0,0.3514134115950711,
COL6A1,5,5,MYH11;CAV1;RPS6;HSPA1A;MYC,PTEN;SQSTM1;RICTOR;DIABLO;BAK1,3,4,4,4,0.03915007669171704,0.05,0.4,0.2,2.4269774318836065e-37;4.339217399178397e-18;7.826388966534909e-08;0.02199419280072141;0.7198273345712537,7.566383610526722e-27;7.403175629708348e-16;3.8229478572686385e-08;0.0022784065318146407,reported,4,0.22797290683676724,1,skcm,237,80,37,0.6842052295184099,True,-4.373214363950678,all_real,estimated,294,300,"[[-Infinity, Infinity]]",-0.16675724444913134,all_real,estimated,294,300,"[[-Infinity, Infinity]]",0.5326196147126291;0.4589426317799347;0.368493135759036;0.22797290683676724,0.03539569390282887,True,6.0,0.3841009821579808,
NF2,5,19,INPP4B;ATM;EEF2;RAD50;AR,CDH1;SERPINE1;KIT;TFRC;CTNNB1;ANXA1;IGFBP2;GAB2;MYC;PTEN;SQSTM1;PRKCA;PDCD4;BCL2;RICTOR;DIABLO;MAP2K1;BAK1;MSH2,3,5,5,4,0.01440499324357915,0.05,0.4,0.25,6.324116954742808e-41;4.640843914138807e-20;2.3259543963986108e-10;0.00017619025068562756;0.03322308319930064;0.2178537690812384,6.930972552517823e-37;9.854308775756814e-24;1.7213148273786481e-13;2.1835059363906336e-07;0.1343369127376335,conditional_information_dimension,5,0.09902046967929494,0,skcm,237,80,37,0.6761266947799903,False,,all_real,discovery_conditional_information_dimension,0,0,"[[-Infinity, Infinity]]",,all_real,discovery_conditional_information_dimension,0,0,"[[-Infinity, Infinity]]",0.5710997941064433;0.5134693484014888;0.41616915827491363;0.37436961791594175;0.09902046967929494,0.023139134073823196,False,,,
BCL2,2,57,SERPINE1;KIT,CDH1;MYH11;VHL;TFRC;CAV1;TUBA1B;GAPDH;CASP7;STAT5A;CTNNB1;ANXA1;RPS6;FASN;HSPA1A;IGFBP2;SYK;ASNS;RBM15;GAB2;MYC;INPP4B;CCNB1;PTEN;SQSTM1;ATM;FN1;PXN;EEF2;ERBB3;EEF2K;PRKCA;BRAF;PDCD4;ETS1;COL6A1;NF2;AKT1;TP53BP1;PREX1;RICTOR;EIF4G1;ACACA;LCK;RAD50;BAP1;MSH6;EIF4EBP1;DIABLO;MAP2K1;CCNE1;BAK1;RAD51;AR;RAB25;XRCC5;TSC2;MSH2,3,3,3,2,,0.05,0.2,0.15,2.8638581975405796e-36;4.805214463922031e-16;0.00019079739753914416,6.966908811609304e-29;1.832735472987722e-12,proxy_dimensions,3,,0,skcm,237,80,37,0.6685049360914198,False,,all_real,discovery_proxy_dimensions,0,0,"[[-Infinity, Infinity]]",,all_real,discovery_proxy_dimensions,0,0,"[[-Infinity, Infinity]]",,,,,,
AKT1,3,5,HSPA1A;ATM;TP53BP1,PTEN;SQSTM1;RICTOR;DIABLO;BAK1,3,3,3,3,0.06493646492319005,0.05,0.4,0.2,5.995752902785479e-16;6.737938930896317e-05;0.025588863155775268;0.2964761937471981,2.933275566361989e-12;3.0537172115883695e-05;0.00298441300573532,reported,3,0.19413800769316153,1,skcm,237,80,37,0.6648425289184259,True,4.6021277259427995,all_real,estimated,300,300,"[[-Infinity, Infinity]]",-1.4636512238051602,all_real,estimated,300,300,"[[-Infinity, Infinity]]",0.4326378360808942;0.269160699526777;0.19413800769316153,0.053912794901487884,True,0.0,0.3709291893432462,
TP53BP1,1,58,AKT1,CDH1;MYH11;VHL;SERPINE1;KIT;TFRC;CAV1;TUBA1B;GAPDH;CASP7;STAT5A;CTNNB1;ANXA1;RPS6;FASN;HSPA1A;IGFBP2;SYK;ASNS;RBM15;GAB2;MYC;INPP4B;CCNB1;PTEN;SQSTM1;ATM;FN1;PXN;EEF2;ERBB3;EEF2K;PRKCA;BRAF;PDCD4;ETS1;COL6A1;NF2;BCL2;PREX1;RICTOR;EIF4G1;ACACA;LCK;RAD50;BAP1;MSH6;EIF4EBP1;DIABLO;MAP2K1;CCNE1;BAK1;RAD51;AR;RAB25;XRCC5;TSC2;MSH2,3,2,2,1,,0.05,0.2,0.15,4.132501817768175e-32;5.679300430763226e-09,1.9753849830277435e-13,proxy_dimensions,2,,0,skcm,237,80,37,0.6599459431761711,False,,all_real,discovery_proxy_dimensions,0,0,"[[-Infinity, Infinity]]",,all_real,discovery_proxy_dimensions,0,0,"[[-Infinity, Infinity]]",,,,,,
PREX1,2,53,CASP7;SYK,CDH1;MYH11;VHL;SERPINE1;KIT;TFRC;CAV1;TUBA1B;GAPDH;STAT5A;CTNNB1;ANXA1;RPS6;FASN;HSPA1A;IGFBP2;RBM15;GAB2;MYC;CCNB1;PTEN;SQSTM1;ATM;FN1;EEF2;ERBB3;EEF2K;PRKCA;BRAF;PDCD4;ETS1;COL6A1;NF2;BCL2;AKT1;TP53BP1;RICTOR;EIF4G1;ACACA;RAD50;BAP1;MSH6;EIF4EBP1;DIABLO;MAP2K1;CCNE1;BAK1;RAD51;AR;RAB25;XRCC5;TSC2;MSH2,3,3,3,2,,0.05,0.2,0.15,6.0117061207081655e-30;5.171784563326709e-08;0.0015202025344123306,4.4136917649259364e-26;2.4936089115098422e-06,proxy_dimensions,3,,0,skcm,237,80,37,0.6506274835580563,False,,all_real,discovery_proxy_dimensions,0,0,"[[-Infinity, Infinity]]",,all_real,discovery_proxy_dimensions,0,0,"[[-Infinity, Infinity]]",,,,,,
RICTOR,1,38,MYH11,CDH1;SERPINE1;KIT;TFRC;CAV1;TUBA1B;GAPDH;CASP7;STAT5A;CTNNB1;ANXA1;RPS6;IGFBP2;SYK;ASNS;GAB2;INPP4B;PTEN;SQSTM1;ATM;PXN;EEF2K;PRKCA;PDCD4;BCL2;AKT1;TP53BP1;PREX1;EIF4G1;LCK;BAP1;MSH6;DIABLO;MAP2K1;BAK1;XRCC5;TSC2;MSH2,3,2,2,1,,0.05,0.2,0.15,2.5626357774617314e-23;2.7074917180907012e-09,9.39585002693161e-12,proxy_dimensions,2,,0,skcm,237,80,37,0.6455862748094394,False,,all_real,discovery_proxy_dimensions,0,0,"[[-Infinity, Infinity]]",,all_real,discovery_proxy_dimensions,0,0,"[[-Infinity, Infinity]]",,,,,,
EIF4G1,3,19,EEF2K;TP53BP1;BAP1,CDH1;SERPINE1;KIT;TFRC;CTNNB1;ANXA1;IGFBP2;GAB2;MYC;PTEN;SQSTM1;PRKCA;PDCD4;BCL2;RICTOR;DIABLO;MAP2K1;BAK1;MSH2,3,3,3,3,0.05379661703485056,0.05,0.4,0.25,1.6342646604709807e-49;3.334389903355684e-12;1.0681211532829176e-05;0.18458286681184982,7.181335588006366e-33;3.3875162040798313e-10;0.021325560388868514,reported,3,0.1510927412324969,1,skcm,237,80,37,0.637290100788052,True,1.1092798680884794,all_real,estimated,299,300,"[[-Infinity, Infinity]]",-0.7821580190638673,all_real,estimated,299,300,"[[-Infinity, Infinity]]",0.6467725303606231;0.4212519934894857;0.1510927412324969,0.046241270272548186,True,1.0,0.31654455822290223,
ACACA,3,38,FASN;ETS1;CCNE1,CDH1;SERPINE1;KIT;TFRC;CAV1;TUBA1B;GAPDH;CASP7;STAT5A;CTNNB1;ANXA1;RPS6;IGFBP2;SYK;ASNS;GAB2;INPP4B;PTEN;SQSTM1;ATM;PXN;EEF2K;PRKCA;PDCD4;BCL2;AKT1;TP53BP1;PREX1;EIF4G1;LCK;BAP1;MSH6;DIABLO;MAP2K1;BAK1;XRCC5;TSC2;MSH2,3,4,4,3,,0.05,0.2,0.15,4.658847866373218e-53;2.6247826337141074e-24;7.582144806584179e-13;0.007087874764899604,1.7293892644636286e-36;1.4941795741298946e-12;0.009645617148122827,proxy_dimensions,4,,0,skcm,237,80,37,0.6293421063523127,False,,all_real,discovery_proxy_dimensions,0,0,"[[-Infinity, Infinity]]",,all_real,discovery_proxy_dimensions,0,0,"[[-Infinity, Infinity]]",,,,,,
LCK,4,19,CASP7;SYK;PXN;ERBB3,CDH1;SERPINE1;KIT;TFRC;CTNNB1;ANXA1;IGFBP2;GAB2;MYC;PTEN;SQSTM1;PRKCA;PDCD4;BCL2;RICTOR;DIABLO;MAP2K1;BAK1;MSH2,3,4,4,3,0.011271830451831255,0.05,0.4,0.25,8.282847828684323e-49;2.7990579455118437e-24;4.161803893037543e-09;0.002715224250593623;0.9044878603700711,6.504940652481287e-48;1.2973324418556546e-19;1.9113609069566884e-09;0.25389332189217856,conditional_information_dimension,4,0.0753707602161348,0,skcm,237,80,37,0.625708372089236,False,,all_real,discovery_conditional_information_dimension,0,0,"[[-Infinity, Infinity]]",,all_real,discovery_conditional_information_dimension,0,0,"[[-Infinity, Infinity]]",0.7076143382185832;0.49337204559067066;0.42376092863742176;0.0753707602161348,0.015309478797612302,False,,,
RAD50,2,38,BRAF;NF2,CDH1;SERPINE1;KIT;TFRC;CAV1;TUBA1B;GAPDH;CASP7;STAT5A;CTNNB1;ANXA1;RPS6;IGFBP2;SYK;ASNS;GAB2;INPP4B;PTEN;SQSTM1;ATM;PXN;EEF2K;PRKCA;PDCD4;BCL2;AKT1;TP53BP1;PREX1;EIF4G1;LCK;BAP1;MSH6;DIABLO;MAP2K1;BAK1;XRCC5;TSC2;MSH2,3,3,3,2,,0.05,0.2,0.15,1.1308964886832481e-71;1.011746197179551e-26;0.027741934121086408,1.8700218173745317e-67;2.7680158268020615e-21,proxy_dimensions,3,,0,skcm,237,80,37,0.6133548372422439,False,,all_real,discovery_proxy_dimensions,0,0,"[[-Infinity, Infinity]]",,all_real,discovery_proxy_dimensions,0,0,"[[-Infinity, Infinity]]",,,,,,
BAP1,4,46,RPS6;RBM15;EIF4G1;MSH6,CDH1;MYH11;VHL;SERPINE1;KIT;TFRC;CAV1;TUBA1B;CASP7;STAT5A;CTNNB1;ANXA1;HSPA1A;IGFBP2;SYK;ASNS;GAB2;MYC;INPP4B;PTEN;SQSTM1;ATM;FN1;PXN;ERBB3;PRKCA;BRAF;PDCD4;COL6A1;NF2;BCL2;AKT1;TP53BP1;PREX1;RICTOR;LCK;RAD50;DIABLO;MAP2K1;BAK1;RAD51;AR;RAB25;XRCC5;TSC2;MSH2,3,4,4,4,0.05497125094482518,0.05,0.4,0.3,6.9581052252146e-81;8.171514002029967e-24;1.9609186875613728e-09;0.0005576902180744863;0.1367990551304936,2.8152422945728005e-58;7.965807359622734e-36;2.579140948458994e-19;2.7255211422472733e-06,reported,4,0.3029738438551944,2,skcm,237,80,37,0.6126242718486155,True,,all_real,estimation_moment_resampling,183,300,"[[-Infinity, Infinity]]",,all_real,estimation_moment_resampling,183,300,"[[-Infinity, Infinity]]",0.6595335710070452;0.5839671158110801;0.5178258260368716;0.3029738438551944,0.039761970664985796,True,117.0,0.06405752727918833,
MSH6,4,5,ANXA1;CCNB1;BAP1;MSH2,PTEN;SQSTM1;RICTOR;DIABLO;BAK1,3,3,3,3,0.07441957332820304,0.05,0.4,0.2,3.2315475663615736e-22;1.856009697326133e-10;0.0019624183919051456;0.23419965059682038;0.18754760037763696,1.1336941812419437e-17;2.2476439840795942e-09;4.2403967750014124e-05,reported,3,0.2901332216483667,1,skcm,237,80,37,0.5950758910451579,True,,all_real,estimation_moment_resampling,267,300,"[[-Infinity, Infinity]]",,all_real,estimation_moment_resampling,267,300,"[[-Infinity, Infinity]]",0.46941111234478966;0.35827539613134385;0.2901332216483667,0.05997681154195261,True,33.0,0.1734520076361554,
EIF4EBP1,3,5,SYK;CCNB1;CCNE1,PTEN;SQSTM1;RICTOR;DIABLO;BAK1,3,3,3,2,0.022065355846921337,0.05,0.4,0.2,2.1735741764089934e-17;1.2217516801474893e-07;0.005532971896392081;0.38149899294141176,2.1779503153643146e-12;5.2109297969815446e-05;0.17058865917253685,conditional_information_dimension,3,0.09026954606911733,0,skcm,237,80,37,0.5911351327742426,False,,all_real,discovery_conditional_information_dimension,0,0,"[[-Infinity, Infinity]]",,all_real,discovery_conditional_information_dimension,0,0,"[[-Infinity, Infinity]]",0.4399491703559991;0.30909910468045176;0.09026954606911733,0.024536078528600826,False,,,
DIABLO,1,57,CDH1,MYH11;VHL;SERPINE1;KIT;TFRC;CAV1;TUBA1B;GAPDH;CASP7;STAT5A;ANXA1;RPS6;FASN;HSPA1A;IGFBP2;SYK;ASNS;RBM15;GAB2;MYC;INPP4B;CCNB1;PTEN;SQSTM1;ATM;FN1;PXN;EEF2;ERBB3;EEF2K;PRKCA;BRAF;PDCD4;ETS1;COL6A1;NF2;BCL2;AKT1;TP53BP1;PREX1;RICTOR;EIF4G1;ACACA;LCK;RAD50;BAP1;MSH6;EIF4EBP1;MAP2K1;CCNE1;BAK1;RAD51;AR;RAB25;XRCC5;TSC2;MSH2,3,2,2,1,,0.05,0.2,0.15,2.743285329701756e-23;3.369506582691379e-10,3.792825377401765e-12,proxy_dimensions,2,,0,skcm,237,80,37,0.574306933344395,False,,all_real,discovery_proxy_dimensions,0,0,"[[-Infinity, Infinity]]",,all_real,discovery_proxy_dimensions,0,0,"[[-Infinity, Infinity]]",,,,,,
MAP2K1,1,58,RPS6,CDH1;MYH11;VHL;SERPINE1;KIT;TFRC;CAV1;TUBA1B;GAPDH;CASP7;STAT5A;CTNNB1;ANXA1;FASN;HSPA1A;IGFBP2;SYK;ASNS;RBM15;GAB2;MYC;INPP4B;CCNB1;PTEN;SQSTM1;ATM;FN1;PXN;EEF2;ERBB3;EEF2K;PRKCA;BRAF;PDCD4;ETS1;COL6A1;NF2;BCL2;AKT1;TP53BP1;PREX1;RICTOR;EIF4G1;ACACA;LCK;RAD50;BAP1;MSH6;EIF4EBP1;DIABLO;CCNE1;BAK1;RAD51;AR;RAB25;XRCC5;TSC2;MSH2,3,2,2,1,,0.05,0.2,0.15,4.225630295796603e-27;2.285305759915885e-05,1.7011220400846293e-23,proxy_dimensions,2,,0,skcm,237,80,37,0.5739030279748508,False,,all_real,discovery_proxy_dimensions,0,0,"[[-Infinity, Infinity]]",,all_real,discovery_proxy_dimensions,0,0,"[[-Infinity, Infinity]]",,,,,,
CCNE1,4,5,CAV1;CCNB1;ACACA;EIF4EBP1,PTEN;SQSTM1;RICTOR;DIABLO;BAK1,3,3,3,3,0.05209181400380125,0.05,0.4,0.2,4.224305486529157e-15;0.0001910368363287177;0.008089333147153509;0.2443598720288908;0.5728420883957795,1.5736307375863102e-11;8.382812476272276e-05;0.003175067742293877,reported,3,0.22135581591954184,1,skcm,237,80,37,0.5711596057547786,True,6.850778179994493,all_real,estimated,300,300,"[[-Infinity, Infinity]]",0.0241570271314619,all_real,estimated,300,300,"[[-Infinity, Infinity]]",0.4376151168053331;0.26564315022929547;0.22135581591954184,0.04687990309118898,True,0.0,0.4380555274793089,
BAK1,0,0,,,3,0,0,0,,0.05,0.2,0.15,,,no_shared_direction,0,,0,skcm,237,80,37,0.5614152359162274,False,,all_real,discovery_no_shared_direction,0,0,"[[-Infinity, Infinity]]",,all_real,discovery_no_shared_direction,0,0,"[[-Infinity, Infinity]]",,,,,,
RAD51,3,19,RBM15;INPP4B;AR,CDH1;SERPINE1;KIT;TFRC;CTNNB1;ANXA1;IGFBP2;GAB2;MYC;PTEN;SQSTM1;PRKCA;PDCD4;BCL2;RICTOR;DIABLO;MAP2K1;BAK1;MSH2,3,3,3,3,0.09392270824462241,0.05,0.4,0.25,4.367799054250274e-51;9.703580010032025e-21;8.991115087180967e-08;0.6731098316460935,3.69432052706768e-45;2.4910978305694004e-21;2.203524889218263e-06,reported,3,0.305002675986331,1,skcm,237,80,37,0.556501673771679,True,,all_real,censoring_support,0,0,"[[-Infinity, Infinity]]",,all_real,censoring_support,0,0,"[[-Infinity, Infinity]]",0.6581424756977311;0.5436155231570676;0.305002675986331,0.052895324259868565,True,,,Censoring positivity is below the reporting floor
AR,5,5,RPS6;HSPA1A;NF2;RAD51;RAB25,PTEN;SQSTM1;RICTOR;DIABLO;BAK1,3,5,5,4,0.008437193307797694,0.05,0.4,0.2,1.1195860612534524e-31;5.127358655578733e-14;0.00015439073790978375;0.006787061969726144;0.032866617406139324,1.4381768282453486e-26;5.028786149846765e-09;0.001352706721621716;0.036506049210640754;0.36515430924790715,conditional_information_dimension,5,0.05998578929824503,0,skcm,237,80,37,0.5540580191635217,False,,all_real,discovery_conditional_information_dimension,0,0,"[[-Infinity, Infinity]]",,all_real,discovery_conditional_information_dimension,0,0,"[[-Infinity, Infinity]]",0.6285680753000114;0.42195768025663394;0.26713837748015057;0.20144285032341677;0.05998578929824503,0.008437193307797687,False,,,
RAB25,2,38,VHL;AR,CDH1;SERPINE1;KIT;TFRC;CAV1;TUBA1B;GAPDH;CASP7;STAT5A;CTNNB1;ANXA1;RPS6;IGFBP2;SYK;ASNS;GAB2;INPP4B;PTEN;SQSTM1;ATM;PXN;EEF2K;PRKCA;PDCD4;BCL2;AKT1;TP53BP1;PREX1;EIF4G1;LCK;BAP1;MSH6;DIABLO;MAP2K1;BAK1;XRCC5;TSC2;MSH2,3,3,3,2,,0.05,0.2,0.15,1.5150568265170994e-40;5.190146348299818e-24;7.99985668947616e-08,2.6393505138699953e-28;1.7000485287451727e-11,proxy_dimensions,3,,0,skcm,237,80,37,0.5374248073884084,False,,all_real,discovery_proxy_dimensions,0,0,"[[-Infinity, Infinity]]",,all_real,discovery_proxy_dimensions,0,0,"[[-Infinity, Infinity]]",,,,,,
XRCC5,1,5,CASP7,PTEN;SQSTM1;RICTOR;DIABLO;BAK1,3,2,2,1,,0.05,0.4,0.2,5.690296856657634e-10;0.01100655687635053,0.02283453535118382,proxy_dimensions,2,,0,skcm,237,80,37,0.5371991406316006,False,,all_real,discovery_proxy_dimensions,0,0,"[[-Infinity, Infinity]]",,all_real,discovery_proxy_dimensions,0,0,"[[-Infinity, Infinity]]",,,,,,
TSC2,1,55,STAT5A,CDH1;MYH11;VHL;SERPINE1;KIT;TFRC;CAV1;TUBA1B;GAPDH;CASP7;CTNNB1;ANXA1;RPS6;FASN;HSPA1A;IGFBP2;SYK;ASNS;RBM15;GAB2;MYC;INPP4B;CCNB1;PTEN;ATM;FN1;PXN;EEF2;ERBB3;PRKCA;BRAF;PDCD4;ETS1;COL6A1;NF2;BCL2;AKT1;TP53BP1;PREX1;RICTOR;ACACA;LCK;RAD50;BAP1;MSH6;EIF4EBP1;DIABLO;MAP2K1;CCNE1;BAK1;RAD51;AR;RAB25;XRCC5;MSH2,3,2,2,1,,0.05,0.2,0.15,5.015314977815308e-57;3.189133201679424e-10,4.1677968876915746e-22,proxy_dimensions,2,,0,skcm,237,80,37,0.5358841895581392,False,,all_real,discovery_proxy_dimensions,0,0,"[[-Infinity, Infinity]]",,all_real,discovery_proxy_dimensions,0,0,"[[-Infinity, Infinity]]",,,,,,
MSH2,3,5,ETS1;NF2;MSH6,PTEN;SQSTM1;RICTOR;DIABLO;BAK1,3,3,3,2,0.022745416878235045,0.05,0.4,0.2,1.3080158720222868e-23;1.0296761057257367e-10;5.899020113671372e-06;0.07139747265804268,5.0905083276889666e-18;5.231455762903685e-06;0.26284119982133103,conditional_information_dimension,3,0.07381045216513905,0,skcm,237,80,37,0.52008500289633,False,,all_real,discovery_conditional_information_dimension,0,0,"[[-Infinity, Infinity]]",,all_real,discovery_conditional_information_dimension,0,0,"[[-Infinity, Infinity]]",0.5206451232694586;0.3423195645641804;0.07381045216513905,0.03989407725646398,False,,,
