exposure,nZ,nW,Z,W,r_pca,r_bridge,r_joint,r_signal,nu,rank_test_level,window_fraction,alpha,joint_pvalues,conditional_pvalues,status,r_grid,conditional_root,eligible_designs,study,n_discovery,n_estimation,estimation_events,exposure_sd,design_ready,rmst_estimate,rmst_kind,rmst_status,rmst_boot_success,rmst_boot_attempts,rmst_intervals,survival_estimate,survival_kind,survival_status,survival_boot_success,survival_boot_attempts,survival_intervals,conditional_roots,nu_raw,conditional_rank_agreement,reason
MYH11,4,37,RICTOR;CAV1;FASN;NKX2-1,VHL;CTNNB1;CLDN7;CDH1;TIGAR;SERPINE1;STAT5A;ERCC1;TFRC;ERBB2;DIABLO;RPS6;PTEN;GAPDH;FN1;RAB25;ANXA1;EIF4G1;RBM15;ASNS;EEF2K;ATM;BRAF;TUBA1B;GAB2;SYK;TP53BP1;G6PD;SQSTM1;RAD50;PDCD4;BAP1;SMAD1;ITGA2;MYC;PRKCA;MSH6,2,5,5,4,,0.05,0.2,0.2,2.1020275807701936e-84;1.0998552126980614e-45;1.3505190937921586e-21;1.1096495148489835e-07;0.01369050761134504,3.673442054631362e-67;1.2194114165798681e-33;1.264420189647937e-18;0.0002562177010049771,proxy_dimensions,5,,0,stad,261,88,38,3.591559671238617,False,,all_real,discovery_proxy_dimensions,0,0,"[[-Infinity, Infinity]]",,all_real,discovery_proxy_dimensions,0,0,"[[-Infinity, Infinity]]",,,,
RICTOR,3,7,MYH11;CAV1;TFRC,VHL;ERBB2;RAB25;TUBA1B;SQSTM1;RAD50;PRKCA,2,4,4,3,,0.05,0.2,0.15,5.0118626419227456e-31;2.483014956320837e-16;5.893344684516462e-06;0.004875038436373497,1.0735675297580157e-20;7.20864268314724e-06;0.003017055899932462,proxy_dimensions,4,,0,stad,261,88,38,1.980327021075135,False,,all_real,discovery_proxy_dimensions,0,0,"[[-Infinity, Infinity]]",,all_real,discovery_proxy_dimensions,0,0,"[[-Infinity, Infinity]]",,,,
VHL,1,58,RAB25,MYH11;RICTOR;CTNNB1;CLDN7;CASP7;CDH1;CAV1;CDKN1B;TIGAR;SERPINE1;FASN;IGFBP2;STAT5A;HSPA1A;ERCC1;TFRC;ERBB2;ETS1;CCNB1;DIABLO;RPS6;ACACA;PXN;CTNNA1;PTEN;CCNE1;GAPDH;FN1;ANXA1;NKX2-1;EIF4G1;RBM15;ASNS;EEF2K;EEF2;ATM;BRAF;TGM2;TUBA1B;GAB2;INPP4B;RAD51;SYK;TP53BP1;G6PD;SQSTM1;MAPK1;RAD50;YBX1;PDCD4;BAP1;SMAD1;ITGA2;MS4A1;CDKN1A;MYC;PRKCA;MSH6,2,2,2,1,,0.05,0.2,0.15,1.0880004566082726e-28;1.990202660621856e-10,1.1925942101340953e-10,proxy_dimensions,2,,0,stad,261,88,38,1.4153206440370265,False,,all_real,discovery_proxy_dimensions,0,0,"[[-Infinity, Infinity]]",,all_real,discovery_proxy_dimensions,0,0,"[[-Infinity, Infinity]]",,,,
CTNNB1,4,4,CDH1;ANXA1;ASNS;GAB2,VHL;RAB25;SQSTM1;PRKCA,2,4,4,2,0.015224750578881936,0.05,0.4,0.25,2.836982079685117e-25;3.2480781837136706e-11;0.00024082321833980805;0.03629113208755792,3.9193771994300446e-13;0.00014053396514634376;0.10454633198729477;0.4443004428077081,conditional_information_dimension,4,0.04849702253144919,0,stad,261,88,38,1.2265110466928562,False,,all_real,discovery_conditional_information_dimension,0,0,"[[-Infinity, Infinity]]",,all_real,discovery_conditional_information_dimension,0,0,"[[-Infinity, Infinity]]",0.468160477562774;0.31057285471931023;0.16762478747314502;0.04849702253144919,0.015224750578881922,False,
CLDN7,4,7,TIGAR;TFRC;SMAD1;ITGA2,VHL;ERBB2;RAB25;TUBA1B;SQSTM1;RAD50;PRKCA,2,4,4,3,0.0031641114528385807,0.05,0.2,0.15,1.6080686471673273e-25;6.456814417282483e-11;3.247024445321963e-05;0.014774070135632162;0.6303892579618509,3.8430363135167157e-26;1.0061316551434091e-11;0.00010431733589703447;0.7874880265817614,conditional_information_dimension,4,0.01709948423821695,0,stad,261,88,38,1.1351680736720056,False,,all_real,discovery_conditional_information_dimension,0,0,"[[-Infinity, Infinity]]",,all_real,discovery_conditional_information_dimension,0,0,"[[-Infinity, Infinity]]",0.5531053727303353;0.41710429378563063;0.29946312357303295;0.01709948423821695,0.015400474633197396,False,
CASP7,3,7,FASN;PXN;ANXA1,VHL;ERBB2;RAB25;TUBA1B;SQSTM1;RAD50;PRKCA,2,4,4,3,,0.05,0.2,0.15,3.702288795708378e-32;5.679268191443938e-18;1.1437938441377115e-05;0.0014076927602461175,1.8004686963074502e-28;8.955894843034805e-14;0.003295346979114682,proxy_dimensions,4,,0,stad,261,88,38,1.1208766906147538,False,,all_real,discovery_proxy_dimensions,0,0,"[[-Infinity, Infinity]]",,all_real,discovery_proxy_dimensions,0,0,"[[-Infinity, Infinity]]",,,,
CDH1,4,4,CTNNB1;ERBB2;CTNNA1;FN1,VHL;RAB25;SQSTM1;PRKCA,2,3,3,2,0.012732570204593662,0.05,0.4,0.25,1.689911797387239e-29;1.3252124174832e-12;0.0002530403602474992;0.26791922558686104,5.516146499737287e-18;0.000154909683491854;0.4834880399352156,conditional_information_dimension,3,0.07629007205547547,0,stad,261,88,38,1.0503230812398157,False,,all_real,discovery_conditional_information_dimension,0,0,"[[-Infinity, Infinity]]",,all_real,discovery_conditional_information_dimension,0,0,"[[-Infinity, Infinity]]",0.5333221709626521;0.3113550184112604;0.07629007205547547,0.02362462916980181,False,
CAV1,2,7,MYH11;RICTOR,VHL;ERBB2;RAB25;TUBA1B;SQSTM1;RAD50;PRKCA,2,3,3,2,,0.05,0.2,0.15,4.845521188281953e-24;8.618417404591105e-13;5.0640982757983685e-05,6.134790379839754e-17;2.9888675406955975e-07,proxy_dimensions,3,,0,stad,261,88,38,1.0174394132743685,False,,all_real,discovery_proxy_dimensions,0,0,"[[-Infinity, Infinity]]",,all_real,discovery_proxy_dimensions,0,0,"[[-Infinity, Infinity]]",,,,
CDKN1B,3,37,IGFBP2;CTNNA1;YBX1,VHL;CTNNB1;CLDN7;CDH1;TIGAR;SERPINE1;STAT5A;ERCC1;TFRC;ERBB2;DIABLO;RPS6;PTEN;GAPDH;FN1;RAB25;ANXA1;EIF4G1;RBM15;ASNS;EEF2K;ATM;BRAF;TUBA1B;GAB2;SYK;TP53BP1;G6PD;SQSTM1;RAD50;PDCD4;BAP1;SMAD1;ITGA2;MYC;PRKCA;MSH6,2,4,4,3,,0.05,0.2,0.2,2.0026277127683103e-45;9.512355755445018e-15;4.444911519024845e-06;0.006594377349229475,1.1727742697579617e-34;3.651651601506999e-07;0.0003751719825804463,proxy_dimensions,4,,0,stad,261,88,38,0.9242183085098268,False,,all_real,discovery_proxy_dimensions,0,0,"[[-Infinity, Infinity]]",,all_real,discovery_proxy_dimensions,0,0,"[[-Infinity, Infinity]]",,,,
TIGAR,3,4,CLDN7;TFRC;BRAF,VHL;RAB25;SQSTM1;PRKCA,2,3,3,3,0.057043804796992295,0.05,0.4,0.25,1.6688618115434646e-22;0.0001839127515595091;0.010784963573427593;0.2802355066144129,9.31033477825161e-25;2.0362842907411698e-05;0.0019445412274573704,reported,3,0.19429515301592248,1,stad,261,88,38,0.9206383103108101,True,,all_real,censoring_support,0,0,"[[-Infinity, Infinity]]",,all_real,censoring_support,0,0,"[[-Infinity, Infinity]]",0.593668792637258;0.25916349902236935;0.19429515301592248,0.051229140626288784,True,Censoring positivity is below the reporting floor
SERPINE1,5,7,FN1;ANXA1;NKX2-1;G6PD;ITGA2,VHL;ERBB2;RAB25;TUBA1B;SQSTM1;RAD50;PRKCA,2,4,4,3,0.013321348004036837,0.05,0.2,0.15,4.0871090474058206e-30;1.1891202206630631e-11;0.0004275938452148781;0.025905830633585657;0.575674917284092;0.8329235177761529,3.504493929315363e-28;2.817773841819165e-11;0.0004615669026165169;0.515830498124098,conditional_information_dimension,4,0.07296780162768779,0,stad,261,88,38,0.8850612665721149,False,,all_real,discovery_conditional_information_dimension,0,0,"[[-Infinity, Infinity]]",,all_real,discovery_conditional_information_dimension,0,0,"[[-Infinity, Infinity]]",0.5912000642588705;0.43234389552445424;0.2974082018016979;0.07296780162768779,0.02056378720636659,False,
FASN,4,7,MYH11;CASP7;CCNB1;ACACA,VHL;ERBB2;RAB25;TUBA1B;SQSTM1;RAD50;PRKCA,2,5,5,4,,0.05,0.2,0.15,2.828309440029289e-37;2.0475283877984478e-20;2.2600376821706534e-08;0.0004464321304909917;0.04459916169782205,3.044831947182462e-24;1.6423626092392605e-12;3.6538855460000455e-06;0.045075858526796554,proxy_dimensions,5,,0,stad,261,88,38,0.8840434831248345,False,,all_real,discovery_proxy_dimensions,0,0,"[[-Infinity, Infinity]]",,all_real,discovery_proxy_dimensions,0,0,"[[-Infinity, Infinity]]",,,,
IGFBP2,1,7,CDKN1B,VHL;ERBB2;RAB25;TUBA1B;SQSTM1;RAD50;PRKCA,2,2,2,1,,0.05,0.2,0.15,4.187897765796953e-05;0.02446885453112634,0.001001383731349814,proxy_dimensions,2,,0,stad,261,88,38,0.8813849043017368,False,,all_real,discovery_proxy_dimensions,0,0,"[[-Infinity, Infinity]]",,all_real,discovery_proxy_dimensions,0,0,"[[-Infinity, Infinity]]",,,,
STAT5A,3,51,PTEN;GAB2;ITGA2,MYH11;RICTOR;VHL;CLDN7;CASP7;CAV1;CDKN1B;TIGAR;SERPINE1;FASN;IGFBP2;HSPA1A;ERCC1;TFRC;ERBB2;ETS1;CCNB1;DIABLO;RPS6;ACACA;PXN;CTNNA1;CCNE1;FN1;RAB25;NKX2-1;EIF4G1;RBM15;EEF2K;EEF2;ATM;BRAF;TGM2;TUBA1B;INPP4B;RAD51;SYK;TP53BP1;G6PD;SQSTM1;MAPK1;RAD50;YBX1;PDCD4;BAP1;SMAD1;MS4A1;CDKN1A;MYC;PRKCA;MSH6,2,4,4,3,,0.05,0.2,0.2,2.603312938839482e-88;5.597734365075995e-22;1.0158825238248297e-11;0.0012813092107432508,1.4341469847876579e-31;4.378102317838731e-16;1.1416167706208579e-07,proxy_dimensions,4,,0,stad,261,88,38,0.881193347544992,False,,all_real,discovery_proxy_dimensions,0,0,"[[-Infinity, Infinity]]",,all_real,discovery_proxy_dimensions,0,0,"[[-Infinity, Infinity]]",,,,
HSPA1A,2,4,MS4A1;CDKN1A,VHL;RAB25;SQSTM1;PRKCA,2,3,3,2,,0.05,0.4,0.25,1.405568786344407e-13;0.0002506421875984424;0.049237594997130645,4.520707333204498e-08;0.00021113932039193626,proxy_dimensions,3,,0,stad,261,88,38,0.8615047393179874,False,,all_real,discovery_proxy_dimensions,0,0,"[[-Infinity, Infinity]]",,all_real,discovery_proxy_dimensions,0,0,"[[-Infinity, Infinity]]",,,,
ERCC1,3,2,DIABLO;TUBA1B;CDKN1A,VHL;RAB25,2,2,2,2,0.10465975184775671,0.05,0.4,0.2,2.5119565561846247e-10;0.00012168705682011796,6.14403259990056e-09;3.304322213072924e-05,reported,2,0.28147259827995813,2,stad,261,88,38,0.8505996761482914,True,,all_real,censoring_support,0,0,"[[-Infinity, Infinity]]",,all_real,censoring_support,0,0,"[[-Infinity, Infinity]]",0.3297825830640154;0.28147259827995813,0.10465975184775676,True,Censoring positivity is below the reporting floor
TFRC,4,4,CLDN7;TIGAR;CCNB1;EEF2,VHL;RAB25;SQSTM1;PRKCA,2,3,3,3,0.06929473105914664,0.05,0.4,0.25,1.4428606550720851e-16;6.052927049800774e-07;0.00209350362321399;0.2704815071665487,5.120277184300388e-13;3.9522279319878204e-07;0.00016737794174235374,reported,3,0.2597273662444781,3,stad,261,88,38,0.8417219628821955,True,,all_real,censoring_support,0,0,"[[-Infinity, Infinity]]",,all_real,censoring_support,0,0,"[[-Infinity, Infinity]]",0.40421253774079574;0.29656416633164145;0.2597273662444781,0.062296179444386146,True,Censoring positivity is below the reporting floor
ERBB2,1,10,CDH1,VHL;ERCC1;DIABLO;RAB25;ATM;INPP4B;SYK;SQSTM1;MYC;PRKCA,2,2,2,1,,0.05,0.4,0.3,9.044921528747463e-17;0.0471526258939721,6.37948459907721e-16,proxy_dimensions,2,,0,stad,261,88,38,0.8398847620191179,False,,all_real,discovery_proxy_dimensions,0,0,"[[-Infinity, Infinity]]",,all_real,discovery_proxy_dimensions,0,0,"[[-Infinity, Infinity]]",,,,
ETS1,5,10,NKX2-1;EEF2;RAD51;MAPK1;MS4A1,VHL;ERCC1;DIABLO;RAB25;ATM;INPP4B;SYK;SQSTM1;MYC;PRKCA,2,5,5,4,0.01210063099666204,0.05,0.4,0.3,6.798798022482767e-47;4.35740083900765e-20;3.4887343538658223e-09;0.00047689412084388704;0.04913974327664348;0.6328378331819112,1.5623334189688245e-51;4.851678602286583e-21;1.2410358422667485e-08;0.001130409789772494;0.1439861123805535,conditional_information_dimension,5,0.09267413601879863,0,stad,261,88,38,0.819946658875267,False,,all_real,discovery_conditional_information_dimension,0,0,"[[-Infinity, Infinity]]",,all_real,discovery_conditional_information_dimension,0,0,"[[-Infinity, Infinity]]",0.7149015578984339;0.5277734135153963;0.37152354983324026;0.250656601422411;0.09267413601879863,0.014022896636192744,False,
CCNB1,4,10,FASN;TFRC;CCNE1;MSH6,VHL;ERCC1;DIABLO;RAB25;ATM;INPP4B;SYK;SQSTM1;MYC;PRKCA,2,4,4,4,0.027554078122508555,0.05,0.4,0.3,7.14220239936862e-46;3.4821423724062626e-23;1.0821102225471642e-09;0.00046863181091622523;0.3642455096334933,1.0443259877922569e-41;2.490980336140192e-16;2.3792632494591248e-08;0.0018623833950950548,reported,4,0.19546495736583736,1,stad,261,88,38,0.8113736032743292,True,,all_real,censoring_support,0,0,"[[-Infinity, Infinity]]",,all_real,censoring_support,0,0,"[[-Infinity, Infinity]]",0.664350714588293;0.43751694058541885;0.3454305785118748;0.19546495736583736,0.025076515220998897,True,Censoring positivity is below the reporting floor
DIABLO,2,7,ERCC1;MYC,VHL;ERBB2;RAB25;TUBA1B;SQSTM1;RAD50;PRKCA,2,3,3,2,,0.05,0.2,0.15,5.25891064882603e-24;1.2962966362508625e-05;0.043239820721328405,5.578006885914412e-23;0.0009856947172416748,proxy_dimensions,3,,0,stad,261,88,38,0.8094350891026341,False,,all_real,discovery_proxy_dimensions,0,0,"[[-Infinity, Infinity]]",,all_real,discovery_proxy_dimensions,0,0,"[[-Infinity, Infinity]]",,,,
RPS6,3,4,FASN;RBM15;SMAD1,VHL;RAB25;SQSTM1;PRKCA,2,3,3,3,0.06495570451812671,0.05,0.4,0.25,1.6819951703522081e-21;6.33366808703929e-11;0.000538674424151408;0.45315278533679937,4.8686712626739073e-17;2.8389969903595654e-10;1.5363869330027217e-05,reported,3,0.26866276725133137,1,stad,261,88,38,0.8004811520990986,True,,all_real,censoring_support,0,0,"[[-Infinity, Infinity]]",,all_real,censoring_support,0,0,"[[-Infinity, Infinity]]",0.4146538172304119;0.3459713458058973;0.26866276725133137,0.05817909710086007,True,Censoring positivity is below the reporting floor
ACACA,2,7,CTNNB1;FASN,VHL;ERBB2;RAB25;TUBA1B;SQSTM1;RAD50;PRKCA,2,2,2,2,0.1754486338647242,0.05,0.2,0.15,1.7387302749671114e-39;1.790130810258728e-14;0.28842891428281175,4.726325895445296e-40;1.7620860030972122e-13,reported,2,0.44128571223642415,1,stad,261,88,38,0.799862104300105,True,,all_real,censoring_support,0,0,"[[-Infinity, Infinity]]",,all_real,censoring_support,0,0,"[[-Infinity, Infinity]]",0.647222044338468;0.44128571223642415,0.11680962236071313,True,Censoring positivity is below the reporting floor
PXN,3,10,CASP7;STAT5A;CTNNA1,VHL;ERCC1;DIABLO;RAB25;ATM;INPP4B;SYK;SQSTM1;MYC;PRKCA,2,3,3,3,0.09190067677433572,0.05,0.4,0.3,2.994748097166914e-41;6.003505950843677e-20;2.292741503228386e-05;0.07970504931287845,8.8175049377237e-35;8.688810267733483e-16;6.262832271952683e-08,reported,3,0.332763368661363,1,stad,261,88,38,0.7971206836660185,True,,all_real,censoring_support,0,0,"[[-Infinity, Infinity]]",,all_real,censoring_support,0,0,"[[-Infinity, Infinity]]",0.5903975486795068;0.416055149013561;0.332763368661363,0.057982130162365725,True,Censoring positivity is below the reporting floor
CTNNA1,4,4,CDH1;CDKN1B;FASN;PXN,VHL;RAB25;SQSTM1;PRKCA,2,3,3,3,0.034807726922398634,0.05,0.4,0.25,1.7537779515007807e-31;3.3411070352022913e-15;0.0030382250051037164;0.27666695208722814,1.320102812616654e-21;3.231037762125406e-06;0.008301297766356653,reported,3,0.19430275248654347,1,stad,261,88,38,0.7927734414146131,True,,all_real,censoring_support,0,0,"[[-Infinity, Infinity]]",,all_real,censoring_support,0,0,"[[-Infinity, Infinity]]",0.5575574699681878;0.3152401096243873;0.19430275248654347,0.03442912606973719,True,Censoring positivity is below the reporting floor
PTEN,3,7,STAT5A;RBM15;SYK,VHL;ERBB2;RAB25;TUBA1B;SQSTM1;RAD50;PRKCA,2,3,3,2,0.00668228526617031,0.05,0.2,0.15,1.200082863616865e-23;3.7572189791034293e-08;0.00030717087960144013;0.1806019663334376,3.053315780898504e-12;1.2077836718335097e-06;0.7414287295305395,conditional_information_dimension,3,0.020887245959252804,0,stad,261,88,38,0.7903600031240497,False,,all_real,discovery_conditional_information_dimension,0,0,"[[-Infinity, Infinity]]",,all_real,discovery_conditional_information_dimension,0,0,"[[-Infinity, Infinity]]",0.38740803239142196;0.35132016775601177;0.020887245959252804,0.030045223749362814,False,
CCNE1,2,7,CCNB1;INPP4B,VHL;ERBB2;RAB25;TUBA1B;SQSTM1;RAD50;PRKCA,2,3,3,2,,0.05,0.2,0.15,7.724495268276994e-20;8.760037542441065e-06;0.033665535048724354,4.6567357227100717e-14;1.4170250789990666e-05,proxy_dimensions,3,,0,stad,261,88,38,0.7730782041410829,False,,all_real,discovery_proxy_dimensions,0,0,"[[-Infinity, Infinity]]",,all_real,discovery_proxy_dimensions,0,0,"[[-Infinity, Infinity]]",,,,
GAPDH,3,10,CASP7;ANXA1;EEF2,VHL;ERCC1;DIABLO;RAB25;ATM;INPP4B;SYK;SQSTM1;MYC;PRKCA,2,3,3,3,0.035743858535749296,0.05,0.4,0.3,1.5336482393259636e-23;2.1915240078977098e-07;0.005460707932125395;0.21404129694745572,6.106178870199619e-27;6.163877265863436e-06;0.024145102825551223,reported,3,0.14202554100307727,1,stad,261,88,38,0.7665568070583344,True,,all_real,censoring_support,0,0,"[[-Infinity, Infinity]]",,all_real,censoring_support,0,0,"[[-Infinity, Infinity]]",0.6106636583722375;0.30537115161154793;0.14202554100307727,0.030295441003669564,True,Censoring positivity is below the reporting floor
FN1,2,7,SERPINE1;PDCD4,VHL;ERBB2;RAB25;TUBA1B;SQSTM1;RAD50;PRKCA,2,3,3,2,,0.05,0.2,0.15,9.25725648786499e-22;0.0001439399028093081;0.04343919876471617,1.4998975228546922e-13;0.0004221546513912695,proxy_dimensions,3,,0,stad,261,88,38,0.7515440532534098,False,,all_real,discovery_proxy_dimensions,0,0,"[[-Infinity, Infinity]]",,all_real,discovery_proxy_dimensions,0,0,"[[-Infinity, Infinity]]",,,,
RAB25,1,58,VHL,MYH11;RICTOR;CTNNB1;CLDN7;CASP7;CDH1;CAV1;CDKN1B;TIGAR;SERPINE1;FASN;IGFBP2;STAT5A;HSPA1A;ERCC1;TFRC;ERBB2;ETS1;CCNB1;DIABLO;RPS6;ACACA;PXN;CTNNA1;PTEN;CCNE1;GAPDH;FN1;ANXA1;NKX2-1;EIF4G1;RBM15;ASNS;EEF2K;EEF2;ATM;BRAF;TGM2;TUBA1B;GAB2;INPP4B;RAD51;SYK;TP53BP1;G6PD;SQSTM1;MAPK1;RAD50;YBX1;PDCD4;BAP1;SMAD1;ITGA2;MS4A1;CDKN1A;MYC;PRKCA;MSH6,2,2,2,1,,0.05,0.2,0.15,1.0880004566082726e-28;1.990202660621856e-10,1.0820628434965105e-17,proxy_dimensions,2,,0,stad,261,88,38,0.6966206181135838,False,,all_real,discovery_proxy_dimensions,0,0,"[[-Infinity, Infinity]]",,all_real,discovery_proxy_dimensions,0,0,"[[-Infinity, Infinity]]",,,,
ANXA1,4,7,CTNNB1;CASP7;SERPINE1;GAPDH,VHL;ERBB2;RAB25;TUBA1B;SQSTM1;RAD50;PRKCA,2,4,4,4,0.041398682261092536,0.05,0.2,0.15,1.5344010979704648e-26;1.0932404540211693e-10;3.4208795088921224e-05;0.026492888168628333;0.6498028991469813,4.4178122130236555e-27;2.4470737423340776e-15;1.2304034307308635e-08;0.0001329376121262189,reported,4,0.2388695362227065,2,stad,261,88,38,0.6925836155360848,True,,all_real,censoring_support,0,0,"[[-Infinity, Infinity]]",,all_real,censoring_support,0,0,"[[-Infinity, Infinity]]",0.5169594014462592;0.4130273889140481;0.3266436461973661;0.2388695362227065,0.0330960790814384,True,Censoring positivity is below the reporting floor
NKX2-1,4,10,MYH11;ETS1;MAPK1;RAD50,VHL;ERCC1;DIABLO;RAB25;ATM;INPP4B;SYK;SQSTM1;MYC;PRKCA,2,4,4,3,0.016391792773201463,0.05,0.4,0.3,1.3601098514625539e-27;1.145343992806489e-10;1.3805722289666615e-06;0.0012389694253950492;0.11627860626336234,3.9972546814295635e-26;5.268515379713829e-10;9.101018493671067e-06;0.10749864574829322,conditional_information_dimension,4,0.10183739295597637,0,stad,261,88,38,0.6894568780291307,False,,all_real,discovery_conditional_information_dimension,0,0,"[[-Infinity, Infinity]]",,all_real,discovery_conditional_information_dimension,0,0,"[[-Infinity, Infinity]]",0.5743577843398109;0.35476208311339114;0.3156667514771119;0.10183739295597637,0.02087079596253786,False,
EIF4G1,4,49,EEF2K;BRAF;TP53BP1;BAP1,MYH11;RICTOR;VHL;CTNNB1;CASP7;CDH1;CAV1;CDKN1B;SERPINE1;FASN;IGFBP2;STAT5A;HSPA1A;ERCC1;TFRC;ERBB2;ETS1;CCNB1;DIABLO;ACACA;PXN;CTNNA1;PTEN;CCNE1;GAPDH;FN1;RAB25;ANXA1;NKX2-1;ASNS;EEF2;ATM;TGM2;TUBA1B;GAB2;INPP4B;RAD51;SYK;G6PD;SQSTM1;MAPK1;RAD50;YBX1;PDCD4;ITGA2;MS4A1;CDKN1A;MYC;PRKCA,2,5,5,4,,0.05,0.2,0.2,2.674525256904827e-86;5.324125725108184e-21;6.373923632096837e-08;7.81700767810023e-05;0.005363592765817115,1.48449545899583e-45;1.0465656056182395e-20;8.670404814783124e-07;0.0017178211829554123,proxy_dimensions,5,,0,stad,261,88,38,0.6819195884458872,False,,all_real,discovery_proxy_dimensions,0,0,"[[-Infinity, Infinity]]",,all_real,discovery_proxy_dimensions,0,0,"[[-Infinity, Infinity]]",,,,
RBM15,3,7,RPS6;PTEN;BAP1,VHL;ERBB2;RAB25;TUBA1B;SQSTM1;RAD50;PRKCA,2,3,3,3,0.04415667348137811,0.05,0.2,0.15,1.6849084617153825e-28;6.999752169839005e-13;0.001368097649141978;0.29080042806404727,7.68715497418822e-21;2.0029236869707313e-10;0.0040145646052564534,reported,3,0.18064038998780554,2,stad,261,88,38,0.6588807881062491,True,,all_real,censoring_support,0,0,"[[-Infinity, Infinity]]",,all_real,censoring_support,0,0,"[[-Infinity, Infinity]]",0.47909488750285745;0.3976627967011358;0.18064038998780554,0.038622065886005655,True,Censoring positivity is below the reporting floor
ASNS,3,4,CTNNB1;FASN;ACACA,VHL;RAB25;SQSTM1;PRKCA,2,2,2,2,0.12242464388489659,0.05,0.4,0.25,4.211507923551627e-28;1.4595630636730247e-10;0.724567748386296;0.7724854090745896,2.8437381247478257e-25;4.30396977051186e-07,reported,2,0.3326463517403397,1,stad,261,88,38,0.6489533097362117,True,,all_real,censoring_support,0,0,"[[-Infinity, Infinity]]",,all_real,censoring_support,0,0,"[[-Infinity, Infinity]]",0.5719385857144463;0.3326463517403397,0.09642434075927957,True,Censoring positivity is below the reporting floor
EEF2K,2,10,STAT5A;EIF4G1,VHL;ERCC1;DIABLO;RAB25;ATM;INPP4B;SYK;SQSTM1;MYC;PRKCA,2,2,2,2,0.1595874973810667,0.05,0.4,0.3,4.2145944501274355e-30;6.914850742629115e-10;0.2653217499730009,6.294821078071868e-32;1.0901573136909291e-13,reported,2,0.44470325726847393,3,stad,261,88,38,0.6477202252614239,True,,all_real,censoring_support,0,0,"[[-Infinity, Infinity]]",,all_real,censoring_support,0,0,"[[-Infinity, Infinity]]",0.5670563404005574;0.44470325726847393,0.09055520829305774,True,Censoring positivity is below the reporting floor
EEF2,4,10,TFRC;ETS1;GAPDH;MAPK1,VHL;ERCC1;DIABLO;RAB25;ATM;INPP4B;SYK;SQSTM1;MYC;PRKCA,2,4,4,4,0.0407363209814029,0.05,0.4,0.3,2.9709491009557715e-33;4.0923918537288283e-14;4.0973472468993543e-07;0.003801726923799215;0.3990012207505984,1.696286807503893e-29;8.230876316067918e-18;8.117745946608052e-10;0.00012875293834714672,reported,4,0.23934778721402236,1,stad,261,88,38,0.6453285271867787,True,,all_real,censoring_support,0,0,"[[-Infinity, Infinity]]",,all_real,censoring_support,0,0,"[[-Infinity, Infinity]]",0.5164512345897861;0.43854268011262554;0.35589063371043306;0.23934778721402236,0.030801620935271338,True,Censoring positivity is below the reporting floor
ATM,2,2,STAT5A;RAD51,VHL;RAB25,2,2,2,1,0.04216275333334447,0.05,0.4,0.2,2.528548669809533e-12;0.00042221483080295683,2.74302149059444e-08;0.05320245523955079,conditional_information_dimension,2,0.1216946815411044,0,stad,261,88,38,0.6400738547833545,False,,all_real,discovery_conditional_information_dimension,0,0,"[[-Infinity, Infinity]]",,all_real,discovery_conditional_information_dimension,0,0,"[[-Infinity, Infinity]]",0.3715787347484477;0.1216946815411044,0.04216275333334446,False,
BRAF,3,4,TIGAR;STAT5A;EIF4G1,VHL;RAB25;SQSTM1;PRKCA,2,2,2,2,0.07834502034786661,0.05,0.4,0.25,6.861509227277194e-22;1.4906125641599087e-07;0.46060357085058656;0.6087806816732241,3.012859800881297e-10;0.010783130864932003,reported,2,0.18865162553266307,1,stad,261,88,38,0.6226269008601587,True,,all_real,censoring_support,0,0,"[[-Infinity, Infinity]]",,all_real,censoring_support,0,0,"[[-Infinity, Infinity]]",0.41345236453491224;0.18865162553266307,0.06099574600566653,True,Censoring positivity is below the reporting floor
TGM2,1,37,MAPK1,VHL;CTNNB1;CLDN7;CDH1;TIGAR;SERPINE1;STAT5A;ERCC1;TFRC;ERBB2;DIABLO;RPS6;PTEN;GAPDH;FN1;RAB25;ANXA1;EIF4G1;RBM15;ASNS;EEF2K;ATM;BRAF;TUBA1B;GAB2;SYK;TP53BP1;G6PD;SQSTM1;RAD50;PDCD4;BAP1;SMAD1;ITGA2;MYC;PRKCA;MSH6,2,2,2,1,,0.05,0.2,0.2,1.0702952960595886e-33;0.00042984991482504606,1.9335325518985354e-15,proxy_dimensions,2,,0,stad,261,88,38,0.6020305322268847,False,,all_real,discovery_proxy_dimensions,0,0,"[[-Infinity, Infinity]]",,all_real,discovery_proxy_dimensions,0,0,"[[-Infinity, Infinity]]",,,,
TUBA1B,2,2,ERCC1;MS4A1,VHL;RAB25,2,2,2,2,0.08369880818352965,0.05,0.4,0.2,9.687117412681799e-09;0.00022499047144943242,1.6803444277380638e-06;0.0006511241231957633,reported,2,0.2129374425667004,1,stad,261,88,38,0.5943884956069297,True,,all_real,censoring_support,0,0,"[[-Infinity, Infinity]]",,all_real,censoring_support,0,0,"[[-Infinity, Infinity]]",0.2813100502216757;0.2129374425667004,0.08369880818352965,True,Censoring positivity is below the reporting floor
GAB2,3,4,CTNNB1;STAT5A;G6PD,VHL;RAB25;SQSTM1;PRKCA,2,3,3,2,0.022861387309547485,0.05,0.4,0.25,1.2032427073362982e-18;8.624494761010568e-05;0.01645106687071912;0.15847087531294912,1.2721293919747313e-10;0.0012450860885357751;0.22253616596392345,conditional_information_dimension,3,0.07710995236319454,0,stad,261,88,38,0.5911580397950016,False,,all_real,discovery_conditional_information_dimension,0,0,"[[-Infinity, Infinity]]",,all_real,discovery_conditional_information_dimension,0,0,"[[-Infinity, Infinity]]",0.41556558614908023;0.25291160407176416;0.07710995236319454,0.03046985282937492,False,
INPP4B,1,7,CCNE1,VHL;ERBB2;RAB25;TUBA1B;SQSTM1;RAD50;PRKCA,2,2,2,1,,0.05,0.2,0.15,3.014878326502505e-13;0.00032748676998889354,3.863943206960816e-06,proxy_dimensions,2,,0,stad,261,88,38,0.5852559458664367,False,,all_real,discovery_proxy_dimensions,0,0,"[[-Infinity, Infinity]]",,all_real,discovery_proxy_dimensions,0,0,"[[-Infinity, Infinity]]",,,,
RAD51,2,7,ETS1;ATM,VHL;ERBB2;RAB25;TUBA1B;SQSTM1;RAD50;PRKCA,2,3,3,2,,0.05,0.2,0.15,8.886802518503666e-38;8.296168665865081e-16;6.65393120203915e-05,7.834242598360604e-26;8.738312589196656e-05,proxy_dimensions,3,,0,stad,261,88,38,0.5794343950881103,False,,all_real,discovery_proxy_dimensions,0,0,"[[-Infinity, Infinity]]",,all_real,discovery_proxy_dimensions,0,0,"[[-Infinity, Infinity]]",,,,
SYK,1,7,PTEN,VHL;ERBB2;RAB25;TUBA1B;SQSTM1;RAD50;PRKCA,2,1,1,1,0.48917824607040955,0.05,0.2,0.15,8.491865814300927e-16;0.06388645684929145,1.0964928735767216e-16,reported,1,0.48917824607040955,3,stad,261,88,38,0.5718801429351014,True,,all_real,censoring_support,0,0,"[[-Infinity, Infinity]]",,all_real,censoring_support,0,0,"[[-Infinity, Infinity]]",0.48917824607040955,0.2236945471910429,True,Censoring positivity is below the reporting floor
TP53BP1,2,49,EIF4G1;BAP1,MYH11;RICTOR;VHL;CTNNB1;CASP7;CDH1;CAV1;CDKN1B;SERPINE1;FASN;IGFBP2;STAT5A;HSPA1A;ERCC1;TFRC;ERBB2;ETS1;CCNB1;DIABLO;ACACA;PXN;CTNNA1;PTEN;CCNE1;GAPDH;FN1;RAB25;ANXA1;NKX2-1;ASNS;EEF2;ATM;TGM2;TUBA1B;GAB2;INPP4B;RAD51;SYK;G6PD;SQSTM1;MAPK1;RAD50;YBX1;PDCD4;ITGA2;MS4A1;CDKN1A;MYC;PRKCA,2,3,3,2,,0.05,0.2,0.2,4.911080149985891e-68;3.437839241107111e-06;0.000580102425751896,1.6077703877017689e-22;0.0006557565382945255,proxy_dimensions,3,,0,stad,261,88,38,0.5641969614064378,False,,all_real,discovery_proxy_dimensions,0,0,"[[-Infinity, Infinity]]",,all_real,discovery_proxy_dimensions,0,0,"[[-Infinity, Infinity]]",,,,
G6PD,3,4,STAT5A;ANXA1;GAB2,VHL;RAB25;SQSTM1;PRKCA,2,3,3,3,0.03444461842357075,0.05,0.4,0.25,5.623648612881316e-14;0.013905733391973528;0.037142203028527665;0.18747242275873016,5.1126674369288646e-14;0.0018743198943782463;0.0054335492136036966,reported,3,0.17465321539363152,1,stad,261,88,38,0.5636064775138537,True,,all_real,censoring_support,0,0,"[[-Infinity, Infinity]]",,all_real,censoring_support,0,0,"[[-Infinity, Infinity]]",0.48033326513209335;0.19168078896676996;0.17465321539363152,0.031086870144383924,True,Censoring positivity is below the reporting floor
SQSTM1,1,2,CDKN1A,VHL;RAB25,2,2,2,1,,0.05,0.4,0.2,0.0019963609970910863;0.033450567193074585,0.0024503033438383675,proxy_dimensions,2,,0,stad,261,88,38,0.5587467633779685,False,,all_real,discovery_proxy_dimensions,0,0,"[[-Infinity, Infinity]]",,all_real,discovery_proxy_dimensions,0,0,"[[-Infinity, Infinity]]",,,,
MAPK1,4,37,ETS1;NKX2-1;EEF2;TGM2,VHL;CTNNB1;CLDN7;CDH1;TIGAR;SERPINE1;STAT5A;ERCC1;TFRC;ERBB2;DIABLO;RPS6;PTEN;GAPDH;FN1;RAB25;ANXA1;EIF4G1;RBM15;ASNS;EEF2K;ATM;BRAF;TUBA1B;GAB2;SYK;TP53BP1;G6PD;SQSTM1;RAD50;PDCD4;BAP1;SMAD1;ITGA2;MYC;PRKCA;MSH6,2,5,5,4,,0.05,0.2,0.2,1.3571752093546115e-72;3.714559337814655e-34;4.1551751184505034e-14;4.751500068809121e-06;0.014756550317285273,3.600489459978426e-48;4.710264879054249e-27;2.657708127549846e-13;3.349830518861417e-05,proxy_dimensions,5,,0,stad,261,88,38,0.5515073314557942,False,,all_real,discovery_proxy_dimensions,0,0,"[[-Infinity, Infinity]]",,all_real,discovery_proxy_dimensions,0,0,"[[-Infinity, Infinity]]",,,,
RAD50,1,10,NKX2-1,VHL;ERCC1;DIABLO;RAB25;ATM;INPP4B;SYK;SQSTM1;MYC;PRKCA,2,2,2,1,,0.05,0.4,0.3,2.5371516138083143e-13;7.969652482373552e-06,6.821827229250764e-08,proxy_dimensions,2,,0,stad,261,88,38,0.5443798651548936,False,,all_real,discovery_proxy_dimensions,0,0,"[[-Infinity, Infinity]]",,all_real,discovery_proxy_dimensions,0,0,"[[-Infinity, Infinity]]",,,,
YBX1,3,4,CDKN1B;CCNB1;GAPDH,VHL;RAB25;SQSTM1;PRKCA,2,2,2,2,0.15034441764289452,0.05,0.4,0.25,5.2746970792340614e-18;5.712920540119795e-06;0.36367155034525234;0.8680990550089165,1.4838311571404818e-20;2.745832884751048e-07,reported,2,0.3374101525089143,2,stad,261,88,38,0.539730547297527,True,,all_real,censoring_support,0,0,"[[-Infinity, Infinity]]",,all_real,censoring_support,0,0,"[[-Infinity, Infinity]]",0.5110252550724907;0.3374101525089143,0.10682496093246938,True,Censoring positivity is below the reporting floor
PDCD4,2,7,CDKN1B;FN1,VHL;ERBB2;RAB25;TUBA1B;SQSTM1;RAD50;PRKCA,2,2,2,2,0.13145587046638998,0.05,0.2,0.15,4.894331822387924e-22;0.00029500440477086117;0.06222075484825393,1.2817167261599064e-26;4.537954953659055e-06,reported,2,0.28372366444286967,3,stad,261,88,38,0.5386427439819162,True,,all_real,censoring_support,0,0,"[[-Infinity, Infinity]]",,all_real,censoring_support,0,0,"[[-Infinity, Infinity]]",0.5886234659684748;0.28372366444286967,0.085595856721794,True,Censoring positivity is below the reporting floor
BAP1,4,49,EIF4G1;RBM15;TP53BP1;MSH6,MYH11;RICTOR;VHL;CTNNB1;CASP7;CDH1;CAV1;CDKN1B;SERPINE1;FASN;IGFBP2;STAT5A;HSPA1A;ERCC1;TFRC;ERBB2;ETS1;CCNB1;DIABLO;ACACA;PXN;CTNNA1;PTEN;CCNE1;GAPDH;FN1;RAB25;ANXA1;NKX2-1;ASNS;EEF2;ATM;TGM2;TUBA1B;GAB2;INPP4B;RAD51;SYK;G6PD;SQSTM1;MAPK1;RAD50;YBX1;PDCD4;ITGA2;MS4A1;CDKN1A;MYC;PRKCA,2,5,5,4,,0.05,0.2,0.2,8.807053846902097e-84;6.169605815093006e-20;1.2204370931369507e-08;0.00025869915254589246;0.041608392823159035,3.465782556327083e-33;6.877477698722252e-19;7.636676341130441e-08;0.00323909367786646,proxy_dimensions,5,,0,stad,261,88,38,0.536264418411935,False,,all_real,discovery_proxy_dimensions,0,0,"[[-Infinity, Infinity]]",,all_real,discovery_proxy_dimensions,0,0,"[[-Infinity, Infinity]]",,,,
SMAD1,2,7,CLDN7;RPS6,VHL;ERBB2;RAB25;TUBA1B;SQSTM1;RAD50;PRKCA,2,3,3,2,,0.05,0.2,0.15,3.599282416825505e-13;1.7628130164513407e-06;0.003024490291939639,1.1069830104353419e-09;0.006480189036671312,proxy_dimensions,3,,0,stad,261,88,38,0.5144860393688546,False,,all_real,discovery_proxy_dimensions,0,0,"[[-Infinity, Infinity]]",,all_real,discovery_proxy_dimensions,0,0,"[[-Infinity, Infinity]]",,,,
ITGA2,3,7,CLDN7;SERPINE1;STAT5A,VHL;ERBB2;RAB25;TUBA1B;SQSTM1;RAD50;PRKCA,2,3,3,3,0.0582606989145321,0.05,0.2,0.15,2.1311911193086492e-19;1.4472464276372884e-05;0.0018575886894451514;0.26006859742700356,3.640562186952656e-20;3.0165240266558783e-07;0.0003140863506868685,reported,3,0.225190906877663,1,stad,261,88,38,0.508185440576052,True,,all_real,censoring_support,0,0,"[[-Infinity, Infinity]]",,all_real,censoring_support,0,0,"[[-Infinity, Infinity]]",0.5154841417190958;0.2963088913452829;0.225190906877663,0.04412087329462361,True,Censoring positivity is below the reporting floor
MS4A1,4,10,HSPA1A;ETS1;TUBA1B;CDKN1A,VHL;ERCC1;DIABLO;RAB25;ATM;INPP4B;SYK;SQSTM1;MYC;PRKCA,2,5,5,4,,0.05,0.4,0.3,1.0406660858803725e-29;1.0078201164216182e-12;1.783440003540507e-06;0.00022169140429233007;0.047858290085650824,4.97901677147323e-19;2.9315727716033827e-09;0.00010552680236595801;0.015774681766686498,proxy_dimensions,5,,0,stad,261,88,38,0.5052775148916614,False,,all_real,discovery_proxy_dimensions,0,0,"[[-Infinity, Infinity]]",,all_real,discovery_proxy_dimensions,0,0,"[[-Infinity, Infinity]]",,,,
CDKN1A,3,4,HSPA1A;ERCC1;MS4A1,VHL;RAB25;SQSTM1;PRKCA,2,3,3,3,0.04031321450712587,0.05,0.4,0.25,1.1937516590012696e-14;5.808044396272447e-06;0.0007931420474534384;0.17053933313518005,7.544519744936202e-07;6.095830397097102e-05;0.015134630377994965,reported,3,0.15288144686339838,1,stad,261,88,38,0.5035728700468473,True,,all_real,censoring_support,0,0,"[[-Infinity, Infinity]]",,all_real,censoring_support,0,0,"[[-Infinity, Infinity]]",0.2833859477125613;0.2686107031360763;0.15288144686339838,0.040586169112172034,True,Censoring positivity is below the reporting floor
MYC,2,7,TFRC;DIABLO,VHL;ERBB2;RAB25;TUBA1B;SQSTM1;RAD50;PRKCA,2,3,3,2,,0.05,0.2,0.15,1.1824976844297397e-20;5.54841549065967e-07;0.006444471941261497,3.956039935446021e-11;0.012598055772249664,proxy_dimensions,3,,0,stad,261,88,38,0.503239180255714,False,,all_real,discovery_proxy_dimensions,0,0,"[[-Infinity, Infinity]]",,all_real,discovery_proxy_dimensions,0,0,"[[-Infinity, Infinity]]",,,,
PRKCA,1,2,SERPINE1,VHL;RAB25,2,1,1,1,0.15543631913843217,0.05,0.4,0.2,8.275461438450186e-08;0.6634699233849795,0.013134072402236177,reported,1,0.15543631913843217,1,stad,261,88,38,0.4982747452049098,True,,all_real,censoring_support,0,0,"[[-Infinity, Infinity]]",,all_real,censoring_support,0,0,"[[-Infinity, Infinity]]",0.15543631913843217,0.1252589424433859,True,Censoring positivity is below the reporting floor
MSH6,2,4,CCNB1;BAP1,VHL;RAB25;SQSTM1;PRKCA,2,3,3,2,,0.05,0.4,0.25,3.3100529065483807e-21;1.4661393123853356e-07;0.029802627960695504,1.516664478439747e-12;0.0015030796975575174,proxy_dimensions,3,,0,stad,261,88,38,0.49726312134384376,False,,all_real,discovery_proxy_dimensions,0,0,"[[-Infinity, Infinity]]",,all_real,discovery_proxy_dimensions,0,0,"[[-Infinity, Infinity]]",,,,
