exposure,nZ,nW,Z,W,r_pca,r_bridge,r_joint,r_signal,nu,rank_test_level,window_fraction,alpha,joint_pvalues,conditional_pvalues,status,r_grid,conditional_root,eligible_designs,study,n_discovery,n_estimation,estimation_events,exposure_sd,design_ready,rmst_estimate,rmst_kind,rmst_status,rmst_boot_success,rmst_boot_attempts,rmst_intervals,survival_estimate,survival_kind,survival_status,survival_boot_success,survival_boot_attempts,survival_intervals,conditional_roots,nu_raw,conditional_rank_agreement,censor_boot_failures,min_g
MYH11,3,47,CAV1;RICTOR;BCL2L11,VHL;IGFBP2;CASP7;CCNB1;GAPDH;ANXA1;TUBA1B;CLDN7;PDCD4;CTNNB1;TGM2;ATM;ERBB2;CDH1;FASN;TP53;HSPA1A;PTEN;STAT5A;EEF2;SYK;ACACA;ASNS;MAP2K1;GAB2;RAB25;EEF2K;SERPINE1;ETS1;FN1;INPP4B;SQSTM1;BRAF;MSH6;TP53BP1;ITGA2;RBM15;PREX1;G6PD;EIF4G1;EIF4EBP1;FOXM1;ERBB3;DIABLO;MYC;MSH2;RAD50,3,4,4,3,,0.05,0.2,0.25,1.1354660869834364e-58;1.0743650808839127e-27;4.327210042891484e-10;0.013818803369555146,7.3612922373388946e-34;7.256660237689161e-16;9.585814994544818e-07,proxy_dimensions,4,,0,ucec,316,106,23,1.959759267884887,False,,all_real,discovery_proxy_dimensions,0,0,"[[-Infinity, Infinity]]",,all_real,discovery_proxy_dimensions,0,0,"[[-Infinity, Infinity]]",,,,,
ESR1,2,47,AR;PGR,VHL;IGFBP2;CASP7;CCNB1;GAPDH;ANXA1;TUBA1B;CLDN7;PDCD4;CTNNB1;TGM2;ATM;ERBB2;CDH1;FASN;TP53;HSPA1A;PTEN;STAT5A;EEF2;SYK;ACACA;ASNS;MAP2K1;GAB2;RAB25;EEF2K;SERPINE1;ETS1;FN1;INPP4B;SQSTM1;BRAF;MSH6;TP53BP1;ITGA2;RBM15;PREX1;G6PD;EIF4G1;EIF4EBP1;FOXM1;ERBB3;DIABLO;MYC;MSH2;RAD50,3,3,3,2,,0.05,0.2,0.25,6.487336576913281e-45;6.659879246816466e-20;0.0005415652754002373,1.0518580300026682e-21;0.00014014162546674682,proxy_dimensions,3,,0,ucec,316,106,23,1.4046748198470698,False,,all_real,discovery_proxy_dimensions,0,0,"[[-Infinity, Infinity]]",,all_real,discovery_proxy_dimensions,0,0,"[[-Infinity, Infinity]]",,,,,
CAV1,4,47,MYH11;RICTOR;KDR;RPS6,VHL;IGFBP2;CASP7;CCNB1;GAPDH;ANXA1;TUBA1B;CLDN7;PDCD4;CTNNB1;TGM2;ATM;ERBB2;CDH1;FASN;TP53;HSPA1A;PTEN;STAT5A;EEF2;SYK;ACACA;ASNS;MAP2K1;GAB2;RAB25;EEF2K;SERPINE1;ETS1;FN1;INPP4B;SQSTM1;BRAF;MSH6;TP53BP1;ITGA2;RBM15;PREX1;G6PD;EIF4G1;EIF4EBP1;FOXM1;ERBB3;DIABLO;MYC;MSH2;RAD50,3,5,5,4,,0.05,0.2,0.25,1.8165960574119538e-87;2.935752609940049e-42;1.9269462364015426e-19;2.0569365139832167e-08;0.014165682451090568,5.8956925512618555e-65;2.271165010615847e-30;1.895858292630656e-17;2.4859522158231585e-06,proxy_dimensions,5,,0,ucec,316,106,23,1.3035766970997213,False,,all_real,discovery_proxy_dimensions,0,0,"[[-Infinity, Infinity]]",,all_real,discovery_proxy_dimensions,0,0,"[[-Infinity, Infinity]]",,,,,
VHL,0,0,,,3,0,0,0,,0.05,0.2,0.15,,,no_shared_direction,0,,0,ucec,316,106,23,1.2272719395986227,False,,all_real,discovery_no_shared_direction,0,0,"[[-Infinity, Infinity]]",,all_real,discovery_no_shared_direction,0,0,"[[-Infinity, Infinity]]",,,,,
IGFBP2,2,1,TGM2;CCNE1,VHL,3,1,1,0,0.07351806559031102,0.05,0.2,0.15,0.009846017344951144,0.2024353605793141,conditional_information_dimension,1,0.10158098292958696,0,ucec,316,106,23,1.122893739628071,False,,all_real,discovery_conditional_information_dimension,0,0,"[[-Infinity, Infinity]]",,all_real,discovery_conditional_information_dimension,0,0,"[[-Infinity, Infinity]]",0.10158098292958696,0.07351806559031102,False,,
CASP7,1,58,PREX1,MYH11;ESR1;CAV1;VHL;IGFBP2;CCNB1;GAPDH;RICTOR;TFRC;ANXA1;TUBA1B;CLDN7;PDCD4;CTNNB1;TGM2;CCNE1;ATM;ERBB2;CDH1;FASN;TP53;HSPA1A;PRKCA;PTEN;STAT5A;AR;EEF2;SYK;ACACA;ASNS;MAP2K1;BCL2;GAB2;RAB25;EEF2K;SERPINE1;ETS1;FN1;INPP4B;SQSTM1;BRAF;MSH6;TP53BP1;ITGA2;RBM15;KDR;G6PD;EIF4G1;EIF4EBP1;FOXM1;ERBB3;BCL2L11;RPS6;PGR;DIABLO;MYC;MSH2;RAD50,3,2,2,1,,0.05,0.2,0.2,2.9419903252258095e-35;7.393147369573703e-09,3.8901831878015216e-25,proxy_dimensions,2,,0,ucec,316,106,23,1.0793702671416647,False,,all_real,discovery_proxy_dimensions,0,0,"[[-Infinity, Infinity]]",,all_real,discovery_proxy_dimensions,0,0,"[[-Infinity, Infinity]]",,,,,
CCNB1,5,24,TFRC;PDCD4;CCNE1;SQSTM1;FOXM1,VHL;IGFBP2;CASP7;TUBA1B;CLDN7;CTNNB1;ERBB2;CDH1;FASN;HSPA1A;PTEN;STAT5A;ACACA;MAP2K1;RAB25;SERPINE1;FN1;TP53BP1;ITGA2;RBM15;PREX1;G6PD;EIF4EBP1;MYC,3,6,6,5,,0.05,0.4,0.3,2.817102642334245e-54;3.0455787303708082e-34;7.8243947410390925e-22;4.525027664455653e-14;1.9297794283345503e-07;0.0005143652681891304,3.2382021796055405e-39;5.988823715577749e-27;2.553638971996691e-15;6.663189105196372e-09;0.0004200044148713514,proxy_dimensions,6,,0,ucec,316,106,23,1.0198463239365054,False,,all_real,discovery_proxy_dimensions,0,0,"[[-Infinity, Infinity]]",,all_real,discovery_proxy_dimensions,0,0,"[[-Infinity, Infinity]]",,,,,
GAPDH,4,24,TFRC;ATM;EEF2;DIABLO,VHL;IGFBP2;CASP7;TUBA1B;CLDN7;CTNNB1;ERBB2;CDH1;FASN;HSPA1A;PTEN;STAT5A;ACACA;MAP2K1;RAB25;SERPINE1;FN1;TP53BP1;ITGA2;RBM15;PREX1;G6PD;EIF4EBP1;MYC,3,4,4,4,0.05699430525478508,0.05,0.4,0.3,4.756018336486336e-38;3.0142040319801504e-16;1.5617414711969204e-07;0.016212376913816023;0.626735175516089,8.720408778337375e-43;3.403176298525307e-26;4.227911895275959e-13;3.021392401364472e-07,reported,4,0.28687033845108423,1,ucec,316,106,23,0.974830715809704,True,,all_real,estimation_moment_resampling,275,300,"[[-Infinity, Infinity]]",,all_real,estimation_moment_resampling,275,300,"[[-Infinity, Infinity]]",0.5320863010332683;0.4756393671778231;0.3408955044811879;0.28687033845108423,0.031177183488892195,True,25.0,0.20068568981245705
RICTOR,4,47,MYH11;CAV1;PRKCA;KDR,VHL;IGFBP2;CASP7;CCNB1;GAPDH;ANXA1;TUBA1B;CLDN7;PDCD4;CTNNB1;TGM2;ATM;ERBB2;CDH1;FASN;TP53;HSPA1A;PTEN;STAT5A;EEF2;SYK;ACACA;ASNS;MAP2K1;GAB2;RAB25;EEF2K;SERPINE1;ETS1;FN1;INPP4B;SQSTM1;BRAF;MSH6;TP53BP1;ITGA2;RBM15;PREX1;G6PD;EIF4G1;EIF4EBP1;FOXM1;ERBB3;DIABLO;MYC;MSH2;RAD50,3,5,5,4,,0.05,0.2,0.25,2.5785293609138167e-65;3.724655611417045e-29;2.0507704394857375e-11;8.296726553590353e-05;0.011645467692253868,6.379566121594465e-41;8.27499282176187e-17;1.2505785960856453e-07;0.013263952545260567,proxy_dimensions,5,,0,ucec,316,106,23,0.9562462695003437,False,,all_real,discovery_proxy_dimensions,0,0,"[[-Infinity, Infinity]]",,all_real,discovery_proxy_dimensions,0,0,"[[-Infinity, Infinity]]",,,,,
TFRC,4,24,CCNB1;GAPDH;CCNE1;PRKCA,VHL;IGFBP2;CASP7;TUBA1B;CLDN7;CTNNB1;ERBB2;CDH1;FASN;HSPA1A;PTEN;STAT5A;ACACA;MAP2K1;RAB25;SERPINE1;FN1;TP53BP1;ITGA2;RBM15;PREX1;G6PD;EIF4EBP1;MYC,3,5,5,4,,0.05,0.4,0.3,5.532355382180256e-48;8.49304138000457e-27;4.806077352074611e-13;9.313492320001367e-07;0.003314920177875362,3.763943427316176e-40;5.906486859941214e-24;1.4362299919598935e-10;0.0004713693756086678,proxy_dimensions,5,,0,ucec,316,106,23,0.9415660879291113,False,,all_real,discovery_proxy_dimensions,0,0,"[[-Infinity, Infinity]]",,all_real,discovery_proxy_dimensions,0,0,"[[-Infinity, Infinity]]",,,,,
ANXA1,2,4,INPP4B;MSH6,VHL;IGFBP2;PTEN;STAT5A,3,3,3,2,,0.05,0.4,0.25,2.600693138019983e-09;0.00013527508575028548;0.02130944325983533,3.0090726588308756e-06;0.00027317140353225834,proxy_dimensions,3,,0,ucec,316,106,23,0.9415565622103494,False,,all_real,discovery_proxy_dimensions,0,0,"[[-Infinity, Infinity]]",,all_real,discovery_proxy_dimensions,0,0,"[[-Infinity, Infinity]]",,,,,
TUBA1B,2,4,ESR1;PGR,VHL;IGFBP2;PTEN;STAT5A,3,3,3,2,,0.05,0.4,0.25,4.993579286517773e-09;0.0031546335077642634;0.035278247101893014,1.3183056574741249e-08;0.02341850215440419,proxy_dimensions,3,,0,ucec,316,106,23,0.9016145168445093,False,,all_real,discovery_proxy_dimensions,0,0,"[[-Infinity, Infinity]]",,all_real,discovery_proxy_dimensions,0,0,"[[-Infinity, Infinity]]",,,,,
CLDN7,1,13,CDH1,VHL;IGFBP2;CASP7;TUBA1B;ERBB2;TP53;PTEN;STAT5A;TP53BP1;RBM15;PREX1;G6PD;ERBB3,3,2,2,1,,0.05,0.2,0.2,5.86328899848171e-18;4.177094793790337e-07,4.5627168891670135e-11,proxy_dimensions,2,,0,ucec,316,106,23,0.8618142488892299,False,,all_real,discovery_proxy_dimensions,0,0,"[[-Infinity, Infinity]]",,all_real,discovery_proxy_dimensions,0,0,"[[-Infinity, Infinity]]",,,,,
PDCD4,2,24,CCNB1;CCNE1,VHL;IGFBP2;CASP7;TUBA1B;CLDN7;CTNNB1;ERBB2;CDH1;FASN;HSPA1A;PTEN;STAT5A;ACACA;MAP2K1;RAB25;SERPINE1;FN1;TP53BP1;ITGA2;RBM15;PREX1;G6PD;EIF4EBP1;MYC,3,3,3,2,,0.05,0.4,0.3,4.765289258241755e-34;8.705641461297371e-18;0.00010136678347776214,1.3451983308066665e-20;6.175101357176559e-05,proxy_dimensions,3,,0,ucec,316,106,23,0.8138443992850825,False,,all_real,discovery_proxy_dimensions,0,0,"[[-Infinity, Infinity]]",,all_real,discovery_proxy_dimensions,0,0,"[[-Infinity, Infinity]]",,,,,
CTNNB1,2,13,CDH1;SERPINE1,VHL;IGFBP2;CASP7;TUBA1B;ERBB2;TP53;PTEN;STAT5A;TP53BP1;RBM15;PREX1;G6PD;ERBB3,3,3,3,2,,0.05,0.2,0.2,1.3487475656491223e-36;2.0057058365061175e-09;0.035129542910110854,1.2155998752515154e-18;8.180927924626947e-07,proxy_dimensions,3,,0,ucec,316,106,23,0.8108443259453207,False,,all_real,discovery_proxy_dimensions,0,0,"[[-Infinity, Infinity]]",,all_real,discovery_proxy_dimensions,0,0,"[[-Infinity, Infinity]]",,,,,
TGM2,3,13,INPP4B;FOXM1;MSH2,VHL;IGFBP2;CASP7;TUBA1B;ERBB2;TP53;PTEN;STAT5A;TP53BP1;RBM15;PREX1;G6PD;ERBB3,3,4,4,3,,0.05,0.2,0.2,2.3230231777253544e-33;5.717561465143786e-17;2.9088463181053902e-08;0.0010894559048920634,2.6836474478553863e-19;7.72722734469756e-10;0.001390252859155135,proxy_dimensions,4,,0,ucec,316,106,23,0.7902518616596822,False,,all_real,discovery_proxy_dimensions,0,0,"[[-Infinity, Infinity]]",,all_real,discovery_proxy_dimensions,0,0,"[[-Infinity, Infinity]]",,,,,
CCNE1,4,24,CCNB1;TFRC;PDCD4;PGR,VHL;IGFBP2;CASP7;TUBA1B;CLDN7;CTNNB1;ERBB2;CDH1;FASN;HSPA1A;PTEN;STAT5A;ACACA;MAP2K1;RAB25;SERPINE1;FN1;TP53BP1;ITGA2;RBM15;PREX1;G6PD;EIF4EBP1;MYC,3,5,5,4,,0.05,0.4,0.3,2.0986941353610557e-51;6.305780615006524e-31;9.156453751545027e-17;5.651645603783655e-08;0.0005446564584817561,5.291796754649103e-44;8.198448067554002e-26;4.247890608008625e-15;5.401287316046965e-06,proxy_dimensions,5,,0,ucec,316,106,23,0.7877748368069705,False,,all_real,discovery_proxy_dimensions,0,0,"[[-Infinity, Infinity]]",,all_real,discovery_proxy_dimensions,0,0,"[[-Infinity, Infinity]]",,,,,
ATM,2,51,GAPDH;SYK,MYH11;ESR1;CAV1;VHL;IGFBP2;CASP7;CCNB1;RICTOR;TFRC;ANXA1;TUBA1B;CLDN7;PDCD4;CTNNB1;TGM2;CCNE1;ERBB2;CDH1;TP53;HSPA1A;PRKCA;PTEN;STAT5A;AR;ASNS;MAP2K1;BCL2;GAB2;RAB25;EEF2K;SERPINE1;FN1;INPP4B;SQSTM1;BRAF;MSH6;TP53BP1;ITGA2;RBM15;KDR;PREX1;G6PD;EIF4G1;EIF4EBP1;FOXM1;ERBB3;BCL2L11;RPS6;PGR;MYC;MSH2,3,3,3,2,,0.05,0.2,0.25,1.266516801164104e-44;1.2039341382219042e-10;0.001339631782099506,3.0888276868206084e-24;8.404512687002134e-08,proxy_dimensions,3,,0,ucec,316,106,23,0.7757317419943406,False,,all_real,discovery_proxy_dimensions,0,0,"[[-Infinity, Infinity]]",,all_real,discovery_proxy_dimensions,0,0,"[[-Infinity, Infinity]]",,,,,
ERBB2,1,58,TP53BP1,MYH11;ESR1;CAV1;VHL;IGFBP2;CASP7;CCNB1;GAPDH;RICTOR;TFRC;ANXA1;TUBA1B;CLDN7;PDCD4;CTNNB1;TGM2;CCNE1;ATM;CDH1;FASN;TP53;HSPA1A;PRKCA;PTEN;STAT5A;AR;EEF2;SYK;ACACA;ASNS;MAP2K1;BCL2;GAB2;RAB25;EEF2K;SERPINE1;ETS1;FN1;INPP4B;SQSTM1;BRAF;MSH6;ITGA2;RBM15;KDR;PREX1;G6PD;EIF4G1;EIF4EBP1;FOXM1;ERBB3;BCL2L11;RPS6;PGR;DIABLO;MYC;MSH2;RAD50,3,2,2,1,,0.05,0.2,0.2,3.375382376572206e-40;7.281549484780316e-07,3.321798965135402e-24,proxy_dimensions,2,,0,ucec,316,106,23,0.7700051778548307,False,,all_real,discovery_proxy_dimensions,0,0,"[[-Infinity, Infinity]]",,all_real,discovery_proxy_dimensions,0,0,"[[-Infinity, Infinity]]",,,,,
CDH1,2,13,CLDN7;CTNNB1,VHL;IGFBP2;CASP7;TUBA1B;ERBB2;TP53;PTEN;STAT5A;TP53BP1;RBM15;PREX1;G6PD;ERBB3,3,3,3,2,,0.05,0.2,0.2,3.54958927917229e-29;9.778563718351258e-10;0.003650521817624837,2.9102097684750346e-18;2.4223465353470514e-06,proxy_dimensions,3,,0,ucec,316,106,23,0.7623644039845554,False,,all_real,discovery_proxy_dimensions,0,0,"[[-Infinity, Infinity]]",,all_real,discovery_proxy_dimensions,0,0,"[[-Infinity, Infinity]]",,,,,
FASN,2,51,ACACA;RAD50,MYH11;ESR1;CAV1;VHL;IGFBP2;CASP7;CCNB1;RICTOR;TFRC;ANXA1;TUBA1B;CLDN7;PDCD4;CTNNB1;TGM2;CCNE1;ERBB2;CDH1;TP53;HSPA1A;PRKCA;PTEN;STAT5A;AR;ASNS;MAP2K1;BCL2;GAB2;RAB25;EEF2K;SERPINE1;FN1;INPP4B;SQSTM1;BRAF;MSH6;TP53BP1;ITGA2;RBM15;KDR;PREX1;G6PD;EIF4G1;EIF4EBP1;FOXM1;ERBB3;BCL2L11;RPS6;PGR;MYC;MSH2,3,2,2,2,0.0953607414673701,0.05,0.2,0.25,1.7140221450514857e-28;1.7302995200201813e-06;0.9260849361904144,2.8980379606567633e-22;0.0009281555568620437,reported,2,0.18716931526006206,1,ucec,316,106,23,0.737907757317855,True,,all_real,estimation_moment_resampling,284,300,"[[-Infinity, Infinity]]",,all_real,estimation_moment_resampling,284,300,"[[-Infinity, Infinity]]",0.518347605125686;0.18716931526006206,0.04471440079067021,True,16.0,0.23370376634803647
TP53,1,24,MSH2,VHL;IGFBP2;CASP7;TUBA1B;CLDN7;CTNNB1;ERBB2;CDH1;FASN;HSPA1A;PTEN;STAT5A;ACACA;MAP2K1;RAB25;SERPINE1;FN1;TP53BP1;ITGA2;RBM15;PREX1;G6PD;EIF4EBP1;MYC,3,2,2,1,,0.05,0.4,0.3,1.9391223162500453e-23;1.282627034589112e-06,1.1819678777413117e-19,proxy_dimensions,2,,0,ucec,316,106,23,0.73083500454067,False,,all_real,discovery_proxy_dimensions,0,0,"[[-Infinity, Infinity]]",,all_real,discovery_proxy_dimensions,0,0,"[[-Infinity, Infinity]]",,,,,
HSPA1A,3,13,FN1;RPS6;MYC,VHL;IGFBP2;CASP7;TUBA1B;ERBB2;TP53;PTEN;STAT5A;TP53BP1;RBM15;PREX1;G6PD;ERBB3,3,3,3,3,0.038832017000556024,0.05,0.2,0.2,4.066667473935814e-23;3.6700350295661373e-06;0.02344821213502337;0.3554995269784393,1.4173970714138618e-20;5.746521791240071e-07;0.013187075584312771,reported,3,0.1408743466595942,1,ucec,316,106,23,0.7118193273797482,True,,all_real,estimation_moment_resampling,252,300,"[[-Infinity, Infinity]]",,all_real,estimation_moment_resampling,252,300,"[[-Infinity, Infinity]]",0.48043236309431187;0.29751356624676584;0.1408743466595942,0.03339205587849737,True,48.0,0.1410296752954594
PRKCA,3,47,RICTOR;TFRC;BCL2,VHL;IGFBP2;CASP7;CCNB1;GAPDH;ANXA1;TUBA1B;CLDN7;PDCD4;CTNNB1;TGM2;ATM;ERBB2;CDH1;FASN;TP53;HSPA1A;PTEN;STAT5A;EEF2;SYK;ACACA;ASNS;MAP2K1;GAB2;RAB25;EEF2K;SERPINE1;ETS1;FN1;INPP4B;SQSTM1;BRAF;MSH6;TP53BP1;ITGA2;RBM15;PREX1;G6PD;EIF4G1;EIF4EBP1;FOXM1;ERBB3;DIABLO;MYC;MSH2;RAD50,3,4,4,3,,0.05,0.2,0.25,6.447409075262324e-61;1.3364578785991227e-24;1.5672863973315077e-12;0.004216176978631034,2.1960800727407543e-37;4.564527359503646e-19;3.430488026818586e-09,proxy_dimensions,4,,0,ucec,316,106,23,0.693244772968363,False,,all_real,discovery_proxy_dimensions,0,0,"[[-Infinity, Infinity]]",,all_real,discovery_proxy_dimensions,0,0,"[[-Infinity, Infinity]]",,,,,
PTEN,1,1,ANXA1,VHL,3,1,1,1,0.20244818330017225,0.05,0.2,0.15,0.0012759196615559816,0.00032676712439273683,reported,1,0.20244818330017228,1,ucec,316,106,23,0.6711660815921606,True,,all_real,estimation_moment_resampling,273,300,"[[-Infinity, Infinity]]",,all_real,estimation_moment_resampling,273,300,"[[-Infinity, Infinity]]",0.20244818330017228,0.20244818330017225,True,27.0,0.2147958262094234
STAT5A,2,1,PRKCA;EEF2K,VHL,3,0,0,1,,0.05,0.2,0.15,0.05462265677891108,0.02231762880924559,no_shared_direction,0,,0,ucec,316,106,23,0.6596881532388725,False,,all_real,discovery_no_shared_direction,0,0,"[[-Infinity, Infinity]]",,all_real,discovery_no_shared_direction,0,0,"[[-Infinity, Infinity]]",,,,,
AR,1,47,ESR1,VHL;IGFBP2;CASP7;CCNB1;GAPDH;ANXA1;TUBA1B;CLDN7;PDCD4;CTNNB1;TGM2;ATM;ERBB2;CDH1;FASN;TP53;HSPA1A;PTEN;STAT5A;EEF2;SYK;ACACA;ASNS;MAP2K1;GAB2;RAB25;EEF2K;SERPINE1;ETS1;FN1;INPP4B;SQSTM1;BRAF;MSH6;TP53BP1;ITGA2;RBM15;PREX1;G6PD;EIF4G1;EIF4EBP1;FOXM1;ERBB3;DIABLO;MYC;MSH2;RAD50,3,2,2,1,,0.05,0.2,0.25,1.6968106131888564e-27;0.0002629313959253103,9.675391251180835e-16,proxy_dimensions,2,,0,ucec,316,106,23,0.6507844403358211,False,,all_real,discovery_proxy_dimensions,0,0,"[[-Infinity, Infinity]]",,all_real,discovery_proxy_dimensions,0,0,"[[-Infinity, Infinity]]",,,,,
EEF2,2,13,GAPDH;ETS1,VHL;IGFBP2;CASP7;TUBA1B;ERBB2;TP53;PTEN;STAT5A;TP53BP1;RBM15;PREX1;G6PD;ERBB3,3,3,3,1,,0.05,0.2,0.2,1.0287228446398967e-13;0.0005389444562023308;0.04766436419242553,0.0007880536210936398;0.0677083666881959,proxy_dimensions,3,,0,ucec,316,106,23,0.650301414570583,False,,all_real,discovery_proxy_dimensions,0,0,"[[-Infinity, Infinity]]",,all_real,discovery_proxy_dimensions,0,0,"[[-Infinity, Infinity]]",,,,,
SYK,1,13,ATM,VHL;IGFBP2;CASP7;TUBA1B;ERBB2;TP53;PTEN;STAT5A;TP53BP1;RBM15;PREX1;G6PD;ERBB3,3,2,2,1,,0.05,0.2,0.2,5.943995490333701e-13;0.005803610706978286,3.642903998589803e-06,proxy_dimensions,2,,0,ucec,316,106,23,0.6456420550098981,False,,all_real,discovery_proxy_dimensions,0,0,"[[-Infinity, Infinity]]",,all_real,discovery_proxy_dimensions,0,0,"[[-Infinity, Infinity]]",,,,,
ACACA,1,58,FASN,MYH11;ESR1;CAV1;VHL;IGFBP2;CASP7;CCNB1;GAPDH;RICTOR;TFRC;ANXA1;TUBA1B;CLDN7;PDCD4;CTNNB1;TGM2;CCNE1;ATM;ERBB2;CDH1;TP53;HSPA1A;PRKCA;PTEN;STAT5A;AR;EEF2;SYK;ASNS;MAP2K1;BCL2;GAB2;RAB25;EEF2K;SERPINE1;ETS1;FN1;INPP4B;SQSTM1;BRAF;MSH6;TP53BP1;ITGA2;RBM15;KDR;PREX1;G6PD;EIF4G1;EIF4EBP1;FOXM1;ERBB3;BCL2L11;RPS6;PGR;DIABLO;MYC;MSH2;RAD50,3,1,1,1,0.4178382788715844,0.05,0.2,0.3,1.0375390438632193e-17;0.6159232587584553,1.4294043684652657e-14,reported,1,0.4178382788715843,5,ucec,316,106,23,0.6401532404089171,True,,all_real,estimation_moment_resampling,273,300,"[[-Infinity, Infinity]]",,all_real,estimation_moment_resampling,273,300,"[[-Infinity, Infinity]]",0.4178382788715843,0.11846661756443334,True,27.0,0.22382252944736916
ASNS,2,13,SQSTM1;EIF4EBP1,VHL;IGFBP2;CASP7;TUBA1B;ERBB2;TP53;PTEN;STAT5A;TP53BP1;RBM15;PREX1;G6PD;ERBB3,3,3,3,2,,0.05,0.2,0.2,1.3429894526052998e-15;2.6402009985159707e-07;0.02004289109300678,1.1558539369453632e-10;0.028672767093253938,proxy_dimensions,3,,0,ucec,316,106,23,0.6360798993242021,False,,all_real,discovery_proxy_dimensions,0,0,"[[-Infinity, Infinity]]",,all_real,discovery_proxy_dimensions,0,0,"[[-Infinity, Infinity]]",,,,,
MAP2K1,1,13,ATM,VHL;IGFBP2;CASP7;TUBA1B;ERBB2;TP53;PTEN;STAT5A;TP53BP1;RBM15;PREX1;G6PD;ERBB3,3,2,2,1,,0.05,0.2,0.2,2.355096524241536e-13;3.6802212989096227e-05,2.6845471699448373e-10,proxy_dimensions,2,,0,ucec,316,106,23,0.6214261559423586,False,,all_real,discovery_proxy_dimensions,0,0,"[[-Infinity, Infinity]]",,all_real,discovery_proxy_dimensions,0,0,"[[-Infinity, Infinity]]",,,,,
BCL2,2,13,PRKCA;BCL2L11,VHL;IGFBP2;CASP7;TUBA1B;ERBB2;TP53;PTEN;STAT5A;TP53BP1;RBM15;PREX1;G6PD;ERBB3,3,3,3,2,,0.05,0.2,0.2,1.3850085816257631e-22;8.265790152380965e-07;0.00785507752324356,1.2336798519043257e-17;0.0037277509808858944,proxy_dimensions,3,,0,ucec,316,106,23,0.6119031165295588,False,,all_real,discovery_proxy_dimensions,0,0,"[[-Infinity, Infinity]]",,all_real,discovery_proxy_dimensions,0,0,"[[-Infinity, Infinity]]",,,,,
GAB2,1,13,BRAF,VHL;IGFBP2;CASP7;TUBA1B;ERBB2;TP53;PTEN;STAT5A;TP53BP1;RBM15;PREX1;G6PD;ERBB3,3,2,2,1,,0.05,0.2,0.2,3.165313860033054e-31;0.0004084738511900972,2.0781382182889027e-23,proxy_dimensions,2,,0,ucec,316,106,23,0.6053906524684027,False,,all_real,discovery_proxy_dimensions,0,0,"[[-Infinity, Infinity]]",,all_real,discovery_proxy_dimensions,0,0,"[[-Infinity, Infinity]]",,,,,
RAB25,2,4,CCNB1;ITGA2,VHL;IGFBP2;PTEN;STAT5A,3,2,2,2,0.10384292407491197,0.05,0.4,0.25,8.728860488320867e-11;0.00010369332456054853;0.13840700832097663,8.152305406992208e-12;0.00013256141837487138,reported,2,0.2153733775286902,1,ucec,316,106,23,0.6052190475074879,True,,all_real,estimation_moment_resampling,217,300,"[[-Infinity, Infinity]]",,all_real,estimation_moment_resampling,217,300,"[[-Infinity, Infinity]]",0.36225730114646143;0.2153733775286902,0.07979874153754749,True,83.0,0.15132591436794918
EEF2K,2,13,SERPINE1;EIF4G1,VHL;IGFBP2;CASP7;TUBA1B;ERBB2;TP53;PTEN;STAT5A;TP53BP1;RBM15;PREX1;G6PD;ERBB3,3,3,3,2,,0.05,0.2,0.2,1.9304136571659443e-58;2.5934422008570526e-15;9.249093983846828e-05,1.2092456050238059e-32;5.204564138462102e-13,proxy_dimensions,3,,0,ucec,316,106,23,0.5838797468258381,False,,all_real,discovery_proxy_dimensions,0,0,"[[-Infinity, Infinity]]",,all_real,discovery_proxy_dimensions,0,0,"[[-Infinity, Infinity]]",,,,,
SERPINE1,5,13,PDCD4;CTNNB1;EEF2K;FN1;ITGA2,VHL;IGFBP2;CASP7;TUBA1B;ERBB2;TP53;PTEN;STAT5A;TP53BP1;RBM15;PREX1;G6PD;ERBB3,3,5,5,5,0.027721847603725404,0.05,0.2,0.2,7.185858925078266e-57;1.3726246260969973e-21;8.627588252759238e-12;1.808893383428419e-06;0.0025262946621551984;0.0603573174441205,2.5935047603514095e-50;9.269526781933676e-24;1.4278592788745e-14;4.358727627382689e-08;0.0027821033359467498,reported,5,0.17014452306509206,1,ucec,316,106,23,0.5797849825732512,True,,all_real,estimation_moment_resampling,276,300,"[[-Infinity, Infinity]]",,all_real,estimation_moment_resampling,276,300,"[[-Infinity, Infinity]]",0.6349807985709929;0.43640530540964434;0.37181199299994233;0.31131133562606056;0.17014452306509206,0.027397314201801064,True,24.0,0.1911306732511893
ETS1,3,24,EEF2;MSH2;RAD50,VHL;IGFBP2;CASP7;TUBA1B;CLDN7;CTNNB1;ERBB2;CDH1;FASN;HSPA1A;PTEN;STAT5A;ACACA;MAP2K1;RAB25;SERPINE1;FN1;TP53BP1;ITGA2;RBM15;PREX1;G6PD;EIF4EBP1;MYC,3,4,4,3,,0.05,0.4,0.3,1.7270688089019077e-49;1.9551677730695723e-28;1.7199540888721407e-09;0.0004462081497285598,9.714855142419511e-33;6.8955264198777884e-12;0.00016411748066749994,proxy_dimensions,4,,0,ucec,316,106,23,0.5795111090644959,False,,all_real,discovery_proxy_dimensions,0,0,"[[-Infinity, Infinity]]",,all_real,discovery_proxy_dimensions,0,0,"[[-Infinity, Infinity]]",,,,,
FN1,2,13,HSPA1A;SERPINE1,VHL;IGFBP2;CASP7;TUBA1B;ERBB2;TP53;PTEN;STAT5A;TP53BP1;RBM15;PREX1;G6PD;ERBB3,3,3,3,2,,0.05,0.2,0.2,2.3120798691818157e-23;7.557138117000826e-05;0.032294655853528,1.6427041186610693e-16;0.027029278420323,proxy_dimensions,3,,0,ucec,316,106,23,0.5783407413153718,False,,all_real,discovery_proxy_dimensions,0,0,"[[-Infinity, Infinity]]",,all_real,discovery_proxy_dimensions,0,0,"[[-Infinity, Infinity]]",,,,,
INPP4B,2,13,ANXA1;TGM2,VHL;IGFBP2;CASP7;TUBA1B;ERBB2;TP53;PTEN;STAT5A;TP53BP1;RBM15;PREX1;G6PD;ERBB3,3,2,2,2,0.13679144184358571,0.05,0.2,0.2,2.887794919735627e-26;1.2525506565419756e-10;0.4020908589261143,7.183195061901015e-22;1.904924709978795e-08,reported,2,0.3124554685045616,1,ucec,316,106,23,0.5783109300725273,True,,all_real,estimation_moment_resampling,284,300,"[[-Infinity, Infinity]]",,all_real,estimation_moment_resampling,284,300,"[[-Infinity, Infinity]]",0.46177474336910146;0.3124554685045616,0.07172395464897643,True,16.0,0.25026793908549744
SQSTM1,2,13,CCNB1;ASNS,VHL;IGFBP2;CASP7;TUBA1B;ERBB2;TP53;PTEN;STAT5A;TP53BP1;RBM15;PREX1;G6PD;ERBB3,3,3,3,2,,0.05,0.2,0.2,5.493862108591373e-18;1.964160031556016e-09;0.0002271521186506235,7.577237428161087e-10;0.00017686460914036005,proxy_dimensions,3,,0,ucec,316,106,23,0.5754123509004121,False,,all_real,discovery_proxy_dimensions,0,0,"[[-Infinity, Infinity]]",,all_real,discovery_proxy_dimensions,0,0,"[[-Infinity, Infinity]]",,,,,
BRAF,2,13,GAB2;EIF4G1,VHL;IGFBP2;CASP7;TUBA1B;ERBB2;TP53;PTEN;STAT5A;TP53BP1;RBM15;PREX1;G6PD;ERBB3,3,3,3,2,,0.05,0.2,0.2,5.707477030795367e-44;9.123541817746671e-08;0.00024180719431416515,1.2019866829130468e-16;0.0003204690947045819,proxy_dimensions,3,,0,ucec,316,106,23,0.5627247732518279,False,,all_real,discovery_proxy_dimensions,0,0,"[[-Infinity, Infinity]]",,all_real,discovery_proxy_dimensions,0,0,"[[-Infinity, Infinity]]",,,,,
MSH6,2,13,ANXA1;MSH2,VHL;IGFBP2;CASP7;TUBA1B;ERBB2;TP53;PTEN;STAT5A;TP53BP1;RBM15;PREX1;G6PD;ERBB3,3,3,3,2,,0.05,0.2,0.2,2.5904380798536625e-33;2.7608410768022284e-15;0.0001570834071342878,5.577342039291872e-22;1.061950984099315e-05,proxy_dimensions,3,,0,ucec,316,106,23,0.5558587966263313,False,,all_real,discovery_proxy_dimensions,0,0,"[[-Infinity, Infinity]]",,all_real,discovery_proxy_dimensions,0,0,"[[-Infinity, Infinity]]",,,,,
TP53BP1,1,58,ERBB2,MYH11;ESR1;CAV1;VHL;IGFBP2;CASP7;CCNB1;GAPDH;RICTOR;TFRC;ANXA1;TUBA1B;CLDN7;PDCD4;CTNNB1;TGM2;CCNE1;ATM;CDH1;FASN;TP53;HSPA1A;PRKCA;PTEN;STAT5A;AR;EEF2;SYK;ACACA;ASNS;MAP2K1;BCL2;GAB2;RAB25;EEF2K;SERPINE1;ETS1;FN1;INPP4B;SQSTM1;BRAF;MSH6;ITGA2;RBM15;KDR;PREX1;G6PD;EIF4G1;EIF4EBP1;FOXM1;ERBB3;BCL2L11;RPS6;PGR;DIABLO;MYC;MSH2;RAD50,3,2,2,1,,0.05,0.2,0.2,3.3753823765719175e-40;7.28154948478053e-07,1.0336733540280681e-09,proxy_dimensions,2,,0,ucec,316,106,23,0.5216116900867336,False,,all_real,discovery_proxy_dimensions,0,0,"[[-Infinity, Infinity]]",,all_real,discovery_proxy_dimensions,0,0,"[[-Infinity, Infinity]]",,,,,
ITGA2,3,4,CCNE1;RAB25;SERPINE1,VHL;IGFBP2;PTEN;STAT5A,3,4,4,3,,0.05,0.4,0.25,9.37110907817562e-16;4.8483135176133045e-09;0.003754362510261841;0.03598956982440755,5.463961024689969e-09;0.0015493441029178834;0.010526736815742468,proxy_dimensions,4,,0,ucec,316,106,23,0.515230157679508,False,,all_real,discovery_proxy_dimensions,0,0,"[[-Infinity, Infinity]]",,all_real,discovery_proxy_dimensions,0,0,"[[-Infinity, Infinity]]",,,,,
RBM15,2,54,SERPINE1;G6PD,MYH11;ESR1;CAV1;VHL;IGFBP2;CASP7;CCNB1;GAPDH;RICTOR;TFRC;ANXA1;TUBA1B;CLDN7;PDCD4;CTNNB1;TGM2;CCNE1;ATM;ERBB2;CDH1;FASN;TP53;PRKCA;PTEN;STAT5A;AR;EEF2;SYK;ACACA;ASNS;MAP2K1;BCL2;GAB2;RAB25;EEF2K;ETS1;INPP4B;SQSTM1;BRAF;MSH6;TP53BP1;ITGA2;KDR;PREX1;EIF4G1;EIF4EBP1;FOXM1;ERBB3;BCL2L11;RPS6;PGR;DIABLO;MSH2;RAD50,3,3,3,2,,0.05,0.4,0.3,4.2155030080338356e-69;2.2404335342737374e-22;7.449536656971688e-10,4.382812670628326e-27;5.51910177126851e-10,proxy_dimensions,3,,0,ucec,316,106,23,0.5031517919278805,False,,all_real,discovery_proxy_dimensions,0,0,"[[-Infinity, Infinity]]",,all_real,discovery_proxy_dimensions,0,0,"[[-Infinity, Infinity]]",,,,,
KDR,2,47,CAV1;RICTOR,VHL;IGFBP2;CASP7;CCNB1;GAPDH;ANXA1;TUBA1B;CLDN7;PDCD4;CTNNB1;TGM2;ATM;ERBB2;CDH1;FASN;TP53;HSPA1A;PTEN;STAT5A;EEF2;SYK;ACACA;ASNS;MAP2K1;GAB2;RAB25;EEF2K;SERPINE1;ETS1;FN1;INPP4B;SQSTM1;BRAF;MSH6;TP53BP1;ITGA2;RBM15;PREX1;G6PD;EIF4G1;EIF4EBP1;FOXM1;ERBB3;DIABLO;MYC;MSH2;RAD50,3,3,3,2,,0.05,0.2,0.25,3.953247054848867e-45;3.3551915479890307e-16;8.729350596171827e-09,4.455629949001195e-24;1.0797303978883025e-08,proxy_dimensions,3,,0,ucec,316,106,23,0.5029248163275147,False,,all_real,discovery_proxy_dimensions,0,0,"[[-Infinity, Infinity]]",,all_real,discovery_proxy_dimensions,0,0,"[[-Infinity, Infinity]]",,,,,
PREX1,1,58,CASP7,MYH11;ESR1;CAV1;VHL;IGFBP2;CCNB1;GAPDH;RICTOR;TFRC;ANXA1;TUBA1B;CLDN7;PDCD4;CTNNB1;TGM2;CCNE1;ATM;ERBB2;CDH1;FASN;TP53;HSPA1A;PRKCA;PTEN;STAT5A;AR;EEF2;SYK;ACACA;ASNS;MAP2K1;BCL2;GAB2;RAB25;EEF2K;SERPINE1;ETS1;FN1;INPP4B;SQSTM1;BRAF;MSH6;TP53BP1;ITGA2;RBM15;KDR;G6PD;EIF4G1;EIF4EBP1;FOXM1;ERBB3;BCL2L11;RPS6;PGR;DIABLO;MYC;MSH2;RAD50,3,2,2,1,,0.05,0.2,0.2,2.941990325226147e-35;7.393147369573703e-09,4.4926390792135054e-09,proxy_dimensions,2,,0,ucec,316,106,23,0.5007410389916207,False,,all_real,discovery_proxy_dimensions,0,0,"[[-Infinity, Infinity]]",,all_real,discovery_proxy_dimensions,0,0,"[[-Infinity, Infinity]]",,,,,
G6PD,2,4,TGM2;RBM15,VHL;IGFBP2;PTEN;STAT5A,3,2,2,2,0.10338894947470093,0.05,0.4,0.25,2.6156698548378956e-14;0.0007286363280834279;0.36270086355128733,1.4933403316889193e-15;7.886231814438713e-05,reported,2,0.22230862674166765,1,ucec,316,106,23,0.49578439396084767,True,,all_real,estimation_moment_resampling,282,300,"[[-Infinity, Infinity]]",,all_real,estimation_moment_resampling,282,300,"[[-Infinity, Infinity]]",0.4210508786307932;0.22230862674166765,0.07539781166511732,True,18.0,0.25123455216983437
EIF4G1,4,24,EEF2K;BRAF;FOXM1;ERBB3,VHL;IGFBP2;CASP7;TUBA1B;CLDN7;CTNNB1;ERBB2;CDH1;FASN;HSPA1A;PTEN;STAT5A;ACACA;MAP2K1;RAB25;SERPINE1;FN1;TP53BP1;ITGA2;RBM15;PREX1;G6PD;EIF4EBP1;MYC,3,5,5,4,,0.05,0.4,0.3,5.570869129586912e-73;1.4228165547225936e-40;1.4917898116961046e-24;7.59635405700856e-13;0.005442737875181175,4.615541377594788e-46;6.940305353700311e-30;6.1448074521644146e-18;1.2708055126663706e-07,proxy_dimensions,5,,0,ucec,316,106,23,0.49122352394963065,False,,all_real,discovery_proxy_dimensions,0,0,"[[-Infinity, Infinity]]",,all_real,discovery_proxy_dimensions,0,0,"[[-Infinity, Infinity]]",,,,,
EIF4EBP1,1,13,ASNS,VHL;IGFBP2;CASP7;TUBA1B;ERBB2;TP53;PTEN;STAT5A;TP53BP1;RBM15;PREX1;G6PD;ERBB3,3,2,2,1,,0.05,0.2,0.2,2.6683834506527385e-07;0.014292829432409013,8.341838379907325e-07,proxy_dimensions,2,,0,ucec,316,106,23,0.48962613585530146,False,,all_real,discovery_proxy_dimensions,0,0,"[[-Infinity, Infinity]]",,all_real,discovery_proxy_dimensions,0,0,"[[-Infinity, Infinity]]",,,,,
FOXM1,4,13,CCNB1;TGM2;EIF4G1;MSH2,VHL;IGFBP2;CASP7;TUBA1B;ERBB2;TP53;PTEN;STAT5A;TP53BP1;RBM15;PREX1;G6PD;ERBB3,3,5,5,4,,0.05,0.2,0.2,1.1317446681537345e-60;2.710865838147008e-28;2.3075688657003845e-13;2.32527666469821e-06;0.0026427778586535482,6.398054648090397e-49;1.4032751934035145e-19;3.9263676710482414e-09;0.00017936616688413369,proxy_dimensions,5,,0,ucec,316,106,23,0.48394422316588853,False,,all_real,discovery_proxy_dimensions,0,0,"[[-Infinity, Infinity]]",,all_real,discovery_proxy_dimensions,0,0,"[[-Infinity, Infinity]]",,,,,
ERBB3,1,4,EIF4G1,VHL;IGFBP2;PTEN;STAT5A,3,2,2,1,,0.05,0.4,0.25,1.318089889311873e-15;0.0005008432039925467,2.7617594499479917e-14,proxy_dimensions,2,,0,ucec,316,106,23,0.4745994028814514,False,,all_real,discovery_proxy_dimensions,0,0,"[[-Infinity, Infinity]]",,all_real,discovery_proxy_dimensions,0,0,"[[-Infinity, Infinity]]",,,,,
BCL2L11,2,13,MYH11;BCL2,VHL;IGFBP2;CASP7;TUBA1B;ERBB2;TP53;PTEN;STAT5A;TP53BP1;RBM15;PREX1;G6PD;ERBB3,3,2,2,2,0.0792153278063265,0.05,0.2,0.2,3.1775634405657905e-19;6.978525669409899e-06;0.1352095166550214,5.224542409701843e-20;0.00032053453315337467,reported,2,0.2030472324628218,1,ucec,316,106,23,0.4687505705961383,True,,all_real,estimation_moment_resampling,280,300,"[[-Infinity, Infinity]]",,all_real,estimation_moment_resampling,280,300,"[[-Infinity, Infinity]]",0.48801687611922595;0.2030472324628218,0.04625681105985224,True,20.0,0.2774590731659797
RPS6,2,13,CAV1;HSPA1A,VHL;IGFBP2;CASP7;TUBA1B;ERBB2;TP53;PTEN;STAT5A;TP53BP1;RBM15;PREX1;G6PD;ERBB3,3,3,3,2,,0.05,0.2,0.2,1.9221638472914703e-33;9.944135682040888e-16;0.0005373335263322329,3.579023041166503e-17;9.256655212422854e-06,proxy_dimensions,3,,0,ucec,316,106,23,0.4659754858818838,False,,all_real,discovery_proxy_dimensions,0,0,"[[-Infinity, Infinity]]",,all_real,discovery_proxy_dimensions,0,0,"[[-Infinity, Infinity]]",,,,,
PGR,2,13,ESR1;CCNE1,VHL;IGFBP2;CASP7;TUBA1B;ERBB2;TP53;PTEN;STAT5A;TP53BP1;RBM15;PREX1;G6PD;ERBB3,3,3,3,2,,0.05,0.2,0.2,1.3701678396225702e-23;1.3625134652240062e-08;0.00014316804551776251,7.849867987135576e-12;4.560699006058627e-06,proxy_dimensions,3,,0,ucec,316,106,23,0.4634155075184217,False,,all_real,discovery_proxy_dimensions,0,0,"[[-Infinity, Infinity]]",,all_real,discovery_proxy_dimensions,0,0,"[[-Infinity, Infinity]]",,,,,
DIABLO,1,13,GAPDH,VHL;IGFBP2;CASP7;TUBA1B;ERBB2;TP53;PTEN;STAT5A;TP53BP1;RBM15;PREX1;G6PD;ERBB3,3,2,2,1,,0.05,0.2,0.2,8.190811097781675e-10;0.006836851564548283,2.891417000635817e-08,proxy_dimensions,2,,0,ucec,316,106,23,0.46068808415931095,False,,all_real,discovery_proxy_dimensions,0,0,"[[-Infinity, Infinity]]",,all_real,discovery_proxy_dimensions,0,0,"[[-Infinity, Infinity]]",,,,,
MYC,1,55,HSPA1A,MYH11;ESR1;CAV1;VHL;IGFBP2;CASP7;CCNB1;GAPDH;RICTOR;TFRC;ANXA1;TUBA1B;CLDN7;CTNNB1;TGM2;CCNE1;ATM;ERBB2;CDH1;FASN;TP53;PRKCA;PTEN;STAT5A;AR;EEF2;SYK;ACACA;ASNS;MAP2K1;BCL2;GAB2;RAB25;EEF2K;ETS1;INPP4B;SQSTM1;BRAF;MSH6;TP53BP1;ITGA2;RBM15;KDR;PREX1;G6PD;EIF4G1;EIF4EBP1;FOXM1;ERBB3;BCL2L11;RPS6;PGR;DIABLO;MSH2;RAD50,3,2,2,1,,0.05,0.2,0.25,9.885555959148087e-18;0.04854075792321655,5.8067678358003036e-11,proxy_dimensions,2,,0,ucec,316,106,23,0.448292557016413,False,,all_real,discovery_proxy_dimensions,0,0,"[[-Infinity, Infinity]]",,all_real,discovery_proxy_dimensions,0,0,"[[-Infinity, Infinity]]",,,,,
MSH2,5,24,TGM2;TP53;ETS1;MSH6;FOXM1,VHL;IGFBP2;CASP7;TUBA1B;CLDN7;CTNNB1;ERBB2;CDH1;FASN;HSPA1A;PTEN;STAT5A;ACACA;MAP2K1;RAB25;SERPINE1;FN1;TP53BP1;ITGA2;RBM15;PREX1;G6PD;EIF4EBP1;MYC,3,5,5,5,0.03792031822068758,0.05,0.4,0.3,1.1411507755634008e-70;1.571123257456585e-42;1.2384034449805249e-20;1.603992176907512e-09;0.0011685538615632451;0.28140980408553123,9.771704492999822e-71;1.0459303930277762e-41;3.446044815389301e-26;2.906203867655271e-16;1.727637126129929e-08,reported,5,0.31480585845000447,1,ucec,316,106,23,0.4475081975873149,True,,all_real,estimation_moment_resampling,239,300,"[[-Infinity, Infinity]]",,all_real,estimation_moment_resampling,239,300,"[[-Infinity, Infinity]]",0.6520439643093856;0.5210141893892978;0.43341025301169345;0.3788295776199715;0.31480585845000447,0.026499211803989356,True,61.0,0.19639845260513927
RAD50,2,13,FASN;ETS1,VHL;IGFBP2;CASP7;TUBA1B;ERBB2;TP53;PTEN;STAT5A;TP53BP1;RBM15;PREX1;G6PD;ERBB3,3,3,3,2,,0.05,0.2,0.2,5.6432999439654375e-12;1.7978145272542407e-07;0.0005406799212822767,4.5604491954192604e-08;0.0010084145165101155,proxy_dimensions,3,,0,ucec,316,106,23,0.44176698261853153,False,,all_real,discovery_proxy_dimensions,0,0,"[[-Infinity, Infinity]]",,all_real,discovery_proxy_dimensions,0,0,"[[-Infinity, Infinity]]",,,,,
