scenario,outcome,comparator,paired,mse_difference,mse_difference_mcse,ours_reported,other_reported,attempts_each,ours_rmse,other_rmse,ours_coverage,other_coverage,interpretation
rank1_n1000_chain,linear,conditional_projection_same_design,200,0.00016811290201977955,9.537516643502028e-05,200,200,200,0.07850134125698863,0.07742317273999048,0.95,0.95,paired MSE difference = ours minus comparator; errors and coverage use reported fits
rank1_n1000_chain,linear,prior_grid,198,-0.0007189937055854292,0.0003518351666613097,200,198,200,0.07850134125698863,0.08281862131678044,0.95,0.9343434343434344,paired MSE difference = ours minus comparator; errors and coverage use reported fits
rank1_n1000_chain,linear,oracle_factor,200,0.0004392719799756206,0.00030327482617216917,200,200,200,0.07850134125698863,0.07565175873150977,0.95,0.92,paired MSE difference = ours minus comparator; errors and coverage use reported fits
rank1_n1000_chain,linear,unadjusted,200,-0.039530604440530054,0.0022326914193107955,200,200,200,0.07850134125698863,0.21375936241408525,0.95,0.26,paired MSE difference = ours minus comparator; errors and coverage use reported fits
rank1_n1000_chain,linear,factor_adjustment,200,-3.62357092564822,0.2249235909776355,200,200,200,0.07850134125698863,1.9051859190712506,0.95,0.665,paired MSE difference = ours minus comparator; errors and coverage use reported fits
rank1_n1000_chain,linear,global_joint_readout,200,-6.740069820264923e-05,3.7116802082264764e-05,200,200,200,0.07850134125698863,0.07892947027155849,0.95,0.95,paired MSE difference = ours minus comparator; errors and coverage use reported fits
rank1_n1000_chain,linear,correlation_joint_readout,193,-0.026694258900089567,0.002070281397724987,200,193,200,0.07850134125698863,0.18174720665794078,0.95,0.694300518134715,paired MSE difference = ours minus comparator; errors and coverage use reported fits
rank1_n1000_chain,linear,designated_joint_readout,200,-2.5341611021149547e-05,0.00021342320326616835,200,200,200,0.07850134125698863,0.07866258443610491,0.95,0.945,paired MSE difference = ours minus comparator; errors and coverage use reported fits
rank1_n1000_chain,linear,designated_proximal,200,-2.137810131723766e-05,0.0002130041235920933,200,200,200,0.07850134125698863,0.07863738729423445,0.95,0.945,paired MSE difference = ours minus comparator; errors and coverage use reported fits
rank1_n1000_chain,rmst,conditional_projection_same_design,200,0.0021259289576434316,0.0012415618791774081,200,200,200,0.48119729073000794,0.4789831976679938,0.945,0.94,paired MSE difference = ours minus comparator; errors and coverage use reported fits
rank1_n1000_chain,rmst,prior_grid,198,0.005275446376686244,0.00423733943537654,200,198,200,0.48119729073000794,0.47653295612027424,0.945,0.9393939393939394,paired MSE difference = ours minus comparator; errors and coverage use reported fits
rank1_n1000_chain,rmst,oracle_factor,200,0.011597552340593939,0.005984175730774082,200,200,200,0.48119729073000794,0.4689917699334455,0.945,0.945,paired MSE difference = ours minus comparator; errors and coverage use reported fits
rank1_n1000_chain,rmst,unadjusted,200,-0.07004246901672963,0.025299273743370206,200,200,200,0.48119729073000794,0.5491751101630785,0.945,0.91,paired MSE difference = ours minus comparator; errors and coverage use reported fits
rank1_n1000_chain,rmst,factor_adjustment,200,-9.849017591749773,0.8788490602338563,200,200,200,0.48119729073000794,3.1749910904372114,0.945,0.865,paired MSE difference = ours minus comparator; errors and coverage use reported fits
rank1_n1000_chain,rmst,global_joint_readout,200,0.0008923058088200858,0.002190401648310661,200,200,200,0.48119729073000794,0.48026922324575383,0.945,0.945,paired MSE difference = ours minus comparator; errors and coverage use reported fits
rank1_n1000_chain,rmst,correlation_joint_readout,193,-0.03599176062694494,0.020788779926668353,200,193,200,0.48119729073000794,0.5182219451687374,0.945,0.927461139896373,paired MSE difference = ours minus comparator; errors and coverage use reported fits
rank1_n1000_chain,rmst,designated_joint_readout,200,-8.625134994646052e-05,0.002955713711877036,200,200,200,0.48119729073000794,0.4812869039937055,0.945,0.94,paired MSE difference = ours minus comparator; errors and coverage use reported fits
rank1_n1000_chain,rmst,designated_proximal,200,0.0002772404519256019,0.0029519159020915905,200,200,200,0.48119729073000794,0.4809091308698289,0.945,0.94,paired MSE difference = ours minus comparator; errors and coverage use reported fits
rank1_n1000_modules,linear,conditional_projection_same_design,200,4.282120218442021e-05,4.518427353907605e-05,200,200,200,0.048963481818372574,0.04852423466262689,0.965,0.965,paired MSE difference = ours minus comparator; errors and coverage use reported fits
rank1_n1000_modules,linear,prior_grid,200,-0.0016849661200420793,0.00045483421140716086,200,200,200,0.048963481818372574,0.06389357300871647,0.965,0.96,paired MSE difference = ours minus comparator; errors and coverage use reported fits
rank1_n1000_modules,linear,oracle_factor,200,-0.00010289779682006299,0.0001716289470653571,200,200,200,0.048963481818372574,0.050003203383364996,0.965,0.945,paired MSE difference = ours minus comparator; errors and coverage use reported fits
rank1_n1000_modules,linear,unadjusted,200,-0.2996296829332442,0.003982250724992247,200,200,200,0.048963481818372574,0.5495699277480731,0.965,0.0,paired MSE difference = ours minus comparator; errors and coverage use reported fits
rank1_n1000_modules,linear,factor_adjustment,200,-0.4497421716933587,0.006257386297845941,200,200,200,0.048963481818372574,0.672413261503026,0.965,0.0,paired MSE difference = ours minus comparator; errors and coverage use reported fits
rank1_n1000_modules,linear,global_joint_readout,191,-0.03563971940543898,0.003759941687848484,200,191,200,0.048963481818372574,0.19499596552632123,0.965,0.8691099476439791,paired MSE difference = ours minus comparator; errors and coverage use reported fits
rank1_n1000_modules,linear,correlation_joint_readout,200,-0.03131176630088914,0.002647622140508616,200,200,200,0.048963481818372574,0.18360062323605345,0.965,0.845,paired MSE difference = ours minus comparator; errors and coverage use reported fits
rank1_n1000_modules,linear,designated_joint_readout,200,-0.0002929697592032477,0.000195877789213201,200,200,200,0.048963481818372574,0.05186899180610077,0.965,0.955,paired MSE difference = ours minus comparator; errors and coverage use reported fits
rank1_n1000_modules,linear,designated_proximal,200,-0.00029094132587372744,0.0001965934983404572,200,200,200,0.048963481818372574,0.05184943468979994,0.965,0.955,paired MSE difference = ours minus comparator; errors and coverage use reported fits
rank1_n1000_modules,rmst,conditional_projection_same_design,200,0.0017913296604051177,0.001039850892781434,200,200,200,0.5121120790544558,0.5103601197713944,0.925,0.92,paired MSE difference = ours minus comparator; errors and coverage use reported fits
rank1_n1000_modules,rmst,prior_grid,200,-0.0026318155651350694,0.0068212833267640325,200,200,200,0.5121120790544558,0.5146752345689583,0.925,0.93,paired MSE difference = ours minus comparator; errors and coverage use reported fits
rank1_n1000_modules,rmst,oracle_factor,200,0.005065423382505607,0.008650927970006184,200,200,200,0.5121120790544558,0.5071423450383251,0.925,0.915,paired MSE difference = ours minus comparator; errors and coverage use reported fits
rank1_n1000_modules,rmst,unadjusted,200,-0.5370904262739722,0.05018783288891491,200,200,200,0.5121120790544558,0.8940633130754495,0.925,0.45,paired MSE difference = ours minus comparator; errors and coverage use reported fits
rank1_n1000_modules,rmst,factor_adjustment,200,-0.8300252290836159,0.08270651493609417,200,200,200,0.5121120790544558,1.0451239211677692,0.925,0.76,paired MSE difference = ours minus comparator; errors and coverage use reported fits
rank1_n1000_modules,rmst,global_joint_readout,191,-0.05449472363187004,0.023450240925819123,200,191,200,0.5121120790544558,0.5516634981909366,0.925,0.9267015706806283,paired MSE difference = ours minus comparator; errors and coverage use reported fits
rank1_n1000_modules,rmst,correlation_joint_readout,200,-0.05035136475316913,0.01914918333967043,200,200,200,0.5121120790544558,0.5591155035112568,0.925,0.905,paired MSE difference = ours minus comparator; errors and coverage use reported fits
rank1_n1000_modules,rmst,designated_joint_readout,200,0.0021165534946235,0.003631729613768583,200,200,200,0.5121120790544558,0.5100413983382659,0.925,0.925,paired MSE difference = ours minus comparator; errors and coverage use reported fits
rank1_n1000_modules,rmst,designated_proximal,200,0.002240992431992639,0.0036422074709927424,200,200,200,0.5121120790544558,0.5099193946904594,0.925,0.925,paired MSE difference = ours minus comparator; errors and coverage use reported fits
rank1_n400_branch,linear,conditional_projection_same_design,200,0.0005798054832572881,0.0009028555913528988,200,200,200,0.08695291852803404,0.08355240605324082,0.935,0.94,paired MSE difference = ours minus comparator; errors and coverage use reported fits
rank1_n400_branch,linear,prior_grid,200,-0.001517170212595618,0.00118132202652573,200,200,200,0.08695291852803404,0.09527843540454756,0.935,0.935,paired MSE difference = ours minus comparator; errors and coverage use reported fits
rank1_n400_branch,linear,oracle_factor,200,3.8132943899141237e-06,0.0011745017123447527,200,200,200,0.08695291852803404,0.08693098841122773,0.935,0.945,paired MSE difference = ours minus comparator; errors and coverage use reported fits
rank1_n400_branch,linear,unadjusted,200,-0.17043696462338917,0.005626977077025194,200,200,200,0.08695291852803404,0.4218978249101696,0.935,0.01,paired MSE difference = ours minus comparator; errors and coverage use reported fits
rank1_n400_branch,linear,factor_adjustment,200,-1.0710708558380846,0.17695244467425336,200,200,200,0.08695291852803404,1.0385719358227565,0.935,0.94,paired MSE difference = ours minus comparator; errors and coverage use reported fits
rank1_n400_branch,linear,global_joint_readout,200,-0.00040092836986072467,0.0002713587680059984,200,200,200,0.08695291852803404,0.08922857395702147,0.935,0.94,paired MSE difference = ours minus comparator; errors and coverage use reported fits
rank1_n400_branch,linear,correlation_joint_readout,183,-0.08867606103832217,0.003953058232907994,200,183,200,0.08695291852803404,0.31046634349507873,0.935,0.2568306010928962,paired MSE difference = ours minus comparator; errors and coverage use reported fits
rank1_n400_branch,linear,designated_joint_readout,200,-0.0049963653751027345,0.0012225918506128999,200,200,200,0.08695291852803404,0.11205880338307053,0.935,0.92,paired MSE difference = ours minus comparator; errors and coverage use reported fits
rank1_n400_branch,linear,designated_proximal,200,-0.004988666260890364,0.0012176518754797468,200,200,200,0.08695291852803404,0.11202444510656273,0.935,0.92,paired MSE difference = ours minus comparator; errors and coverage use reported fits
rank1_n400_branch,rmst,conditional_projection_same_design,200,0.018352935416656405,0.009742335243116471,200,200,200,0.7865151432573205,0.7747600500519028,0.93,0.93,paired MSE difference = ours minus comparator; errors and coverage use reported fits
rank1_n400_branch,rmst,prior_grid,200,0.023539609833705847,0.015926359040565292,200,200,200,0.7865151432573205,0.7714055099228794,0.93,0.93,paired MSE difference = ours minus comparator; errors and coverage use reported fits
rank1_n400_branch,rmst,oracle_factor,200,0.07288212154163888,0.024057131431144824,200,200,200,0.7865151432573205,0.7387313104447683,0.93,0.94,paired MSE difference = ours minus comparator; errors and coverage use reported fits
rank1_n400_branch,rmst,unadjusted,200,-0.10820426370796069,0.07036549257496177,200,200,200,0.7865151432573205,0.8525317203958127,0.93,0.865,paired MSE difference = ours minus comparator; errors and coverage use reported fits
rank1_n400_branch,rmst,factor_adjustment,200,-13.92650224964219,1.5282096435234402,200,200,200,0.7865151432573205,3.8138049662004576,0.93,0.96,paired MSE difference = ours minus comparator; errors and coverage use reported fits
rank1_n400_branch,rmst,global_joint_readout,200,0.014061884116817051,0.0055421031269610056,200,200,200,0.7865151432573205,0.7775243960521538,0.93,0.93,paired MSE difference = ours minus comparator; errors and coverage use reported fits
rank1_n400_branch,rmst,correlation_joint_readout,183,-0.03845171273815131,0.053448408464429206,200,183,200,0.7865151432573205,0.7988065529069442,0.93,0.9234972677595629,paired MSE difference = ours minus comparator; errors and coverage use reported fits
rank1_n400_branch,rmst,designated_joint_readout,200,0.018634455200958803,0.016090435105902766,200,200,200,0.7865151432573205,0.7745783468262747,0.93,0.94,paired MSE difference = ours minus comparator; errors and coverage use reported fits
rank1_n400_branch,rmst,designated_proximal,200,0.022335173983020908,0.016033079369941743,200,200,200,0.7865151432573205,0.7721857914971386,0.93,0.94,paired MSE difference = ours minus comparator; errors and coverage use reported fits
rank1_n411_p60_branch,linear,conditional_projection_same_design,200,-0.0003912788095847235,0.00032183997120829204,200,200,200,0.1115523341237629,0.11329255076148813,0.94,0.93,paired MSE difference = ours minus comparator; errors and coverage use reported fits
rank1_n411_p60_branch,linear,prior_grid,199,0.0008087981563407478,0.0014180739390530456,200,199,200,0.1115523341237629,0.10812549311658172,0.94,0.9195979899497487,paired MSE difference = ours minus comparator; errors and coverage use reported fits
rank1_n411_p60_branch,linear,oracle_factor,200,0.003221764658493448,0.001479243227740354,200,200,200,0.1115523341237629,0.09603207063250377,0.94,0.92,paired MSE difference = ours minus comparator; errors and coverage use reported fits
rank1_n411_p60_branch,linear,unadjusted,200,-0.0343612403010086,0.00315923778757288,200,200,200,0.1115523341237629,0.21634501045660434,0.94,0.475,paired MSE difference = ours minus comparator; errors and coverage use reported fits
rank1_n411_p60_branch,linear,factor_adjustment,200,-1.4483874758588209,0.1622180982030534,200,200,200,0.1115523341237629,1.208648583794016,0.94,0.865,paired MSE difference = ours minus comparator; errors and coverage use reported fits
rank1_n411_p60_branch,linear,global_joint_readout,200,0.0005079871646029209,0.001529455682553476,200,200,200,0.1115523341237629,0.1092517097525559,0.94,0.945,paired MSE difference = ours minus comparator; errors and coverage use reported fits
rank1_n411_p60_branch,linear,correlation_joint_readout,135,-0.035956993486111824,0.004129321001743177,200,135,200,0.1115523341237629,0.22113731131504238,0.94,0.6666666666666666,paired MSE difference = ours minus comparator; errors and coverage use reported fits
rank1_n411_p60_branch,linear,designated_joint_readout,200,0.002403090268404161,0.001419311369473425,200,200,200,0.1115523341237629,0.10020395690817543,0.94,0.955,paired MSE difference = ours minus comparator; errors and coverage use reported fits
rank1_n411_p60_branch,linear,designated_proximal,200,0.002424561520968223,0.0014177208097382482,200,200,200,0.1115523341237629,0.10009676182320494,0.94,0.955,paired MSE difference = ours minus comparator; errors and coverage use reported fits
rank1_n411_p60_branch,rmst,conditional_projection_same_design,200,0.005527894542605489,0.002940556277058593,200,200,200,0.6645071890556887,0.6603346952599776,0.975,0.975,paired MSE difference = ours minus comparator; errors and coverage use reported fits
rank1_n411_p60_branch,rmst,prior_grid,199,0.0008629641058102917,0.004709234224951596,200,199,200,0.6645071890556887,0.6611627004333273,0.975,0.9748743718592965,paired MSE difference = ours minus comparator; errors and coverage use reported fits
rank1_n411_p60_branch,rmst,oracle_factor,200,0.025243534558156467,0.013632209881247066,200,200,200,0.6645071890556887,0.6452335001753523,0.975,0.975,paired MSE difference = ours minus comparator; errors and coverage use reported fits
rank1_n411_p60_branch,rmst,unadjusted,200,-0.11608859074361613,0.04052721731512326,200,200,200,0.6645071890556887,0.7467652877914915,0.975,0.945,paired MSE difference = ours minus comparator; errors and coverage use reported fits
rank1_n411_p60_branch,rmst,factor_adjustment,200,-9.258286541861976,1.2299584002828292,200,200,200,0.6645071890556887,3.114459238161365,0.975,0.97,paired MSE difference = ours minus comparator; errors and coverage use reported fits
rank1_n411_p60_branch,rmst,global_joint_readout,200,-0.009291482379115243,0.00718549733670524,200,200,200,0.6645071890556887,0.6714620515604797,0.975,0.975,paired MSE difference = ours minus comparator; errors and coverage use reported fits
rank1_n411_p60_branch,rmst,correlation_joint_readout,135,-0.14199439962931812,0.04876438207561137,200,135,200,0.6645071890556887,0.7353948237190888,0.975,0.9777777777777777,paired MSE difference = ours minus comparator; errors and coverage use reported fits
rank1_n411_p60_branch,rmst,designated_joint_readout,200,-0.0014772005491075746,0.006239791808248143,200,200,200,0.6645071890556887,0.6656177618241572,0.975,0.98,paired MSE difference = ours minus comparator; errors and coverage use reported fits
rank1_n411_p60_branch,rmst,designated_proximal,200,-0.00022472263071833157,0.006268027416686658,200,200,200,0.6645071890556887,0.6646762572391248,0.975,0.98,paired MSE difference = ours minus comparator; errors and coverage use reported fits
rank2_n1000_branch,linear,conditional_projection_same_design,200,-0.03534425167119317,0.00477787600627146,200,200,200,0.16393750312325295,0.24943888349950524,0.965,0.625,paired MSE difference = ours minus comparator; errors and coverage use reported fits
rank2_n1000_branch,linear,prior_grid,2,-0.2605172442604672,0.11509319192781248,200,2,200,0.16393750312325295,0.5106987834569675,0.965,0.0,paired MSE difference = ours minus comparator; errors and coverage use reported fits
rank2_n1000_branch,linear,oracle_factor,200,0.023610578777638728,0.003266191981469685,200,200,200,0.16393750312325295,0.05713953231037025,0.965,0.935,paired MSE difference = ours minus comparator; errors and coverage use reported fits
rank2_n1000_branch,linear,unadjusted,200,-0.2382918029751128,0.0057226385765113495,200,200,200,0.16393750312325295,0.5149439852114007,0.965,0.0,paired MSE difference = ours minus comparator; errors and coverage use reported fits
rank2_n1000_branch,linear,factor_adjustment,200,-1.639121158841681,0.04001257784692748,200,200,200,0.16393750312325295,1.2907349316462957,0.965,0.045,paired MSE difference = ours minus comparator; errors and coverage use reported fits
rank2_n1000_branch,linear,global_joint_readout,200,0.000381331024872083,0.0005593954092433613,200,200,200,0.16393750312325295,0.16277031027006889,0.965,0.965,paired MSE difference = ours minus comparator; errors and coverage use reported fits
rank2_n1000_branch,linear,correlation_joint_readout,200,-0.23937098265210338,0.005774175764281967,200,200,200,0.16393750312325295,0.5159907824587471,0.965,0.0,paired MSE difference = ours minus comparator; errors and coverage use reported fits
rank2_n1000_branch,linear,designated_joint_readout,200,-0.006232283105997687,0.003944420596235613,200,200,200,0.16393750312325295,0.18195545618717857,0.965,0.95,paired MSE difference = ours minus comparator; errors and coverage use reported fits
rank2_n1000_branch,linear,designated_proximal,200,-0.0021875467663746762,0.00293627337592955,200,200,200,0.16393750312325295,0.17047888929911895,0.965,0.915,paired MSE difference = ours minus comparator; errors and coverage use reported fits
rank2_n1000_branch,rmst,conditional_projection_same_design,200,1.0568514739139931,0.14991355800785497,200,200,200,1.3559988421462064,0.8842405702001345,0.965,0.9,paired MSE difference = ours minus comparator; errors and coverage use reported fits
rank2_n1000_branch,rmst,prior_grid,2,3.6063295131429283,3.3768610239865566,200,2,200,1.3559988421462064,0.11652887616861653,0.965,1.0,paired MSE difference = ours minus comparator; errors and coverage use reported fits
rank2_n1000_branch,rmst,oracle_factor,200,1.6190758250742143,0.2125499096259926,200,200,200,1.3559988421462064,0.46867583128174795,0.965,0.96,paired MSE difference = ours minus comparator; errors and coverage use reported fits
rank2_n1000_branch,rmst,unadjusted,200,1.505555726843365,0.20983326902230562,200,200,200,1.3559988421462064,0.5772149799325091,0.965,0.845,paired MSE difference = ours minus comparator; errors and coverage use reported fits
rank2_n1000_branch,rmst,factor_adjustment,200,-0.2250955596292478,0.29416979192886955,200,200,200,1.3559988421462064,1.4366030835032686,0.965,0.89,paired MSE difference = ours minus comparator; errors and coverage use reported fits
rank2_n1000_branch,rmst,global_joint_readout,200,-0.004428622691411834,0.018508778337300497,200,200,200,1.3559988421462064,1.3576308344293244,0.965,0.96,paired MSE difference = ours minus comparator; errors and coverage use reported fits
rank2_n1000_branch,rmst,correlation_joint_readout,200,1.5039389552780276,0.20979863050041409,200,200,200,1.3559988421462064,0.5786137784600572,0.965,0.845,paired MSE difference = ours minus comparator; errors and coverage use reported fits
rank2_n1000_branch,rmst,designated_joint_readout,200,-0.08114656703257364,0.14972805111254733,200,200,200,1.3559988421462064,1.385597137314604,0.965,0.95,paired MSE difference = ours minus comparator; errors and coverage use reported fits
rank2_n1000_branch,rmst,designated_proximal,200,0.4192755623615666,0.12186084174290905,200,200,200,1.3559988421462064,1.1914097941263893,0.965,0.91,paired MSE difference = ours minus comparator; errors and coverage use reported fits
rank2_n1000_branch_strong,linear,conditional_projection_same_design,200,-6.228934071115552e-05,0.000136344578419622,200,200,200,0.08133785295709552,0.08171986089306103,0.96,0.96,paired MSE difference = ours minus comparator; errors and coverage use reported fits
rank2_n1000_branch_strong,linear,prior_grid,199,-0.002889962996765312,0.0023301197762113576,200,199,200,0.08133785295709552,0.09765741410183323,0.96,0.9396984924623115,paired MSE difference = ours minus comparator; errors and coverage use reported fits
rank2_n1000_branch_strong,linear,oracle_factor,200,0.004168488793147802,0.001687082730948177,200,200,200,0.08133785295709552,0.049470774509019856,0.96,0.955,paired MSE difference = ours minus comparator; errors and coverage use reported fits
rank2_n1000_branch_strong,linear,unadjusted,200,-0.612602247492034,0.006303876520381887,200,200,200,0.08133785295709552,0.7869041198365301,0.96,0.0,paired MSE difference = ours minus comparator; errors and coverage use reported fits
rank2_n1000_branch_strong,linear,factor_adjustment,200,-0.842581288176974,0.02290566198847113,200,200,200,0.08133785295709552,0.921518927912305,0.96,0.475,paired MSE difference = ours minus comparator; errors and coverage use reported fits
rank2_n1000_branch_strong,linear,global_joint_readout,161,-0.04530504718537552,0.010007732783769555,200,161,200,0.08133785295709552,0.22505869799127814,0.96,0.8509316770186336,paired MSE difference = ours minus comparator; errors and coverage use reported fits
rank2_n1000_branch_strong,linear,correlation_joint_readout,200,-0.2278220004540119,0.015431379822990376,200,200,200,0.08133785295709552,0.48418782179819636,0.96,0.55,paired MSE difference = ours minus comparator; errors and coverage use reported fits
rank2_n1000_branch_strong,linear,designated_joint_readout,200,0.003322783396344583,0.0016898705801926934,200,200,200,0.08133785295709552,0.05738521523289347,0.96,0.94,paired MSE difference = ours minus comparator; errors and coverage use reported fits
rank2_n1000_branch_strong,linear,designated_proximal,200,0.003335955461363229,0.0016898524630988261,200,200,200,0.08133785295709552,0.057270331431788155,0.96,0.94,paired MSE difference = ours minus comparator; errors and coverage use reported fits
rank2_n1000_branch_strong,rmst,conditional_projection_same_design,200,0.012768414612473538,0.00961265318639105,200,200,200,0.5448525248490061,0.5330064345032461,0.94,0.93,paired MSE difference = ours minus comparator; errors and coverage use reported fits
rank2_n1000_branch_strong,rmst,prior_grid,199,0.01290666553866504,0.01006486085435202,200,199,200,0.5448525248490061,0.5302368564979797,0.94,0.9296482412060302,paired MSE difference = ours minus comparator; errors and coverage use reported fits
rank2_n1000_branch_strong,rmst,oracle_factor,200,0.024797422454285973,0.013722746565767113,200,200,200,0.5448525248490061,0.5216002793136243,0.94,0.925,paired MSE difference = ours minus comparator; errors and coverage use reported fits
rank2_n1000_branch_strong,rmst,unadjusted,200,-0.20599220696511394,0.04079974018783273,200,200,200,0.5448525248490061,0.7091237415285506,0.94,0.715,paired MSE difference = ours minus comparator; errors and coverage use reported fits
rank2_n1000_branch_strong,rmst,factor_adjustment,200,-1.7295859129108921,0.3865038260629785,200,200,200,0.5448525248490061,1.4235343995651208,0.94,0.945,paired MSE difference = ours minus comparator; errors and coverage use reported fits
rank2_n1000_branch_strong,rmst,global_joint_readout,161,0.011638947962962585,0.026604371076577146,200,161,200,0.5448525248490061,0.5465597637343713,0.94,0.9503105590062112,paired MSE difference = ours minus comparator; errors and coverage use reported fits
rank2_n1000_branch_strong,rmst,correlation_joint_readout,200,-0.08111317984639,0.02650751388122773,200,200,200,0.5448525248490061,0.6147987098886324,0.94,0.85,paired MSE difference = ours minus comparator; errors and coverage use reported fits
rank2_n1000_branch_strong,rmst,designated_joint_readout,200,0.008539407666060416,0.010257736617880169,200,200,200,0.5448525248490061,0.53695890547441,0.94,0.925,paired MSE difference = ours minus comparator; errors and coverage use reported fits
rank2_n1000_branch_strong,rmst,designated_proximal,200,0.008693594703346401,0.010276124570848444,200,200,200,0.5448525248490061,0.5368153119379051,0.94,0.925,paired MSE difference = ours minus comparator; errors and coverage use reported fits
rank2_n352_p60_branch,linear,conditional_projection_same_design,200,0.0012525664925113673,0.0009938053167206618,200,200,200,0.12114938507256555,0.1158646063772255,0.955,0.94,paired MSE difference = ours minus comparator; errors and coverage use reported fits
rank2_n352_p60_branch,linear,prior_grid,197,-0.012198948384495475,0.0030027854018462433,200,197,200,0.12114938507256555,0.16287329176286042,0.955,0.9137055837563451,paired MSE difference = ours minus comparator; errors and coverage use reported fits
rank2_n352_p60_branch,linear,oracle_factor,200,0.007317508487104658,0.0019097862076836313,200,200,200,0.12114938507256555,0.08578848999927738,0.955,0.94,paired MSE difference = ours minus comparator; errors and coverage use reported fits
rank2_n352_p60_branch,linear,unadjusted,200,-0.25879695995423296,0.007104492843490429,200,200,200,0.12114938507256555,0.5229475436960134,0.955,0.005,paired MSE difference = ours minus comparator; errors and coverage use reported fits
rank2_n352_p60_branch,linear,factor_adjustment,200,-0.5505801299681419,0.07324042293543938,200,200,200,0.12114938507256555,0.7518359551601683,0.955,0.92,paired MSE difference = ours minus comparator; errors and coverage use reported fits
rank2_n352_p60_branch,linear,global_joint_readout,173,-0.08020089388663439,0.009609716793398813,200,173,200,0.12114938507256555,0.3072522665563279,0.955,0.791907514450867,paired MSE difference = ours minus comparator; errors and coverage use reported fits
rank2_n352_p60_branch,linear,correlation_joint_readout,200,-0.2543979031648911,0.007183229629048665,200,200,200,0.12114938507256555,0.5187244708593878,0.955,0.025,paired MSE difference = ours minus comparator; errors and coverage use reported fits
rank2_n352_p60_branch,linear,designated_joint_readout,200,0.005927528935439893,0.0019362576486267565,200,200,200,0.12114938507256555,0.09353953478621153,0.955,0.955,paired MSE difference = ours minus comparator; errors and coverage use reported fits
rank2_n352_p60_branch,linear,designated_proximal,200,0.005970837568998122,0.0019331098010146421,200,200,200,0.12114938507256555,0.09330774852316741,0.955,0.95,paired MSE difference = ours minus comparator; errors and coverage use reported fits
rank2_n352_p60_branch,rmst,conditional_projection_same_design,200,0.07532461369297652,0.02256763271716439,200,200,200,0.8397616373832959,0.7936466429889928,0.97,0.955,paired MSE difference = ours minus comparator; errors and coverage use reported fits
rank2_n352_p60_branch,rmst,prior_grid,197,0.08824811596982877,0.039326456370885825,200,197,200,0.8397616373832959,0.7800427174539073,0.97,0.9593908629441624,paired MSE difference = ours minus comparator; errors and coverage use reported fits
rank2_n352_p60_branch,rmst,oracle_factor,200,0.10471415883223227,0.0393015097144974,200,200,200,0.8397616373832959,0.7749099617300336,0.97,0.97,paired MSE difference = ours minus comparator; errors and coverage use reported fits
rank2_n352_p60_branch,rmst,unadjusted,200,0.059050739113600335,0.06673480422335329,200,200,200,0.8397616373832959,0.8038338562831713,0.97,0.91,paired MSE difference = ours minus comparator; errors and coverage use reported fits
rank2_n352_p60_branch,rmst,factor_adjustment,200,-5.759752652571503,1.0930512558311893,200,200,200,0.8397616373832959,2.5426270391451786,0.97,0.96,paired MSE difference = ours minus comparator; errors and coverage use reported fits
rank2_n352_p60_branch,rmst,global_joint_readout,173,0.02231041263790353,0.07324221485407519,200,173,200,0.8397616373832959,0.8160550512661252,0.97,0.9653179190751445,paired MSE difference = ours minus comparator; errors and coverage use reported fits
rank2_n352_p60_branch,rmst,correlation_joint_readout,200,0.06259333227033656,0.06652303869705133,200,200,200,0.8397616373832959,0.8016272670950869,0.97,0.91,paired MSE difference = ours minus comparator; errors and coverage use reported fits
rank2_n352_p60_branch,rmst,designated_joint_readout,200,0.07176638541709834,0.03725530804963513,200,200,200,0.8397616373832959,0.7958851815454135,0.97,0.95,paired MSE difference = ours minus comparator; errors and coverage use reported fits
rank2_n352_p60_branch,rmst,designated_proximal,200,0.07361681092285273,0.03717591555051652,200,200,200,0.8397616373832959,0.7947218360519746,0.97,0.95,paired MSE difference = ours minus comparator; errors and coverage use reported fits
