study,n,events,p,r_hat,rho_bar,edges,components,main_component,n_pass,n_weak,nu_median,n_plugin_q10,min_plugin_q,top
blca,342,155,60,1,0.9150412207261567,115,6,55,50,5,0.11572297848625142,1,0.05292833563463052,BAK1(-0.33); COL6A1(+0.26); BRAF(-0.54)
brca,876,122,60,2,0.8538682195140032,161,5,56,14,34,0.059748044708112416,0,0.30528753442336437,CASP7(-0.29); KDR(-0.25); LCK(-0.22)
coadread,460,97,60,2,0.8203153017278452,149,7,54,28,18,0.06919871148424878,0,0.3848397808363242,MSH2(-0.38); LCK(+0.46); EEF2K(+0.25)
kirc,455,159,60,2,0.8540843971459304,150,2,59,0,0,,0,,
lgg,427,98,60,1,0.8818663293368425,186,1,60,0,0,,0,,
luad,352,140,60,1,0.916900671592245,106,8,53,49,4,0.1585758682969681,6,0.004865647209036855,ITGA2(+0.32); KIT(-0.81); CCNB1(+0.26)
ov,411,245,60,1,0.928704386046516,93,12,48,48,2,0.11469947167787076,3,0.013476140933179568,HSPA1A(-0.30); CDH2(-0.29); LCK(-0.23)
skcm,317,151,60,3,0.8323686909987189,98,10,48,2,20,0.05062410441593543,1,0.026196074715239066,MSH6(+0.32); SYK(+0.02)
stad,349,137,60,2,0.8008837824588498,139,4,57,39,14,0.07893823800000019,4,0.0024706756114292695,TIGAR(-0.62); SMAD1(-0.85); TFRC(-0.64)
ucec,422,71,60,3,0.8266543168569401,141,3,58,0,0,,0,,
