exposure,setting,proximal,se
CCNB1,"0.10, 5",,
ITGA2,"0.10, 5",,
EIF4G1,"0.10, 5",,
CCNB1,"0.15, 5",0.2602301882533593,0.08462719743581934
ITGA2,"0.15, 5",0.32318307494080545,0.0865800793551672
EIF4G1,"0.15, 5",0.48988305810156274,0.16496581420370143
CCNB1,"0.20, 5",0.1810950015263923,0.09845066435858608
ITGA2,"0.20, 5",0.32318307494080545,0.0865800793551672
EIF4G1,"0.20, 5",0.24074826673582797,0.4819052755468356
CCNB1,"0.25, 5",0.26608281252881905,0.08562208851822863
ITGA2,"0.25, 5",,
EIF4G1,"0.25, 5",0.24074826673582797,0.4819052755468356
CCNB1,"0.15, 10",0.21244891259115503,0.09611149145868703
ITGA2,"0.15, 10",0.3586683932611187,0.09323128302562132
EIF4G1,"0.15, 10",0.7134297094997674,0.2553659567320747
