exposure,nZ,nW,naive,naive_se,proximal,se,nu,Z,W,t_prox,t_naive,q_prox,q_naive,delta_star
MYH11,2,2,0.007592473764378481,0.03281541629035099,-0.05266192462489798,0.10100893277857606,0.101900066412749,CAV1;RICTOR,VHL;ESR1,-0.5213590835608506,0.231369113138783,0.9942925339896951,0.9630340320347155,0.06582740578112246
GAPDH,1,1,0.026294710233933056,0.03223278343387382,0.034879320927525014,0.037636929384785474,0.15254091363299352,DIABLO,VHL,0.9267313114449978,0.8157753514485389,0.9942925339896951,0.8437298933551463,0.04359915115940626
FN1,1,1,0.05903373156952247,0.03211113823150537,0.05239461011233019,0.03695805379143749,0.13325627696226744,SERPINE1,VHL,1.4176777383355903,1.838419153625716,0.6837463166889475,0.4620046541770527,0.06549326264041273
CAV1,3,3,0.02440706262781919,0.03235737803474305,0.019728914573066806,0.05215749765702335,0.1923670585507522,MYH11;RBM15;COL6A1,VHL;ESR1;SYK,0.37825653950655314,0.7542966739027069,0.9942925339896951,0.8437298933551463,0.024661143216333507
HSPA1A,1,1,-0.0661574092556839,0.03198805108166223,-0.09329655810536826,0.05220921310456428,0.12853387930193583,COL6A1,VHL,-1.786974990764839,-2.068191309523384,0.6469883943282789,0.4620046541770527,0.11662069763171032
CDH1,2,2,-0.028423139778948277,0.032553940557247314,-0.03021963821138342,0.09497658511469094,0.18219428595999934,CLDN7;CTNNB1,VHL;ESR1,-0.3181798774391717,-0.8731090397171773,0.9942925339896951,0.8437298933551463,0.037774547764229276
AR,2,2,0.004559493994290624,0.03249768764880643,-0.1313344018681616,0.1593785869405136,0.18075160223225825,MYC;PREX1,VHL;ESR1,-0.8240404460178882,0.14030210529326953,0.9942925339896951,0.9630340320347155,0.16416800233520198
GAB2,1,1,0.025923298152343746,0.03233701971296339,-0.039320184565334954,0.08538137473396526,0.14277928454943412,EEF2,VHL,-0.4605241446140962,0.8016600905850181,0.9942925339896951,0.8437298933551463,0.04915023070666869
CASP7,1,1,-0.0030401498566765776,0.032358407793490085,0.00025209059609440816,0.03340523290239218,0.2306932621130741,TFRC,VHL,0.00754644030864864,-0.09395239333401935,0.9942925339896951,0.9630340320347155,0.0003151132451180102
INPP4B,2,2,-0.002906500575840767,0.032288187850796436,0.21776198915805514,0.7646698572739501,0.0849671156710578,FOXM1;ERBB3,VHL;ESR1,0.2847790939927685,-0.09001745744517135,0.9942925339896951,0.9630340320347155,0.2722024864475689
FASN,1,1,-0.043465334248724855,0.032147273665001294,-0.0345974816893881,0.03597416672271289,0.15471661081479396,ACACA,VHL,-0.9617312877894794,-1.352069065068044,0.9942925339896951,0.7679879403811098,0.04324685211173512
RICTOR,2,2,0.013440370878895127,0.03304698115233373,0.03423167247882996,0.07243929463915756,0.15364603370111454,MYH11;KDR,VHL;ESR1,0.47255667865553447,0.40670495186656364,0.9942925339896951,0.9579145843379427,0.042789590598537444
CTNNB1,3,3,0.014156067463980685,0.0324006306907911,0.14993073578841543,0.0949027898540438,0.09610037411651128,CDH1;BRAF;ETS1,VHL;ESR1;SYK,1.5798348606927375,0.4369071577364116,0.6715698501453388,0.9579145843379427,0.18741341973551928
STAT5A,1,1,0.0214428304357415,0.032259072733341235,-0.024801708075372117,0.0839840649975732,0.07917668550601561,EEF2,VHL,-0.29531445133179474,0.6647069682687857,0.9942925339896951,0.8437298933551463,0.031002135094215146
MYC,2,2,0.033269260706340016,0.032657770347046575,0.11673936529259814,0.07796633414586336,0.14807050588633952,AR;ERBB3,VHL;ESR1,1.4973047863735165,1.0187241919088559,0.6715698501453388,0.8437298933551463,0.14592420661574768
EEF2K,1,1,-0.032344944148552324,0.03246768187856994,0.02007146281260148,0.05314499055754121,0.2391557159728057,BRAF,VHL,0.37767365469506825,-0.9962196953118903,0.9942925339896951,0.8437298933551463,0.02508932851575185
SQSTM1,1,1,-0.004876037763275239,0.0324592151596118,-0.028194776664886245,0.046012675461654724,0.14632199908438365,BCL2,VHL,-0.6127610790288154,-0.1502204455436856,0.9942925339896951,0.9630340320347155,0.03524347083110781
BCL2L11,3,3,0.02169292595341933,0.03226317462691447,-0.10967857341884853,0.1233456288933627,0.09297523106186291,PRKCA;BCL2;KDR,VHL;ESR1;SYK,-0.8891970830492104,0.6723741914511642,0.9942925339896951,0.8437298933551463,0.13709821677356065
BRAF,2,2,-0.06185965090308033,0.03202690298715884,-1.6303527773819693,15.66390223994405,0.21221234964240823,CTNNB1;EEF2K,VHL;ESR1,-0.10408343670739052,-1.9314902514265244,0.9942925339896951,0.4620046541770527,2.0379409717274615
RPS6,1,1,0.05320734987970918,0.032110762155050356,0.09638222113070607,0.06378711757380814,0.10819068305749835,COL6A1,VHL,1.510998220278289,1.656994300627049,0.6715698501453388,0.4876031368809799,0.12047777641338259
FOXM1,2,2,-0.04144912665193175,0.03216209866140752,0.0005423458783803195,0.07581748393658677,0.11406783647251781,CCNB1;INPP4B,VHL;ESR1,0.00715330884409108,-1.2887569025981527,0.9942925339896951,0.7679879403811098,0.0006779323479753994
MSH2,1,1,0.0015056658104953733,0.03248711248443607,0.040576038746734454,0.07808427203565393,0.0665119770223115,MSH6,VHL,0.5196441958017755,0.04634655699907795,0.9942925339896951,0.9630340320347155,0.05072004843341806
ERBB3,4,4,0.05525621788090654,0.03223769725448809,0.06424697110311656,0.034282139291087435,0.16120378044977365,INPP4B;MYC;COL6A1;PRKCA,VHL;ESR1;SYK;RAB25,1.8740654005749078,1.714024964150125,0.6469883943282789,0.4876031368809799,0.0803087138788957
RBM15,1,1,-0.023556427717066106,0.032593533431238934,0.005259806135445485,0.0675646715370737,0.17601224415061748,CAV1,VHL,0.0778484674873222,-0.7227331693497426,0.9942925339896951,0.8437298933551463,0.006574757669306856
NF2,1,1,0.03313259765667075,0.03272550837244799,0.04898805293561208,0.04991064287902241,0.1411445461824052,MAPK1,VHL,0.9815151661010142,1.012439509864589,0.9942925339896951,0.8437298933551463,0.061235066169515094
MAPK1,1,1,0.001554714661291999,0.03232740461290282,-0.10040065729903408,0.1391445459154452,0.06838528722766501,NF2,VHL,-0.7215565413540905,0.04809277700788471,0.9942925339896951,0.9630340320347155,0.12550082162379259
TP53,1,1,0.008584998358165,0.032380975211378296,0.0022534198604578087,0.038653795006928365,0.0585775472635825,ASNS,VHL,0.058297506365258635,0.26512476236813065,0.9942925339896951,0.9630340320347155,0.002816774825572261
COL6A1,4,4,0.01837944427712761,0.03232034859858442,0.23757640939710703,0.1286280703029006,0.08484120956485941,CAV1;HSPA1A;RPS6;ERBB3,VHL;ESR1;SYK;RAB25,1.8470028263476919,0.5686647908844833,0.6469883943282789,0.9061558008888305,0.2969705117463838
PREX1,1,1,0.03499364650449738,0.03225752003051943,0.042095487147899485,0.04429246887392648,0.06464843160225525,AR,VHL,0.9503983006167379,1.084821352397495,0.9942925339896951,0.8437298933551463,0.052619358934874357
PRKCA,2,2,0.013811415388300153,0.03227187529967056,-0.7521622142930757,10.255506247442947,0.11296510411877889,BCL2L11;ERBB3,VHL;ESR1,-0.07334228034628869,0.4279706481278187,0.9942925339896951,0.9579145843379427,0.9402027678663446
ETS1,1,1,-0.011042613723058143,0.03229546072042327,-0.005440913869384197,0.03672112935991022,0.22678805683489495,CTNNB1,VHL,-0.148168478590537,-0.3419246382224522,0.9942925339896951,0.9630340320347155,0.006801142336730246
LCK,7,7,-0.08810237380114168,0.03168814547409613,-0.0873074146644201,0.03543999205304942,0.07081208965458748,IGFBP2;ANXA1;CASP7;ASNS;TP53BP1;PREX1;BCL2,VHL;ESR1;SYK;RAB25;ATM;CCNE1;PDCD4,-2.4635280542312583,-2.7802944124061177,0.4815199497336591,0.1900837253383203,0.10913426833052513
BCL2,2,2,-0.06413586556708731,0.031971162059005284,-0.02976624459364766,0.04485935888527748,0.13775394302768015,SQSTM1;BCL2L11,VHL;ESR1,-0.6635459207023293,-2.0060536257243182,0.9942925339896951,0.4620046541770527,0.03720780574205957
EEF2,2,2,0.027123418015731097,0.03228908438511304,0.02495787609203666,0.10707950848272765,0.2092015724840494,GAB2;STAT5A,VHL;ESR1,0.23307798518763712,0.8400181836136676,0.9942925339896951,0.8437298933551463,0.031197345115045825
KDR,3,3,-0.007429545036544872,0.03246666848085335,-0.04222841714759836,0.06729512546726012,0.12169546783876792,TUBA1B;RICTOR;BCL2L11,VHL;ESR1;SYK,-0.6275107870650006,-0.22883607663429703,0.9942925339896951,0.9630340320347155,0.052785521434497946
