source,target,weight
CAV1,MYH11,-4.860334668164574
RICTOR,MYH11,0.7364163442114852
COL6A1,MYH11,4.76724438223951
SERPINE1,ESR1,-2.5440025687648893
AR,ESR1,5.129563644282296
CDH1,TFRC,-3.4026479693256535
LCK,IGFBP2,-4.698279682738844
CDH1,CLDN7,-2.5404927697213644
MAP2K1,CLDN7,5.707819629649605
PRKCA,CLDN7,-0.32408315939974697
CCNE1,CCNB1,0.5015175174018436
FOXM1,CCNB1,-5.907798818939422
SERPINE1,FN1,2.3956145414040595
MYH11,CAV1,-5.35143327883414
COL6A1,CAV1,5.255443422351245
CLDN7,CDH1,6.4643976822614695
CTNNB1,CDH1,-7.722061574046082
CDH2,CDH1,4.911497757791962
FN1,SERPINE1,-5.845424903669587
COL6A1,HSPA1A,-1.9119624853206374
CDH2,HSPA1A,3.7293919277118555
BCL2L11,ANXA1,-1.249413303110912
ESR1,AR,4.077707496289911
MYC,AR,1.3433265369843836
SQSTM1,AR,-3.98396759191349
TGM2,AR,4.141599726530262
PREX1,AR,-4.263706651847671
CLDN7,RAB25,2.1351879162951746
LCK,CASP7,0.36825319199639267
MYH11,RICTOR,-1.8226152051093987
EEF2,RICTOR,-1.5825621185656888
CCNB1,CCNE1,-4.036113880926013
FOXM1,INPP4B,-6.234302347111703
ERBB3,INPP4B,2.027625612273803
ACACA,FASN,3.75246055081522
CDH1,CTNNB1,5.845679890883165
TP53BP1,CTNNB1,5.8204066493295095
RBM15,CTNNB1,-4.460822931806119
LCK,CTNNB1,-3.492644007521109
CTNNB1,MSH6,2.2552163674534427
MSH2,MSH6,-4.9336427287849824
CDH2,STAT5A,0.5259165371363443
AR,MYC,5.940039811278457
ACACA,MYC,-5.2440012917243815
ERBB3,MYC,1.7415183334504425
ACACA,ASNS,-4.513584130334703
ANXA1,BCL2L11,2.017925332837248
CCNB1,SQSTM1,2.4544751878101523
BRAF,EEF2K,3.028412418255275
LCK,ERBB2,-0.9171018039775717
MSH2,RPS6,2.437398240417034
COL6A1,RPS6,0.7272023771346302
FASN,ACACA,-7.819511223421367
CTNNB1,TP53BP1,-3.4019711728046302
DIABLO,TP53BP1,-1.523944253747306e-07
LCK,TP53BP1,-3.011279561164453
AR,TGM2,2.118383136503569
CCNB1,FOXM1,3.848770406610385
MSH6,FOXM1,-3.699162366851416
MSH6,MSH2,-3.3390079823812213
RPS6,MSH2,7.305478848485146
NF2,MAPK1,-8.470951853343351
PEA15,MAPK1,4.233540739258024
CAV1,BRAF,-7.157063208778216
ETS1,BRAF,7.750456377938333
INPP4B,ERBB3,-0.16066126052351645
MYC,ERBB3,-8.21083219955684
ETS1,ERBB3,-6.025035582148711
COL6A1,ERBB3,9.0344868250558
PRKCA,ERBB3,7.991805098452318
MAPK1,NF2,-2.901184126771395
CTNNB1,RBM15,3.7150139220038243
ERBB3,ETS1,-0.1450404463931028
TGM2,PEA15,-2.848829336374166
MAPK1,PEA15,-3.275564972243235
MYH11,COL6A1,0.9716606054648683
CAV1,COL6A1,5.670437363481293
HSPA1A,COL6A1,-5.575223536160637
RPS6,COL6A1,5.031403912275387
ERBB3,COL6A1,-3.7649932844352416
RICTOR,EEF2,-5.120390800249699
EEF2K,EEF2,4.5526958421626585e-05
CLDN7,PRKCA,-0.35759293149313054
ERBB3,PRKCA,-7.804473401580558
KIT,PRKCA,2.051078448432726
STAT5A,CDH2,0.968298259378093
PRKCA,KIT,-0.3445973291908376
STAT5A,PREX1,-0.47363726250073
LCK,PREX1,-4.312885128686669
IGFBP2,LCK,5.203174196271627
CASP7,LCK,2.1364928831685455
TP53BP1,LCK,-4.844652515287067
PREX1,LCK,-5.056541728731475
