exposure,nZ,nW,naive,naive_se,proximal,se,nu,Z,W,t_prox,t_naive,q_prox,q_naive,delta_star,se_boot,t_boot,q_boot
MYH11,3,3,0.08804246580534345,0.05831088183286819,0.41298429870359854,0.14717630692584238,0.08828869560282246,CAV1;RICTOR;COL6A1,VHL;GAPDH;TUBA1B,2.806051512840913,1.5098805409544742,0.0802442783393203,0.49721105838765994,0.5162303733794982,0.21291345808665224,1.9396815138642893,0.7729155604940571
ESR1,2,2,-0.053273213365761934,0.06094280568766017,0.0021387355502007366,0.07289430893669382,0.09075456186225368,SERPINE1;AR,VHL;GAPDH,0.029340226711774636,-0.8741509808195261,0.9924032422878164,0.7251837060396948,0.002673419437750921,0.5811183950793352,0.0036803783330740256,0.997063489579391
TFRC,1,1,0.06190580272200718,0.05703895822768036,0.08933144833486004,0.07061239259932649,0.20189187566044367,CDH1,VHL,1.2650958995505286,1.0853249190649663,0.6128453478351348,0.6081742109739534,0.11166431041857504,0.07457806034722166,1.1978247747252924,0.8528685789766484
IGFBP2,1,1,0.07160581698880022,0.05713831519581689,0.09059528878623613,0.05978832613500366,0.119531982009664,LCK,VHL,1.5152671874718404,1.2532014068563664,0.5188190172915805,0.5308608457340237,0.11324411098279516,0.13517537037476654,0.6702055894876818,0.997063489579391
CLDN7,4,4,-0.0058949061713907,0.05681311527577953,0.011907956402070994,0.08682578964630276,0.08430614124440555,CDH1;RAB25;MAP2K1;PRKCA,VHL;GAPDH;TUBA1B;SYK,0.13714768907463729,-0.10375960097903321,0.9503083286893046,0.9567767905862059,0.014884945502588742,0.10016797754922235,0.11887987252432491,0.997063489579391
CCNB1,3,3,0.10849115191658974,0.0594021898588272,0.21791705432652178,0.09173669693072496,0.08716621793311953,CCNE1;SQSTM1;FOXM1,VHL;GAPDH;TUBA1B,2.3754621827193323,1.826383036962532,0.16825908791539193,0.46486344131331353,0.2723963179081522,0.11523539436808596,1.8910600820304317,0.7729155604940571
FN1,1,1,0.12214122574877975,0.059127550735991,0.09896851719542861,0.05994507420810462,0.18982859118944087,SERPINE1,VHL,1.65098664907563,2.0657244250510156,0.47395824521243685,0.4525727250670091,0.12371064649428576,0.07999712671517357,1.2371508985291668,0.8528685789766484
CAV1,3,3,0.0762827835552782,0.05638568703600645,-0.004629592077750965,0.07777065974843587,0.1154396042982415,MYH11;BRAF;COL6A1,VHL;GAPDH;TUBA1B,-0.0595287746397712,1.3528749504562387,0.9924032422878164,0.49721105838765994,0.0057869900971887055,0.09387037544668403,-0.049318989678276665,0.997063489579391
CDH1,4,4,-0.03756582318113256,0.05393530540478467,-0.09620561810401732,0.07821263165439281,0.10518905761814282,TFRC;CLDN7;CTNNB1;CDH2,VHL;GAPDH;TUBA1B;SYK,-1.2300521804346412,-0.6964978301170434,0.6128453478351348,0.8046076397795768,0.12025702263002164,0.076735473088898,-1.2537306962656394,0.8528685789766484
SERPINE1,2,2,0.19224085907831234,0.060852010530944745,0.24664666247668182,0.10940454876246102,0.08240587421276722,ESR1;FN1,VHL;GAPDH,2.254446138361218,3.159153779817236,0.19334492397369832,0.037974714276280415,0.30830832809585224,0.2007050861125025,1.228900907565578,0.8528685789766484
HSPA1A,2,2,-0.19430065315614953,0.059185342643832906,-0.2444107635989426,0.07362712565569424,0.11282670010352312,COL6A1;CDH2,VHL;GAPDH,-3.3195749721629957,-3.282918446977946,0.03350495104846627,0.037974714276280415,0.3055134544986782,0.09791712236927234,-2.496098309315122,0.6027254199071643
ANXA1,1,1,-0.021103263791191096,0.05807170804328897,-0.02997293890620622,0.06810361622394252,0.07737941954169011,BCL2L11,VHL,-0.4401078910060715,-0.36340008762028975,0.8335060635568423,0.9398797743807571,0.03746617363275777,1.2313368140092087,-0.02434178736897739,0.997063489579391
AR,5,5,-0.09253781453730696,0.061281799580285706,-0.09225314195102355,0.06272003158224612,0.11264889657120124,ESR1;MYC;SQSTM1;TGM2;PREX1,VHL;GAPDH;TUBA1B;SYK;GAB2,-1.4708720583160106,-1.51003748537235,0.5218180447048186,0.49721105838765994,0.11531642743877943,0.07055075845517884,-1.3076137517307105,0.8528685789766484
RAB25,1,1,-0.028079236488330737,0.05588400742455916,-0.028266158694985388,0.05632504399214635,0.1588407177599763,CLDN7,VHL,-0.5018399754632533,-0.5024556717095927,0.8335060635568423,0.9398797743807571,0.035332698368731735,0.07767239711551345,-0.3639151068422454,0.997063489579391
CASP7,1,1,-0.01465324211320361,0.059138509402206885,0.052165472034640246,0.07424274512735637,0.08803980311817662,LCK,VHL,0.7026339333918127,-0.2477783471603157,0.8335060635568423,0.9398797743807571,0.06520684004330031,7.406624303267279,0.0070430833128161405,0.997063489579391
RICTOR,2,2,0.06869890898660432,0.05056078178813955,0.29512653785002824,0.10945366912236831,0.20007269656593685,MYH11;EEF2,VHL;GAPDH,2.6963603889795524,1.3587390573679692,0.08412213213204861,0.49721105838765994,0.36890817231253525,0.27166589172904043,1.0863584529204993,0.8803955156585458
INPP4B,2,2,-0.015258243001242023,0.054771350736823585,0.029605444354054638,0.19934498875768156,0.13539986581042482,FOXM1;ERBB3,VHL;GAPDH,0.14851361219840958,-0.2785807323715258,0.9503083286893046,0.9398797743807571,0.0370068054425683,0.18308091292429157,0.16170688621318605,0.997063489579391
FASN,1,1,-0.06258088699817095,0.057777310878583725,-0.04955391151286651,0.06195698678696988,0.0714999638763347,ACACA,VHL,-0.7998115157415653,-1.08313948930025,0.7824369415290341,0.6081742109739534,0.06194238939108314,4.610535496042825,-0.01074797310537965,0.997063489579391
CTNNB1,5,5,0.019769069841145615,0.05305627131202263,-0.01817425352031985,0.07666100650642813,0.12090721384874928,CDH1;MSH6;TP53BP1;RBM15;LCK,VHL;GAPDH;TUBA1B;SYK;GAB2,-0.2370729833660078,0.3726057137502973,0.9070885631105633,0.9398797743807571,0.022717816900399812,0.09438499163033606,-0.19255448569090625,0.997063489579391
MSH6,3,3,-0.010455594461990222,0.056586942965006416,-0.07078303347204852,0.0740706588564869,0.15404103221416937,CTNNB1;FOXM1;MSH2,VHL;GAPDH;TUBA1B,-0.9556150109207451,-0.18477044198086479,0.7402184178387682,0.9398797743807571,0.08847879184006065,0.10042526177964468,-0.704832949575598,0.997063489579391
STAT5A,2,2,0.07921140087392389,0.05768824476752646,0.09594706889946071,0.3308885244944332,0.07178992541183747,CDH2;PREX1,VHL;GAPDH,0.2899679553591618,1.3730943139825451,0.9036184423026904,0.49721105838765994,0.11993383612432588,0.4867206017213013,0.19712966445254457,0.997063489579391
MYC,3,3,-0.02023449508619166,0.05672921508836797,-0.08492697816275616,0.10313591691779087,0.0805683585959247,AR;ACACA;ERBB3,VHL;GAPDH;TUBA1B,-0.8234471627420643,-0.35668561700831003,0.7824369415290341,0.9398797743807571,0.10615872270344519,0.10788774585352225,-0.7871790951871437,0.997063489579391
BCL2L11,1,1,0.018932524528169153,0.0597328065528642,0.0384540508928305,0.087374145330045,0.05987856124370971,ANXA1,VHL,0.4401078917290131,0.3169535406211603,0.8335060635568423,0.9398797743807571,0.048067563616038124,0.4163153066799285,0.09236761242217487,0.997063489579391
SQSTM1,2,2,0.04942455869265995,0.0549153273440923,0.7532964144418839,0.3591280366953012,0.05029640309738099,CCNB1;AR,VHL;GAPDH,2.097570608448516,0.9000139138381547,0.24646692844832815,0.7251837060396948,0.9416205180523548,0.5084129386830827,1.481662556411548,0.8528685789766484
EEF2K,2,2,-0.08223203568026109,0.057000914944717665,0.046014060099867735,0.09914689139047143,0.15531600313921862,BRAF;EEF2,VHL;GAPDH,0.46409987700622896,-1.4426441358005189,0.8335060635568423,0.49721105838765994,0.057517575124834665,0.18212060040291503,0.252657085459132,0.997063489579391
ERBB2,1,1,-0.025080706257849087,0.06877672098372184,-0.220236859779857,0.14126689015228255,0.07013353892237893,LCK,VHL,-1.559012586335316,-0.3646685375388167,0.5188190172915805,0.9398797743807571,0.2752960747248212,2.92241352806273,-0.07536129218709584,0.997063489579391
RPS6,2,2,0.07740216655755407,0.05929699112845348,0.05143645503630281,0.09861435570098707,0.08731895685349389,MSH2;COL6A1,VHL;GAPDH,0.5215919596155507,1.3053304237626464,0.8335060635568423,0.5114142897844323,0.06429556879537851,0.16189717491276792,0.3177106398800187,0.997063489579391
ACACA,3,3,-0.010492818966555196,0.060167593141183695,0.026203765046981683,0.07760726656663072,0.0707397282005251,FASN;MYC;ASNS,VHL;GAPDH;TUBA1B,0.33764576702987087,-0.1743931977124915,0.8827561781215805,0.9398797743807571,0.0327547063087271,0.11775565968827133,0.22252658697127256,0.997063489579391
TP53BP1,3,3,0.0486081452426655,0.059437713912240814,0.03110338165587469,0.08201913867366774,0.1309630898596437,CTNNB1;DIABLO;LCK,VHL;GAPDH;TUBA1B,0.3792210227862395,0.8177997107095157,0.8671061434020777,0.7251837060396948,0.03887922706984336,0.09737542393180766,0.3194171629759116,0.997063489579391
TGM2,2,2,0.0788457799003817,0.056819728533309306,0.24812295680488997,0.22321573192417088,0.11124473515061631,AR;PEA15,VHL;GAPDH,1.1115836445129252,1.3876479514357432,0.6128453478351348,0.49721105838765994,0.3101536960061124,0.23395554746782954,1.06055598805157,0.8803955156585458
FOXM1,3,3,-0.01135620162713712,0.0576304267095415,0.0521316235996489,0.07818915106439775,0.1035824528386753,CCNB1;INPP4B;MSH6,VHL;GAPDH;TUBA1B,0.666737301658545,-0.1970521871089486,0.8335060635568423,0.9398797743807571,0.06516452949956113,0.1115278885994967,0.467431278887173,0.997063489579391
MSH2,2,2,0.034529076163367256,0.05859185615068939,-0.14686979590527074,0.1326254576994802,0.12679084203759794,MSH6;RPS6,VHL;GAPDH,-1.1074027449395665,0.5893152808568429,0.6128453478351348,0.8890396735972037,0.18358724488158842,0.21962106543453427,-0.6687418422940418,0.997063489579391
MAPK1,2,2,-0.0031189856135998145,0.05754715258544913,-0.07935223624597562,0.14407118121166498,0.11078656423250603,NF2;PEA15,VHL;GAPDH,-0.5507849354646002,-0.054198782623841826,0.8335060635568423,0.9567767905862059,0.09919029530746952,0.19307811434550862,-0.4109851420237962,0.997063489579391
DIABLO,1,1,-0.05538803324956495,0.05940828913042525,-0.09620729645513237,0.07016525274493307,0.15494692574664692,TP53BP1,VHL,-1.3711529951280608,-0.9323283679818786,0.5839792031344004,0.7251837060396948,0.12025912056891547,0.07395879007763104,-1.3008230171714292,0.8528685789766484
BRAF,3,3,-0.09820703734388442,0.05314701058817287,-0.0704500154959659,0.11424007623917805,0.07580430389981915,CAV1;EEF2K;ETS1,VHL;GAPDH;TUBA1B,-0.616683897763414,-1.8478374654949836,0.8335060635568423,0.46486344131331353,0.08806251936995736,0.12401078656258921,-0.5680958685026098,0.997063489579391
ERBB3,5,5,0.0048909701384242475,0.058487949795215384,0.04352091475965953,0.06847013301080436,0.13414538397827563,INPP4B;MYC;ETS1;COL6A1;PRKCA,VHL;GAPDH;TUBA1B;SYK;GAB2,0.6356189603544669,0.08362355246762905,0.8335060635568423,0.9567767905862059,0.05440114344957441,0.06525265582010036,0.6669600526244542,0.997063489579391
NF2,1,1,0.029305142782968748,0.06200104650604926,0.042106628850135885,0.07897578573497273,0.21853931169977198,MAPK1,VHL,0.5331587202112491,0.47265561525819616,0.8335060635568423,0.9398797743807571,0.05263328606266986,0.07654729836052576,0.5500733500981351,0.997063489579391
RBM15,1,1,0.020171399439529888,0.057667381654269066,-0.0010711987582201932,0.11250589654945362,0.18441087368384054,CTNNB1,VHL,-0.009521267694172207,0.3497887169641699,0.9924032422878164,0.9398797743807571,0.0013389984477752415,0.159910892550874,-0.006698722902064988,0.997063489579391
MAP2K1,1,1,-0.07183997994472302,0.05937883678327857,-0.06496588256378716,0.07160929640137267,0.19846436421533847,CLDN7,VHL,-0.90722693600634,-1.20985832388272,0.760250717893167,0.5431998277232617,0.08120735320473395,0.08521674054336549,-0.7623605661228854,0.997063489579391
ETS1,2,2,-0.045909207613180854,0.05730154187428269,-0.08323902365986457,0.06376745879218618,0.14346445461115834,BRAF;ERBB3,VHL;GAPDH,-1.305352686722783,-0.8011862527871211,0.6128453478351348,0.7251837060396948,0.10404877957483072,0.13024501422571425,-0.6390956625457584,0.997063489579391
PEA15,2,2,-0.011135279695987469,0.05683955047704636,-0.013662847056336944,0.05741235205926221,0.1785731390716656,TGM2;MAPK1,VHL;GAPDH,-0.2379774833512111,-0.1959072442081373,0.9070885631105633,0.9398797743807571,0.01707855882042118,0.28978770776267215,-0.0471477798759029,0.997063489579391
COL6A1,5,5,-0.046625893524888544,0.057552522545789915,-0.05298029929564604,0.09441118987829117,0.07664872870086657,MYH11;CAV1;HSPA1A;RPS6;ERBB3,VHL;GAPDH;TUBA1B;SYK;GAB2,-0.5611654652795376,-0.8101450894318676,0.8335060635568423,0.7251837060396948,0.06622537411955755,0.12476363801883551,-0.4246453545034301,0.997063489579391
EEF2,2,2,0.10933325370404583,0.05507935584399624,0.3531492156241171,0.1105156261957178,0.11732598220115573,RICTOR;EEF2K,VHL;GAPDH,3.195468620869116,1.985013296337658,0.03350495104846627,0.4525727250670091,0.44143651953014634,0.19643182523353075,1.7978207716813233,0.7729155604940571
PRKCA,3,3,0.004226682156119847,0.05559839524564379,-0.057451855357500824,0.0681834389938474,0.14782074271256576,CLDN7;ERBB3;KIT,VHL;GAPDH;TUBA1B,-0.842607181528128,0.07602165741377244,0.7824369415290341,0.9567767905862059,0.07181481919687603,0.09254402018561196,-0.6208057013545755,0.997063489579391
CDH2,3,3,-0.09575026135449533,0.06482240502323196,-0.12318518254735708,0.071359013490914,0.1377291911698027,CDH1;HSPA1A;STAT5A,VHL;GAPDH;TUBA1B,-1.7262736201228734,-1.4771167672686474,0.44959039404005896,0.49721105838765994,0.15398147818419633,0.08339027623715063,-1.4772127891390494,0.8528685789766484
KIT,1,1,-0.16528466199014216,0.07310909149946725,-0.11674875409469318,0.09809022975845691,0.16576199149139492,PRKCA,VHL,-1.1902179695386799,-2.260794910730721,0.6128453478351348,0.38035135838817086,0.14593594261836645,0.1295445080465878,-0.9012250372876255,0.997063489579391
PREX1,3,3,0.08639199963714092,0.058335377138668605,0.10547072656922533,0.09030063489040631,0.11395933905750001,AR;STAT5A;LCK,VHL;GAPDH;TUBA1B,1.1679954044313228,1.480953820385512,0.6128453478351348,0.49721105838765994,0.13183840821153167,0.10039569293257372,1.0505503123531408,0.8803955156585458
LCK,6,6,-0.08124182896788994,0.05809417602645378,-0.12183514998432261,0.06744491863543862,0.12979222618265343,IGFBP2;CASP7;CTNNB1;ERBB2;TP53BP1;PREX1,VHL;GAPDH;TUBA1B;SYK;GAB2;ATM,-1.8064392759205568,-1.3984504906463537,0.4250985077077901,0.49721105838765994,0.15229393748040326,0.06971079708988286,-1.747722807232175,0.7729155604940571
