r,n,delta,method,n_ok,abstain,r_hat,bias,coverage,width,nu
1,400,0.0,proposed,1,0.9833333333333333,2.0166666666666666,0.07732331493337641,1.0,0.3474392314108621,0.13327979335256696
1,400,0.0,designated,60,0.0,2.0166666666666666,0.002482517701999809,0.95,0.3807980361992718,
1,400,0.1,proposed,2,0.9666666666666667,1.9666666666666666,-0.03042586918708673,1.0,0.4178794409277,0.11407371159278365
1,400,0.1,designated,60,0.0,1.9666666666666666,0.00260338432718471,0.95,0.3807399607091264,
1,1000,0.0,proposed,0,1.0,2.0,,,,
1,1000,0.0,designated,60,0.0,2.0,0.001548008583964422,0.9666666666666667,0.24245494453287925,
1,1000,0.1,proposed,0,1.0,2.0,,,,
1,1000,0.1,designated,60,0.0,2.0,0.0016198863409087605,0.95,0.24249593491297852,
1,2000,0.0,proposed,0,1.0,2.0,,,,
1,2000,0.0,designated,60,0.0,2.0,0.00895262580886913,0.9833333333333333,0.17060180891852594,
1,2000,0.1,proposed,0,1.0,2.0,,,,
1,2000,0.1,designated,60,0.0,2.0,0.009048005250823832,0.9833333333333333,0.17052349630336583,
2,400,0.0,proposed,44,0.2666666666666667,2.1333333333333333,0.11474312237428053,0.9545454545454546,0.6408667703475407,0.10604116914047243
2,400,0.0,designated,60,0.0,2.1333333333333333,0.011194655957083133,1.0,0.35819014990196973,
2,400,0.1,proposed,48,0.19999999999999996,2.05,0.10455306282597326,0.9166666666666666,0.6796210736350314,0.10077042362149276
2,400,0.1,designated,60,0.0,2.05,-0.05983820439035348,0.9833333333333333,0.38694228404591535,
2,1000,0.0,proposed,45,0.25,2.1333333333333333,0.07710528087660273,0.9333333333333333,0.4798000320093085,0.09037635922793887
2,1000,0.0,designated,60,0.0,2.1333333333333333,-0.0020145939573807947,0.9333333333333333,0.22673110747386,
2,1000,0.1,proposed,49,0.18333333333333335,2.0166666666666666,0.08040446259866346,0.9183673469387755,0.5830113903676294,0.08236052363776977
2,1000,0.1,designated,60,0.0,2.0166666666666666,-0.0754066065601573,0.7666666666666667,0.24534596598783015,
2,2000,0.0,proposed,34,0.43333333333333335,2.2,0.03387980986136785,0.8823529411764706,0.3720457121564741,0.0761315625959772
2,2000,0.0,designated,60,0.0,2.2,0.002823708109823131,0.9666666666666667,0.15979948527643334,
2,2000,0.1,proposed,42,0.30000000000000004,2.1166666666666667,0.04842591510854555,0.9047619047619048,0.40508541275845594,0.07315619515178792
2,2000,0.1,designated,60,0.0,2.1166666666666667,-0.0714623418331618,0.55,0.17323426142721132,
3,400,0.0,proposed,32,0.4666666666666667,4.1,0.0817267657905838,0.875,0.6811892852282077,0.08021681851502016
3,400,0.0,designated,60,0.0,4.1,0.016282889426847524,1.0,0.45577838261490394,
3,400,0.1,proposed,37,0.3833333333333333,3.75,-0.1837878933330807,0.5675675675675675,0.8497968074606757,0.09238293002423247
3,400,0.1,designated,60,0.0,3.75,-0.626249200343669,0.13333333333333333,0.8489042911286877,
3,1000,0.0,proposed,22,0.6333333333333333,5.416666666666667,-0.05468233994258398,0.9545454545454546,0.46481362931744175,0.06614391861384883
3,1000,0.0,designated,60,0.0,5.416666666666667,-0.005478937965874675,0.95,0.28925209424247994,
3,1000,0.1,proposed,18,0.7,6.083333333333333,-0.06533467901482748,0.8888888888888888,0.5688067506431453,0.06206381678271538
3,1000,0.1,designated,60,0.0,6.083333333333333,-0.6647392598474076,0.0,0.5529582023977107,
3,2000,0.0,proposed,12,0.8,6.45,0.012633789375197768,0.8333333333333334,0.3200067901041816,0.0666778122951613
3,2000,0.0,designated,60,0.0,6.45,0.0007633903881810733,0.9166666666666666,0.2023124647468451,
3,2000,0.1,proposed,3,0.95,7.683333333333334,-0.27252424371261147,0.3333333333333333,0.3346028671879397,0.06890697539952517
3,2000,0.1,designated,60,0.0,7.683333333333334,-0.6538887307461245,0.0,0.38787348753432094,
