delta,method,n_ok,abstain,bias,coverage,width,nu,nZ,nW,W_invalid_frac,r_hat,alpha_used
0.0,proposed,60,0.4,0.06857938214076431,0.9166666666666666,0.49495990466174117,0.08655516347952938,6.0,5.0,0.48611111111111105,2.3,0.2433333333333333
0.0,designated,100,0.0,-0.0034495596066727585,0.95,0.2256236761841694,,,,,,
0.0,unadjusted,100,0.0,0.5046230265781617,0.0,0.2382878819468053,,,,,,
0.05,proposed,65,0.35,0.05774315492953552,0.9538461538461539,0.47782172813627505,0.08771848837312406,6.0,5.323076923076923,0.5007692307692307,2.26,0.25
0.05,designated,100,0.0,-0.04215813396136309,0.89,0.23437937860076197,,,,,,
0.05,unadjusted,100,0.0,0.5108834190143001,0.0,0.23963809757578805,,,,,,
0.1,proposed,69,0.31000000000000005,0.10190732284213971,0.8260869565217391,0.5471937197370537,0.08173955081317515,6.0,5.101449275362318,0.4681159420289855,2.23,0.23550724637681153
0.1,designated,100,0.0,-0.07579062291108946,0.75,0.24412087545787878,,,,,,
0.1,unadjusted,100,0.0,0.5171438114504388,0.0,0.2410315977454919,,,,,,
0.15,proposed,78,0.21999999999999997,0.18546156979046835,0.6666666666666666,0.536094292165735,0.07649562330483627,6.0,4.897435897435898,0.5064102564102565,2.14,0.22884615384615378
0.15,designated,100,0.0,-0.10183901157103614,0.67,0.2541904354383491,,,,,,
0.15,unadjusted,100,0.0,0.5234042038865778,0.0,0.24246763595798387,,,,,,
0.2,proposed,82,0.18000000000000005,0.16669327789957683,0.7073170731707317,0.5086620354533675,0.08405296380016081,6.0,5.170731707317073,0.47662601626016265,2.11,0.23048780487804876
0.2,designated,100,0.0,-0.11741258510777325,0.6,0.26385835664636703,,,,,,
0.2,unadjusted,100,0.0,0.5296645963227167,0.0,0.24394546077132997,,,,,,
