delta,nu_min,truncation,keep,bias,coverage,width
0.0,0.0,rhat,100,0.12973673133388228,0.79,0.5430603098569557
0.0,0.0,rp1,100,0.10714534437610033,0.82,0.5898707375293304
0.0,0.03,rhat,64,0.10427346258687092,0.859375,0.5513171000788336
0.0,0.03,rp1,64,0.07220826380480103,0.90625,0.6134897582909454
0.0,0.05,rhat,49,0.114052624484088,0.8367346938775511,0.5057218553423549
0.0,0.05,rp1,49,0.0779832752177205,0.8979591836734694,0.5665639993106182
0.0,0.08,rhat,13,0.2591508533236122,0.5384615384615384,0.27329298200146684
0.0,0.08,rp1,13,0.1372922782967229,0.7692307692307693,0.39259089247440243
0.2,0.0,rhat,100,0.2442773831333294,0.47,0.4337010014150298
0.2,0.0,rp1,100,0.13325373511478478,0.81,0.5891038389443451
0.2,0.03,rhat,95,0.25819699624277914,0.4421052631578947,0.41921955879691275
0.2,0.03,rp1,95,0.14178437778012207,0.8,0.5804417311110528
0.2,0.05,rhat,91,0.26260494672686696,0.42857142857142855,0.41605659852706744
0.2,0.05,rp1,91,0.14616312296603223,0.7912087912087912,0.580147511802542
0.2,0.08,rhat,36,0.2194774590670587,0.5277777777777778,0.38610178446297716
0.2,0.08,rp1,36,0.16246853414934825,0.6388888888888888,0.5035178342676899
