study,n,events,p,r_pca,rho_bar,directed_edges,components,n_eligible,nu_median
blca,342,155,60,1,0.9150412207261567,115,6,21,0.04661203056143677
brca,876,122,60,2,0.8538682195140032,161,5,21,0.025358751219730545
coadread,460,97,60,2,0.8203153017278452,149,7,21,0.023747272997373628
kirc,455,159,60,2,0.8540843971459304,150,2,9,0.05277288643329114
lgg,427,98,60,1,0.8818663293368425,186,1,19,0.03498965046515191
luad,352,140,60,1,0.916900671592245,106,8,17,0.04926736945914254
ov,411,245,60,1,0.928704386046516,93,12,8,0.07753326954416812
skcm,317,151,60,3,0.8323686909987189,98,10,24,0.05618072950590793
stad,349,137,60,2,0.8008837824588498,139,4,19,0.049055101227103784
ucec,422,71,60,3,0.8266543168569401,141,3,11,0.05896469940525575
