exposure,nZ,nW,Z,W,r_pca,r_bridge,r_joint,r_signal,nu,rank_test_level,window_fraction,alpha,joint_pvalues,conditional_pvalues,status,r_grid,conditional_root,conditional_roots,nu_raw,conditional_rank_agreement,eligible_designs,study,scope,rmst_estimate,rmst_N,rmst_D,rmst_contrasts,rmst_covariance,rmst_set_kind,rmst_intervals,rmst_nuisance_sv,rmst_pivots,rmst_boot_success,rmst_censor_failed,rmst_p,rmst_normal_se,rmst_normal_ci_low,rmst_normal_ci_high,survival_estimate,survival_N,survival_D,survival_contrasts,survival_covariance,survival_set_kind,survival_intervals,survival_nuisance_sv,survival_pivots,survival_boot_success,survival_censor_failed,survival_p,survival_normal_se,survival_normal_ci_low,survival_normal_ci_high,rmst_q,survival_q
CLDN7,4,12,CDH1;RAB25;MAP2K1;PRKCA,VHL;GAPDH;TUBA1B;SYK;ANXA1;GAB2;ATM;BCL2L11;PDCD4;PTEN;TP53;CHEK2,1,3,3,3,0.0828899921835869,0.04932636236669901,0.2,0.15,2.771212217242526e-33;3.791442628288682e-16;5.807504715227191e-07;0.13688281884876957;0.22248250095956051,1.52391398988048e-31;4.479292368111101e-19;2.0722260951490214e-08,reported,3,0.28958330845796015,0.4202589792979938;0.3811253939045966;0.28958330845796015,0.04949829962798839,True,1,ov,conditional on selected roles/rank and pivots,0.12444003770906782,"[0.5619200237567757, -0.38842557251896537]","[0.5909505373162129, 0.6199098407439428]",2,"[[10.75070414565167, 19.341235595581765, 1.3143106402758817, 2.531212904508733], [19.341235595581765, 46.2403327511219, 2.542705659214134, 6.120742609967481], [1.3143106402758817, 2.542705659214134, 0.21747775924919552, 0.41711282196880395], [2.531212904508733, 6.120742609967481, 0.41711282196880395, 1.0050585654387543]]",all_real,"[[""-inf"", ""+inf""]]",0.23996914818842416,"{""nuisance"": [1, 4, 2], ""contrasts"": [0, 3], ""nuisance_sv"": 0.23996914818842416, ""nuisance_condition"": 2.3423153805349313}",300,0,1.0,7.718124531388412,-15.002806191329089,15.251686266747225,-0.022325348152788943,"[-0.019006763880390225, -0.008297699377652276]","[0.5909505373162129, 0.6199098407439428]",2,"[[0.012948988063562709, 0.022991855179559345, 0.04342942528614442, 0.08604875702583176], [0.022991855179559345, 0.05574001130501373, 0.08584328548967066, 0.21173062518053945], [0.04342942528614442, 0.08584328548967066, 0.21747775924919552, 0.41711282196880395], [0.08604875702583176, 0.21173062518053945, 0.41711282196880395, 1.0050585654387543]]",disconnected,"[[""-inf"", 0.21796183870175442], [0.39927946241903906, ""+inf""]]",0.23996914818842416,"{""nuisance"": [1, 4, 2], ""contrasts"": [0, 3], ""nuisance_sv"": 0.23996914818842416, ""nuisance_condition"": 2.3423153805349313}",300,0,1.0,0.3094426622058753,-0.6288218261404651,0.5841711298348872,1.0,1.0
CDH1,4,12,TFRC;CLDN7;CTNNB1;CDH2,VHL;GAPDH;TUBA1B;SYK;ANXA1;GAB2;ATM;BCL2L11;PDCD4;PTEN;TP53;CHEK2,1,3,3,3,0.06236529107615079,0.04932636236669901,0.2,0.15,1.2877458273876467e-40;1.5045973896265149e-15;8.758772384586502e-06;0.12683102776362656;0.23512139219966952,2.8218957045367267e-39;4.926726707517735e-16;1.7661609307192295e-06,reported,3,0.25193998551424224,0.5256546709048919;0.3647199539320793;0.25193998551424224,0.03724864611522321,True,2,ov,conditional on selected roles/rank and pivots,-0.6400158084608923,"[0.6719714031992092, 1.3070888561161507]","[0.37417907728986666, -0.3070993511426924]",2,"[[0.5976995260423332, -0.061796221911781024, 0.013048245661281578, 0.0031683072382225046], [-0.061796221911781024, 1.1493628991271436, -0.001033184799916025, 0.02345604280584005], [0.013048245661281578, -0.001033184799916025, 0.010167608498795517, -0.0021870673482485507], [0.0031683072382225046, 0.02345604280584005, -0.0021870673482485507, 0.010287006107212492]]",bounded,"[[-3.6593098815005276, 3.43167258805676]]",0.2385414572638362,"{""nuisance"": [3, 1, 2], ""contrasts"": [0, 4], ""nuisance_sv"": 0.2385414572638362, ""nuisance_condition"": 3.755531637292077}",300,0,0.44553323712542064,2.023034668921512,-4.605090930298974,3.32505931337719,0.04959978311829137,"[0.0697652328824855, 0.04715890659608059]","[0.37417907728986666, -0.3070993511426924]",2,"[[0.0011931316542110192, -0.00019101546119274626, 1.546553710569562e-05, 0.00024331517696765], [-0.00019101546119274626, 0.001677366900786767, -0.00011894365210273698, 0.0007768535218235021], [1.546553710569562e-05, -0.00011894365210273698, 0.010167608498795517, -0.0021870673482485507], [0.00024331517696765, 0.0007768535218235021, -0.0021870673482485507, 0.010287006107212492]]",bounded,"[[-0.02090352306016531, 0.14448937644312956]]",0.2385414572638362,"{""nuisance"": [3, 1, 2], ""contrasts"": [0, 4], ""nuisance_sv"": 0.2385414572638362, ""nuisance_condition"": 3.755531637292077}",300,0,0.08682130866020112,0.0864912837327062,-0.11992001931159842,0.21911958554818117,1.0,0.6945704692816089
HSPA1A,2,5,COL6A1;CDH2,GAPDH;TFRC;MAP2K1;PTEN;TP53,1,2,2,2,0.07217654690474933,0.04932636236669901,0.4,0.2,3.4497089804753396e-14;0.00027118631138433425;0.46171530459906285,7.196055774495383e-15;0.003753589296649604,reported,2,0.14317984354169452,0.3820032289166436;0.14317984354169452,0.0493442471845336,True,1,ov,conditional on selected roles/rank and pivots,2.7074075573854444,[1.8254153711256347],[0.6742299902894733],1,"[[310.303157256114, 177.83018358947726], [177.83018358947726, 106.08241781460165]]",all_real,"[[""-inf"", ""+inf""]]",0.18396496087382813,"{""nuisance"": [1, 0], ""contrasts"": [2], ""nuisance_sv"": 0.18396496087382813, ""nuisance_condition"": 1.8124053386488241}",300,0,0.917466178064311,16.580765794133036,-29.79029649154672,35.20511160631761,0.1167062494232707,[0.07868685341537265],[0.6742299902894733],1,"[[0.7676948371589618, 8.826945996174965], [8.826945996174965, 106.08241781460165]]",all_real,"[[""-inf"", ""+inf""]]",0.18396496087382813,"{""nuisance"": [1, 0], ""contrasts"": [2], ""nuisance_sv"": 0.18396496087382813, ""nuisance_condition"": 1.8124053386488241}",300,0,0.928440966754029,0.5787319718375576,-1.0175875810273562,1.2510000798738976,1.0,1.0
GAB2,2,5,VHL;BRAF,GAPDH;TFRC;MAP2K1;PTEN;TP53,1,2,2,2,0.10321233810349277,0.04932636236669901,0.4,0.2,1.891972289503227e-08;0.004070254032509141;0.9013075827644204,3.0827317765924695e-10;7.695112633999089e-06,reported,2,0.21943976025076162,0.2683977017116645;0.21943976025076162,0.06331687706137358,True,1,ov,conditional on selected roles/rank and pivots,1.7457463957084531,[1.4697011204767556],[0.8418755004104284],1,"[[0.9235567625572795, 0.0579455399227154], [0.0579455399227154, 0.056869603283413235]]",bounded,"[[-0.5975642875328607, 4.736769962749502]]",0.17307212776483888,"{""nuisance"": [2, 1], ""contrasts"": [0], ""nuisance_sv"": 0.17307212776483888, ""nuisance_condition"": 1.8808443978105656}",300,0,0.12618612790936207,1.1234567235735018,-0.4561883380535616,3.947681129470468,0.06772109225270279,[0.057012728428584944],[0.8418755004104284],1,"[[0.0025592493207331917, 0.005020322385138437], [0.005020322385138437, 0.056869603283413235]]",bounded,"[[-0.07125239123538196, 0.18837545502572672]]",0.17307212776483888,"{""nuisance"": [2, 1], ""contrasts"": [0], ""nuisance_sv"": 0.17307212776483888, ""nuisance_condition"": 1.8808443978105656}",300,0,0.25975168527538517,0.05495016248409023,-0.039979248010264645,0.17542143251567022,0.5047445116374483,1.0
ASNS,5,5,CCNB1;CAV1;ACACA;CHEK2;PRKCA,GAPDH;TFRC;MAP2K1;PTEN;TP53,1,2,2,2,0.1010285810575964,0.04932636236669901,0.4,0.2,1.1668075453199407e-23;3.125100725514524e-09;0.07171487325470323;0.30648090366217673;0.8496153899978142,5.774777920313147e-25;3.06219922670451e-10,reported,2,0.3422858075327162,0.44463334278069033;0.3422858075327162,0.0660844293174538,True,1,ov,conditional on selected roles/rank and pivots,-1.7057861741182136,"[-0.9751535574294803, -2.21742071340947, -0.4313427471961474, -1.0356104591020383]","[0.8875642778385477, 0.26738386341373477, 0.40088119804245936, 0.13465334275404767]",4,"[[1.0090340727500193, 0.2645452708891455, 0.13609553682062858, 0.43824646031610487, 0.012380660716040834, -0.0034431254105302556, 0.010941745046337078, 0.010957534225102773], [0.2645452708891455, 0.8115980272405589, 0.24733530427701753, 0.22173588997748353, -0.007631776103918751, -0.0027133344180354188, 0.004818625676291202, -0.004502060717418745], [0.13609553682062858, 0.24733530427701753, 0.7546977849161743, 0.0695233676123312, -0.003421310548646364, -0.0012147551035536128, -0.0076509198329340064, -0.007413040477180562], [0.43824646031610487, 0.22173588997748353, 0.0695233676123312, 0.9746639685917443, 0.006841966559090208, -0.003092232633015564, 0.003188015932213429, 0.016692534829276198], [0.012380660716040834, -0.007631776103918751, -0.003421310548646364, 0.006841966559090208, 0.009067746093756211, 0.00205973544733593, 0.003933499250904328, 0.0017947330645328731], [-0.0034431254105302556, -0.0027133344180354188, -0.0012147551035536128, -0.003092232633015564, 0.00205973544733593, 0.0036477881045593025, 0.0016491155592189843, 0.00018721660467595374], [0.010941745046337078, 0.004818625676291202, -0.0076509198329340064, 0.003188015932213429, 0.003933499250904328, 0.0016491155592189843, 0.007676666580046204, 0.0006389446926316598], [0.010957534225102773, -0.004502060717418745, -0.007413040477180562, 0.016692534829276198, 0.0017947330645328731, 0.00018721660467595374, 0.0006389446926316598, 0.005418080622081752]]",bounded,"[[-4.284447238750842, 0.12626337582892852]]",0.27172007792807085,"{""nuisance"": [2, 5], ""contrasts"": [0, 1, 3, 4], ""nuisance_sv"": 0.27172007792807085, ""nuisance_condition"": 1.7166061927495009}",300,0,0.05536240139847478,1.1788774368673918,-4.016343510790574,0.6047711625541472,0.01501491571317036,"[0.007162381480218083, -0.03692098507367425, 0.04067468441379066, 0.02076662537445706]","[0.8875642778385477, 0.26738386341373477, 0.40088119804245936, 0.13465334275404767]",4,"[[0.001554661534611638, 0.0005892646340211901, 0.0004038630209203854, 0.0008240992596933135, 0.0010692046771443452, 0.0001365803361375114, 0.0006828357742329246, 0.0007797050242768939], [0.0005892646340211901, 0.001550480297470701, 0.0005825047715241218, 0.0005783415402487803, 0.00014430643539249237, 0.000393536027162906, 0.00048131950150930605, 7.822322285757403e-05], [0.0004038630209203854, 0.0005825047715241218, 0.0013940509540201114, 0.00013042565791092546, -9.047504531972762e-05, 9.160668040957336e-05, 0.00034522676421937443, -1.884603917799762e-05], [0.0008240992596933135, 0.0005783415402487803, 0.00013042565791092546, 0.0016718929536356348, 0.0005596106707884309, 9.2759601642138e-05, 0.00042309699103577756, 0.0009363882135589554], [0.0010692046771443452, 0.00014430643539249237, -9.047504531972762e-05, 0.0005596106707884309, 0.009067746093756211, 0.00205973544733593, 0.003933499250904328, 0.0017947330645328731], [0.0001365803361375114, 0.000393536027162906, 9.160668040957336e-05, 9.2759601642138e-05, 0.00205973544733593, 0.0036477881045593025, 0.0016491155592189843, 0.00018721660467595374], [0.0006828357742329246, 0.00048131950150930605, 0.00034522676421937443, 0.00042309699103577756, 0.003933499250904328, 0.0016491155592189843, 0.007676666580046204, 0.0006389446926316598], [0.0007797050242768939, 7.822322285757403e-05, -1.884603917799762e-05, 0.0009363882135589554, 0.0017947330645328731, 0.00018721660467595374, 0.0006389446926316598, 0.005418080622081752]]",bounded,"[[-0.11529451630030832, 0.11443785892918747]]",0.27172007792807085,"{""nuisance"": [2, 5], ""contrasts"": [0, 1, 3, 4], ""nuisance_sv"": 0.27172007792807085, ""nuisance_condition"": 1.7166061927495009}",300,0,1.0,0.048773807889093246,-0.08057999189236839,0.11060982331870911,0.44289921118779824,1.0
BCL2L11,4,5,ANXA1;CCNE1;INPP4B;PRKCA,GAPDH;TFRC;MAP2K1;PTEN;TP53,1,2,2,2,0.0927534093720379,0.04932636236669901,0.4,0.2,1.2532972982845574e-12;4.8559545451781846e-05;0.10988325625336423;0.44425723068983913;0.5333389532054988,2.8733138549947224e-16;6.665472107540974e-07,reported,2,0.2737193984086285,0.36993033725428454;0.2737193984086285,0.06189991972233494,True,1,ov,conditional on selected roles/rank and pivots,-0.4113721347162908,"[-0.23497621623554932, 0.6411886732207224, 0.38932788069931124]","[0.9119018088640523, -0.1296651715779889, -0.15931250030632468]",3,"[[5.084691563180311, -1.0162962630761607, -2.3491451904692044, -1.7102610988914004, 0.1858095052579611, 0.5270391537472093], [-1.0162962630761607, 1.4867495466261154, 1.4157259831157805, 0.23491818859646052, -0.2352935448777039, -0.4021749481398439], [-2.3491451904692044, 1.4157259831157805, 4.256203462374216, 0.5365418093141082, -0.39620567677012813, -1.0221071466445795], [-1.7102610988914004, 0.23491818859646052, 0.5365418093141082, 0.7041714386988296, -0.04414072624848596, -0.14331012898336093], [0.1858095052579611, -0.2352935448777039, -0.39620567677012813, -0.04414072624848596, 0.0934541805361236, 0.1275633812904128], [0.5270391537472093, -0.4021749481398439, -1.0221071466445795, -0.14331012898336093, 0.1275633812904128, 0.36746107082544166]]",all_real,"[[""-inf"", ""+inf""]]",0.22326003760376256,"{""nuisance"": [4, 2], ""contrasts"": [0, 1, 3], ""nuisance_sv"": 0.22326003760376256, ""nuisance_condition"": 1.7892958941643946}",300,0,1.0,2.4189865377907136,-5.152498665270729,4.3297543958381475,-0.0007624488641223637,"[0.004548401104085357, 0.014514401836815027, 0.018403319971967376]","[0.9119018088640523, -0.1296651715779889, -0.15931250030632468]",3,"[[0.0035840257743430183, -0.0003787651029602137, -0.0010134593366032205, -0.027715875538265544, -0.0018972933122124026, -0.005103026661367251], [-0.0003787651029602137, 0.001886406717556001, 0.00043649087654164145, -0.0014533030751425402, -0.002875008038585735, -0.0012442102403506141], [-0.0010134593366032205, 0.00043649087654164145, 0.0029862598447118263, -0.006901177864726776, -0.0018563240347447205, -0.0022881321178720715], [-0.027715875538265544, -0.0014533030751425402, -0.006901177864726776, 0.7041714386988296, -0.04414072624848596, -0.14331012898336093], [-0.0018972933122124026, -0.002875008038585735, -0.0018563240347447205, -0.04414072624848596, 0.0934541805361236, 0.1275633812904128], [-0.005103026661367251, -0.0012442102403506141, -0.0022881321178720715, -0.14331012898336093, 0.1275633812904128, 0.36746107082544166]]",all_real,"[[""-inf"", ""+inf""]]",0.22326003760376256,"{""nuisance"": [4, 2], ""contrasts"": [0, 1, 3], ""nuisance_sv"": 0.22326003760376256, ""nuisance_condition"": 1.7892958941643946}",300,0,1.0,0.06492144549873612,-0.12800614486960718,0.12648124714136247,1.0,1.0
BRAF,3,12,CAV1;EEF2K;ETS1,VHL;GAPDH;TUBA1B;SYK;ANXA1;GAB2;ATM;BCL2L11;PDCD4;PTEN;TP53;CHEK2,1,3,3,3,0.06187519508853729,0.04932636236669901,0.2,0.15,1.0464768309893046e-33;3.8388942908515815e-11;0.00040000497738623713;0.12485500196344056,1.4407906272615222e-27;6.400076196951313e-10;5.1040653404831576e-05,reported,3,0.19938526733070508,0.4683404606400025;0.27744303761976635;0.19938526733070508,0.04054361227597667,True,2,ov,conditional on selected roles/rank and pivots,0.9291962812766087,[-0.504564994547614],[-0.5430122835343247],1,"[[70.81989105921315, 9.92110020492153], [9.92110020492153, 8.923895854876026]]",all_real,"[[""-inf"", ""+inf""]]",0.16223859113413833,"{""nuisance"": [1, 0, 3], ""contrasts"": [2], ""nuisance_sv"": 0.16223859113413833, ""nuisance_condition"": 6.313248242959994}",300,0,0.9521899265629254,14.275211132828794,-27.049703631467043,28.908096194020263,0.10524321057333541,[-0.057148356099910654],[-0.5430122835343247],1,"[[0.3554348316235421, 1.3934613326790675], [1.3934613326790675, 8.923895854876026]]",all_real,"[[""-inf"", ""+inf""]]",0.16223859113413833,"{""nuisance"": [1, 0, 3], ""contrasts"": [2], ""nuisance_sv"": 0.16223859113413833, ""nuisance_condition"": 6.313248242959994}",300,0,0.9236341608861436,0.7388666429402583,-1.342908810390425,1.5533952315370958,1.0,1.0
CDH2,3,12,CDH1;HSPA1A;STAT5A,VHL;GAPDH;TUBA1B;SYK;ANXA1;GAB2;ATM;BCL2L11;PDCD4;PTEN;TP53;CHEK2,1,3,3,3,0.03210784779146053,0.04932636236669901,0.2,0.15,4.011783939164088e-30;7.318496370693993e-11;0.01947657419997835;0.06316369107357497,4.216943113805974e-40;1.4652455155098352e-15;0.023354179730852336,reported,3,0.11238973374186742,0.5300285512613028;0.3999045595065774;0.11238973374186742,0.029277979954318002,True,1,ov,conditional on selected roles/rank and pivots,1.6972230722327808,[1.1087448313383115],[0.6532699498833132],1,"[[3917.166039893135, -9560.044838764732], [-9560.044838764732, 23538.162693640897]]",all_real,"[[""-inf"", ""+inf""]]",0.1780395817921865,"{""nuisance"": [1, 3, 0], ""contrasts"": [2], ""nuisance_sv"": 0.1780395817921865, ""nuisance_condition"": 3.7523312982621877}",300,0,0.985866069082327,494.062271228251,-966.647042293375,970.0414884378405,0.11953286287323406,[0.07808722733860657],[0.6532699498833132],1,"[[22.205526627165412, -721.9645619716093], [-721.9645619716093, 23538.162693640897]]",all_real,"[[""-inf"", ""+inf""]]",0.1780395817921865,"{""nuisance"": [1, 3, 0], ""contrasts"": [2], ""nuisance_sv"": 0.1780395817921865, ""nuisance_condition"": 3.7523312982621877}",300,0,0.986778837305253,35.27791694557942,-69.0239143454524,69.26298007119885,1.0,1.0
CAV1,3,12,MYH11;TGM2;RICTOR,VHL;GAPDH;IGFBP2;TUBA1B;CASP7;G6PD;SQSTM1;EEF2K;PXN;KDR;MYC;GAB2,1,3,3,3,0.04714783950806242,0.05,0.2,0.2,8.554293687671909e-52;5.4265922032453364e-17;0.0011343670605829458;0.22592212616600235,1.1752332238113802e-49;5.241345976312725e-11;0.0002111832897716346,reported,3,0.19765613884696565,0.6641112266860772;0.33218252290408723;0.19765613884696565,0.03592520245178145,True,1,luad,conditional on selected roles/rank and pivots,-1.6116486243317576,[-0.645865062007177],[0.4007480614919854],1,"[[4.823943654348202, 0.5217503341731586], [0.5217503341731586, 0.1565940493968394]]",all_real,"[[""-inf"", ""+inf""]]",0.2042326211468683,"{""nuisance"": [1, 3, 2], ""contrasts"": [0], ""nuisance_sv"": 0.2042326211468683, ""nuisance_condition"": 3.7812050109891335}",300,0,0.7687096104501077,6.5606101671226,-14.470208369926038,11.24691112126252,-0.09355632666816724,[-0.03749251655257896],[0.4007480614919854],1,"[[0.03380349683785504, 0.0533404841487677], [0.0533404841487677, 0.1565940493968394]]",all_real,"[[""-inf"", ""+inf""]]",0.2042326211468683,"{""nuisance"": [1, 3, 2], ""contrasts"": [0], ""nuisance_sv"": 0.2042326211468683, ""nuisance_condition"": 3.7812050109891335}",300,0,0.8384145644587864,0.5302498840815139,-1.1328270104721074,0.945714357135773,1.0,1.0
CLDN7,5,25,FASN;STAT5A;CDH1;KIT;RAB25,VHL;GAPDH;SERPINE1;IGFBP2;TUBA1B;ANXA1;INPP4B;ASNS;CASP7;G6PD;SQSTM1;PDCD4;EEF2K;PXN;KDR;DIABLO;RPS6;EEF2;MYC;FN1;RBM15;ESR1;ITGA2;GAB2;MSH2,1,5,5,5,0.04028517855544623,0.05,0.2,0.25,1.6601835526292756e-119;1.0240139008067886e-70;9.090503055415683e-37;1.2204545433125839e-17;0.00010399158599322772;0.11963716910012119,8.159731476049096e-129;1.1185612471227375e-73;1.5023693456150558e-39;9.43081027481646e-20;9.936829889703382e-12,reported,5,0.35573558011279827,0.7589365632079951;0.6479781925571347;0.5261678959484998;0.3652647311681226;0.35573558011279827,0.025552151854746342,True,2,luad,conditional on selected roles/rank and pivots,-2.0914851472748497,[-0.7270354878292004],[0.3476168543565842],1,"[[1.0955822161896331, -0.003247829178536009], [-0.003247829178536009, 0.00873072425331669]]",bounded,"[[-9.803937688711706, 4.299772727889839]]",0.24679976052388347,"{""nuisance"": [2, 3, 4, 5, 1], ""contrasts"": [0], ""nuisance_sv"": 0.24679976052388347, ""nuisance_condition"": 5.705362102758643}",300,0,0.48730767251861906,3.044700253026203,-8.0589880339971,3.8760177394473994,-0.08915057582153513,[-0.03099024273116019],[0.3476168543565842],1,"[[0.004531204010112207, -0.0012241640743983451], [-0.0012241640743983451, 0.00873072425331669]]",bounded,"[[-0.5091043289892242, 0.37003809642098334]]",0.24679976052388347,"{""nuisance"": [2, 3, 4, 5, 1], ""contrasts"": [0], ""nuisance_sv"": 0.24679976052388347, ""nuisance_condition"": 5.705362102758643}",300,0,0.6452421782483759,0.19043704634066316,-0.46240033091556665,0.2840991792724964,1.0,1.0
CCNB1,6,21,TFRC;TGM2;RICTOR;MSH6;CCNE1;FOXM1,VHL;SERPINE1;IGFBP2;TUBA1B;ANXA1;INPP4B;CASP7;G6PD;SQSTM1;ERBB2;PDCD4;KDR;DIABLO;RPS6;EEF2;MYC;FN1;RBM15;ESR1;ITGA2;SYK,1,6,6,6,0.030351937840252533,0.05,0.4,0.3,8.325523875058459e-83;4.465554852863321e-52;1.741029272492045e-29;1.4834422321022178e-12;8.27064807434882e-06;0.016569774857609628;0.25117616832726153,3.158707645461732e-83;2.616401934028592e-56;1.1921166942093224e-30;3.2244655571177053e-16;5.999576191471926e-10;8.000139630149693e-06,reported,6,0.2381417865044258,0.618014882898015;0.5998214863210108;0.4830345671515347;0.34974047369325006;0.285357473630048;0.2381417865044258,0.024935433927581557,True,2,luad,conditional on selected roles/rank and pivots,-1.505439384856736,[-0.3408210540102534],[0.22639307662505948],1,"[[0.9452177759999991, 0.006954886004139819], [0.006954886004139819, 0.01253778683112987]]",bounded,"[[-81.22651973176689, 14.002008400275207]]",0.23627191893280108,"{""nuisance"": [6, 3, 4, 2, 1, 5], ""contrasts"": [0], ""nuisance_sv"": 0.23627191893280108, ""nuisance_condition"": 5.367909650505849}",300,0,0.7259196115013629,4.405094286238614,-10.139265602490115,7.128386832776643,-0.030748230677226044,[-0.00696118654379424],[0.22639307662505948],1,"[[0.003609606556510591, -0.0018772046324251142], [-0.0018772046324251142, 0.01253778683112987]]",bounded,"[[-0.9686990301985541, 4.615592041206818]]",0.23627191893280108,"{""nuisance"": [6, 3, 4, 2, 1, 5], ""contrasts"": [0], ""nuisance_sv"": 0.23627191893280108, ""nuisance_condition"": 5.367909650505849}",300,0,0.907759307978865,0.26154353653938195,-0.5433641467270993,0.4818676853726472,1.0,1.0
FASN,4,7,ANXA1;CLDN7;ACACA;EEF2K,VHL;IGFBP2;TUBA1B;SQSTM1;KDR;MYC;GAB2,1,4,4,4,0.05254292181975069,0.05,0.2,0.15,1.3550205495498556e-43;4.459484548484199e-19;7.196181357077829e-10;2.854203333785292e-05;0.051282804552503725,2.6063965369235826e-43;4.808478180515164e-16;4.15626402438109e-10;0.0002001689339495411,reported,4,0.19864756973147232,0.6009901515462182;0.3427568666217434;0.31492591963402017;0.19864756973147232,0.0472738651366302,True,1,luad,conditional on selected roles/rank and pivots,-4.081922554876634,[-2.8158115464163025],[0.6898248334114715],1,"[[2969.170051153496, -423.3037722042409], [-423.3037722042409, 62.621092781217605]]",all_real,"[[""-inf"", ""+inf""]]",0.1576444429010243,"{""nuisance"": [4, 3, 2, 1], ""contrasts"": [0], ""nuisance_sv"": 0.1576444429010243, ""nuisance_condition"": 4.746361297163809}",300,0,0.9587871301533542,34.20611676489568,-71.12467999386863,62.960834884115364,-0.18100018408616084,[-0.12485842183468158],[0.6898248334114715],1,"[[7.64716080381361, -21.39950239073597], [-21.39950239073597, 62.621092781217605]]",all_real,"[[""-inf"", ""+inf""]]",0.1576444429010243,"{""nuisance"": [4, 3, 2, 1], ""contrasts"": [0], ""nuisance_sv"": 0.1576444429010243, ""nuisance_condition"": 4.746361297163809}",300,0,0.9639869211758368,2.0253893349456766,-4.150690366563629,3.788689998391307,1.0,1.0
CASP7,4,6,ERBB2;EEF2;BCL2L11;SYK,VHL;TUBA1B;INPP4B;KDR;DIABLO;MYC,1,2,2,2,0.04926736945914254,0.05,0.4,0.25,1.3637433311148478e-24;0.03813784897201327;0.6960842581661932;0.8492322258674374;0.7226967148991694,3.764180566340961e-27;0.005667207668267397,reported,2,0.18928225935212925,0.5629025275265356;0.18928225935212925,0.031775604099597725,True,2,luad,conditional on selected roles/rank and pivots,-0.5094680941011658,"[-0.13827879320899383, 0.20926523226288557, 1.129370504714724]","[0.7845901454881103, -0.003442872065572311, -0.19883094228922088]",3,"[[69.36906411053477, 367.6749477606798, -301.00303067706295, 38.293245278276366, 518.8243591098837, -375.38030457467283], [367.6749477606798, 3024.0935265139206, -2309.961021818895, 523.7419188596702, 3939.1600981129586, -3054.371595716671], [-301.00303067706295, -2309.961021818895, 1784.4020307721612, -378.39633978736384, -3045.2387423597133, 2337.285417409705], [38.293245278276366, 523.7419188596702, -378.39633978736384, 123.13150612047804, 636.4483792790041, -526.7552689547396], [518.8243591098837, 3939.1600981129586, -3045.2387423597133, 636.4483792790041, 5206.448236732284, -3986.0417804628705], [-375.38030457467283, -3054.371595716671, 2337.285417409705, -526.7552689547396, -3986.0417804628705, 3089.126941838768]]",all_real,"[[""-inf"", ""+inf""]]",0.1581862578604721,"{""nuisance"": [1, 0], ""contrasts"": [2, 3, 4], ""nuisance_sv"": 0.1581862578604721, ""nuisance_condition"": 4.511453279605749}",299,1,1.0,26.311466562020918,-52.07899534286593,51.0600591546636,-0.04073035768412007,"[-0.01974647269452315, -0.012237550500366212, 0.05649429256347997]","[0.7845901454881103, -0.003442872065572311, -0.19883094228922088]",3,"[[0.046365431373233595, 0.20502199690389378, -0.16263458083708243, 1.1536366811738805, 11.90962379286668, -8.929737938472899], [0.20502199690389378, 1.6502842150254478, -1.260003608278784, 12.026321765432582, 91.96482509706392, -71.10798879057695], [-0.16263458083708243, -1.260003608278784, 0.9739437623320218, -8.961292033940992, -70.92520777640674, 54.5281723194078], [1.1536366811738805, 12.026321765432582, -8.961292033940992, 123.13150612047804, 636.4483792790041, -526.7552689547396], [11.90962379286668, 91.96482509706392, -70.92520777640674, 636.4483792790041, 5206.448236732284, -3986.0417804628705], [-8.929737938472899, -71.10798879057695, 54.5281723194078, -526.7552689547396, -3986.0417804628705, 3089.126941838768]]",all_real,"[[""-inf"", ""+inf""]]",0.1581862578604721,"{""nuisance"": [1, 0], ""contrasts"": [2, 3, 4], ""nuisance_sv"": 0.1581862578604721, ""nuisance_condition"": 4.511453279605749}",299,1,1.0,3.696942515146807,-7.2866045974413165,7.2051438820730755,1.0,1.0
G6PD,2,7,GAPDH;TGM2,VHL;IGFBP2;TUBA1B;SQSTM1;KDR;MYC;GAB2,1,2,2,2,0.07589581568540618,0.05,0.2,0.15,2.424961115650518e-15;0.0034876490227470783;0.5054639236050757,7.521066260045727e-19;0.0019323185995623793,reported,2,0.16564785628161924,0.45848208388749717;0.16564785628161924,0.05007004741667867,True,1,luad,conditional on selected roles/rank and pivots,1.4321336729687797,[1.269422060416959],[0.8863851778482916],1,"[[29.196150415054927, -1.766923059371827], [-1.766923059371827, 0.14589554894250337]]",bounded,"[[-6.401911693960898, 76.66667723527753]]",0.17531342193305247,"{""nuisance"": [1, 2], ""contrasts"": [0], ""nuisance_sv"": 0.17531342193305247, ""nuisance_condition"": 2.798163252861271}",300,0,0.8142610631966911,6.631950537724512,-11.566250630751906,14.430517976689465,0.10126324042254901,[0.08975823537143542],[0.8863851778482916],1,"[[0.07164410786744882, -0.08661995017335301], [-0.08661995017335301, 0.14589554894250337]]",bounded,"[[-0.29948576288352113, 3.9607470741427555]]",0.17531342193305247,"{""nuisance"": [1, 2], ""contrasts"": [0], ""nuisance_sv"": 0.17531342193305247, ""nuisance_condition"": 2.798163252861271}",300,0,0.7373693765622545,0.3397351093855218,-0.5646053435091359,0.7671318243542339,1.0,1.0
RICTOR,5,12,MYH11;CAV1;CCNB1;EEF2;TSC1,VHL;GAPDH;IGFBP2;TUBA1B;CASP7;G6PD;SQSTM1;EEF2K;PXN;KDR;MYC;GAB2,1,5,5,5,0.022624281139875236,0.05,0.2,0.2,4.4542814000257565e-86;6.897177619946175e-30;7.676875649096919e-14;3.20231353085108e-05;0.01578071691654841;0.3072708868899908,1.623119904100517e-79;1.3958089079158274e-28;7.455363423145328e-12;1.2656706340394398e-06;0.0015657892706854278,reported,5,0.16962804252070035,0.7439551971372889;0.5082026009967547;0.32687904632019044;0.254192912634342;0.16962804252070035,0.02011308253843067,True,1,luad,conditional on selected roles/rank and pivots,0.4021110365942364,[0.12842158089816608],[0.31936845600125663],1,"[[18.177073008310405, 0.6505382567335671], [0.6505382567335671, 0.17316551805714167]]",all_real,"[[""-inf"", ""+inf""]]",0.13993249430251362,"{""nuisance"": [5, 1, 4, 3, 2], ""contrasts"": [0], ""nuisance_sv"": 0.13993249430251362, ""nuisance_condition"": 8.154320801633986}",300,0,0.9759701849155761,13.166562072001366,-25.40387662829385,26.20809870148232,0.02730963343086969,[0.008721835462777154],[0.31936845600125663],1,"[[0.03343915675645076, 0.04499653347797502], [0.04499653347797502, 0.17316551805714167]]",all_real,"[[""-inf"", ""+inf""]]",0.13993249430251362,"{""nuisance"": [5, 1, 4, 3, 2], ""contrasts"": [0], ""nuisance_sv"": 0.13993249430251362, ""nuisance_condition"": 8.154320801633986}",300,0,0.961958673245901,0.5522838901305831,-1.0551469090050285,1.109766175866768,1.0,1.0
PDCD4,3,7,CCNB1;KIT;FN1,VHL;IGFBP2;TUBA1B;SQSTM1;KDR;MYC;GAB2,1,3,3,3,0.03644532599726028,0.05,0.2,0.15,5.2064423255464335e-15;0.0011955729646759867;0.015521163978419919;0.09084076390905277,3.7523009100721054e-19;0.00030856627266975063;0.04303853479239646,reported,3,0.10868870045361914,0.4722790290226472;0.219195233204487;0.10868870045361914,0.03592364431844278,True,1,luad,conditional on selected roles/rank and pivots,-0.7225879781321803,[-0.34202886927716636],[0.4733387208589849],1,"[[90.74074777206421, 9.209323111331596], [9.209323111331596, 1.8682164288192868]]",all_real,"[[""-inf"", ""+inf""]]",0.18930449850619555,"{""nuisance"": [2, 3, 1], ""contrasts"": [0], ""nuisance_sv"": 0.18930449850619555, ""nuisance_condition"": 2.5384895762820583}",300,0,0.9713576701925064,21.650848894188353,-43.15747238018117,41.712296423916804,-0.04456485123293918,[-0.021094269677870384],[0.4733387208589849],1,"[[0.1862029387729095, 0.42181457647220255], [0.42181457647220255, 1.8682164288192868]]",all_real,"[[""-inf"", ""+inf""]]",0.18930449850619555,"{""nuisance"": [2, 3, 1], ""contrasts"": [0], ""nuisance_sv"": 0.18930449850619555, ""nuisance_condition"": 2.5384895762820583}",300,0,0.9610113367350402,1.0076917644487517,-2.0196044326489724,1.9304747301830942,1.0,1.0
KDR,2,1,CTNNB1;ITGA2,MYC,1,1,1,1,0.15603746339883293,0.05,0.4,0.15,9.568781041723554e-06,7.088931550278134e-06,reported,1,0.2573742295364503,0.2573742295364503,0.15603746339883293,True,2,luad,conditional on selected roles/rank and pivots,-1.567930475676194,"[-1.2307109692506055, -2.6036032611462177]","[0.8224967136387534, 0.018822396495249166]",2,"[[0.6951203829508574, 0.10470728700762431, 0.021595727130633867, -0.01055206805365199], [0.10470728700762431, 1.3953059557582228, -0.056719938648247314, -0.007056491703859074], [0.021595727130633867, -0.056719938648247314, 0.042062423536889944, -0.005628784439055793], [-0.01055206805365199, -0.007056491703859074, -0.005628784439055793, 0.04114422480528532]]",bounded,"[[-5.580329781207124, 0.761805644782049]]",0.22506337336487056,"{""nuisance"": [1], ""contrasts"": [0, 2], ""nuisance_sv"": 0.22506337336487056, ""nuisance_condition"": 1.0}",300,0,0.055028352542967444,1.4365078884574214,-4.383434222768756,1.2475732714163676,-0.08384314994258212,"[-0.0663869072097943, -0.11404779710790813]","[0.8224967136387534, 0.018822396495249166]",2,"[[0.002780944700703693, -0.0003303276091119952, 0.005049175241764, -0.0014514570116420428], [-0.0003303276091119952, 0.004031460376683958, -0.003486924588148878, 0.004854533541298861], [0.005049175241764, -0.003486924588148878, 0.042062423536889944, -0.005628784439055793], [-0.0014514570116420428, 0.004854533541298861, -0.005628784439055793, 0.04114422480528532]]",bounded,"[[-0.3957671137123703, 0.05194835757729593]]",0.22506337336487056,"{""nuisance"": [1], ""contrasts"": [0, 2], ""nuisance_sv"": 0.22506337336487056, ""nuisance_condition"": 1.0}",300,0,0.1449240997015552,0.0875585052928107,-0.25545466821030055,0.08776836832513633,0.9354819932304466,1.0
DIABLO,2,7,CDH1;RICTOR,VHL;IGFBP2;TUBA1B;SQSTM1;KDR;MYC;GAB2,1,2,2,2,0.1264986109109927,0.05,0.2,0.15,1.5100217791819372e-28;4.2376282623247747e-10;0.07189824553373629,5.055031055630396e-25;1.0849429994676798e-08,reported,2,0.3004317469786263,0.4728341203514237;0.3004317469786263,0.08011114262032769,True,1,luad,conditional on selected roles/rank and pivots,-0.15143185102594608,[-0.0941643035276924],[0.6218262729388314],1,"[[0.7417122443664248, 0.00876881332422577], [0.00876881332422577, 0.012119971196031754]]",bounded,"[[-3.173779729188758, 2.631372878386159]]",0.3924711928207701,"{""nuisance"": [2, 1], ""contrasts"": [0], ""nuisance_sv"": 0.3924711928207701, ""nuisance_condition"": 1.495275234437324}",300,0,0.9129349170409453,1.3877327656186018,-2.871338113258844,2.5684744112069513,-0.019427344673997603,[-0.012080433331729985],[0.6218262729388314],1,"[[0.0019084173042239348, 0.0005704156684072528], [0.0005704156684072528, 0.012119971196031754]]",bounded,"[[-0.17665100999501046, 0.11959198697363542]]",0.3924711928207701,"{""nuisance"": [2, 1], ""contrasts"": [0], ""nuisance_sv"": 0.3924711928207701, ""nuisance_condition"": 1.495275234437324}",300,0,0.7821392672434379,0.07074386887838086,-0.15808278089634445,0.11922809154834925,1.0,1.0
EEF2,2,7,CASP7;RICTOR,VHL;IGFBP2;TUBA1B;SQSTM1;KDR;MYC;GAB2,1,2,2,2,0.12511599990782052,0.05,0.2,0.15,8.580438264773835e-33;5.721238917156274e-06;0.5743963967513755,1.0884286378403785e-34;6.294032836078985e-10,reported,2,0.3236418995686323,0.5546679077033398;0.3236418995686323,0.07300012080989658,True,2,luad,conditional on selected roles/rank and pivots,-0.19868996755815468,[-0.23554930556293374],[1.185511822553349],1,"[[5.421937364105466, 0.6716743045003116], [0.6716743045003116, 0.15997678731314383]]",bounded,"[[-9.887348728049297, 2.65640369342831]]",0.24285994128291385,"{""nuisance"": [2, 1], ""contrasts"": [0], ""nuisance_sv"": 0.24285994128291385, ""nuisance_condition"": 2.6147894623408017}",300,0,0.919424233238166,2.0130157885150815,-4.144128444479327,3.746748509363018,-0.014249727281844702,[-0.01689322016078789],[1.185511822553349],1,"[[0.010862829219343716, 0.024951880625845947], [0.024951880625845947, 0.15997678731314383]]",bounded,"[[-0.41830298076237676, 0.12527072060133837]]",0.24285994128291385,"{""nuisance"": [2, 1], ""contrasts"": [0], ""nuisance_sv"": 0.24285994128291385, ""nuisance_condition"": 2.6147894623408017}",300,0,0.8712394646787945,0.09087478704442814,-0.19236103839659027,0.16386158383290086,1.0,1.0
RBM15,5,7,INPP4B;HSPA1A;RPS6;MSH6;TP53BP1,VHL;IGFBP2;TUBA1B;SQSTM1;KDR;MYC;GAB2,1,3,3,3,0.03744596322241324,0.05,0.2,0.15,5.858962500229046e-29;6.973710447311348e-09;0.0003454608177530373;0.11797207933209417;0.6334900504817111;0.49432841041618225,1.9630834524376428e-19;4.895746351560201e-08;0.024579246129385928,reported,3,0.16417591264215214,0.44411963415475014;0.33235128051282037;0.16417591264215214,0.0304992109078806,True,1,luad,conditional on selected roles/rank and pivots,1.8894755894314346,"[1.2463056818448544, -0.5786420347243357, 0.28059260198900715]","[0.1818465156033252, -0.14432748619259544, -0.2659851299223719]",3,"[[11.30508066561963, -0.708301836504535, -9.802710896200178, -0.4833911355546516, 0.03557339949676671, 0.48427049374000664], [-0.708301836504535, 1.9637131309668023, 1.7839885659975614, 0.09183783800649928, -0.02410594549750204, -0.1015073534863768], [-9.802710896200178, 1.7839885659975614, 10.950064848623361, 0.5070090226100377, -0.05405812301426592, -0.5427035309041127], [-0.4833911355546516, 0.09183783800649928, 0.5070090226100377, 0.22518863876725134, 0.08811808811982658, -0.09434037708854776], [0.03557339949676671, -0.02410594549750204, -0.05405812301426592, 0.08811808811982658, 0.10579980050041596, -0.0059581345528936114], [0.48427049374000664, -0.1015073534863768, -0.5427035309041127, -0.09434037708854776, -0.0059581345528936114, 0.08529725215078932]]",all_real,"[[""-inf"", ""+inf""]]",0.24316970532336307,"{""nuisance"": [0, 1, 2], ""contrasts"": [3, 4, 5], ""nuisance_sv"": 0.24316970532336307, ""nuisance_condition"": 2.821013139889917}",299,1,1.0,13.3156462597476,-24.208711716408512,27.98766289527138,-0.046622035866401255,"[0.02240135856267465, -0.02054699513148855, 0.04831242475212555]","[0.1818465156033252, -0.14432748619259544, -0.2659851299223719]",3,"[[0.08167305014359894, -0.006252065658036042, -0.07182215763971567, -0.071057869970251, -0.007174867999347704, 0.0498558013917232], [-0.006252065658036042, 0.007417959839428301, 0.010342922413566737, -0.004614079142428284, -0.012199333622673836, -0.005338777164172726], [-0.07182215763971567, 0.010342922413566737, 0.07257158423046506, 0.05099522012999401, -0.0025468694491137295, -0.04677672979417624], [-0.071057869970251, -0.004614079142428284, 0.05099522012999401, 0.22518863876725134, 0.08811808811982658, -0.09434037708854776], [-0.007174867999347704, -0.012199333622673836, -0.0025468694491137295, 0.08811808811982658, 0.10579980050041596, -0.0059581345528936114], [0.0498558013917232, -0.005338777164172726, -0.04677672979417624, -0.09434037708854776, -0.0059581345528936114, 0.08529725215078932]]",all_real,"[[""-inf"", ""+inf""]]",0.24316970532336307,"{""nuisance"": [0, 1, 2], ""contrasts"": [3, 4, 5], ""nuisance_sv"": 0.24316970532336307, ""nuisance_condition"": 2.821013139889917}",299,1,1.0,0.9863397519150091,-1.9798124413887503,1.8865683696559477,1.0,1.0
PREX1,6,7,PRKCA;ATM;RAD51;SYK;MSH6;EIF4G1,VHL;IGFBP2;TUBA1B;SQSTM1;KDR;MYC;GAB2,1,4,4,4,0.02428647219555016,0.05,0.2,0.15,9.479735489971203e-45;1.7244240658060488e-11;2.4083672427925342e-05;0.005131635014317548;0.4656905175186681;0.8967027660704419;0.7933267347568249,3.41198237734263e-45;1.0491635854848719e-08;4.473991182077782e-05;0.022421953365051574,reported,4,0.1661432404316279,0.6777470553591659;0.30802516030775673;0.26109048392847506;0.1661432404316279,0.019810867257815116,True,1,luad,conditional on selected roles/rank and pivots,-1.94889557077161,"[-0.14271864192239236, -2.1710090766316763, 0.6623705985817787]","[-0.1040861447427956, 0.08808128033876433, -0.48739847358576743]",3,"[[94.21267198720291, -116.66300654268636, -33.08885700531203, -28.638613100491032, 86.53902877854742, -27.54790283763491], [-116.66300654268636, 386.93027893909937, -133.23601141788276, 87.01792938254891, -309.4141630216517, 119.68893648855428], [-33.08885700531203, -133.23601141788276, 143.10868567299704, -27.207801476201077, 118.10005858088671, -52.66595773052863], [-28.638613100491032, 87.01792938254891, -27.207801476201077, 21.24369225737217, -72.71931060621957, 27.319985204630186], [86.53902877854742, -309.4141630216517, 118.10005858088671, -72.71931060621957, 261.66583093090185, -100.84204672400384], [-27.54790283763491, 119.68893648855428, -52.66595773052863, 27.319985204630186, -100.84204672400384, 40.44637434581836]]",all_real,"[[""-inf"", ""+inf""]]",0.09777560625608148,"{""nuisance"": [6, 0, 5, 2], ""contrasts"": [1, 3, 4], ""nuisance_sv"": 0.09777560625608148, ""nuisance_condition"": 8.689195258117428}",300,0,1.0,99.2126674541794,-196.40215212493487,192.50436098339165,-0.12317697568769119,"[0.01142184593163335, -0.10034364756131274, 0.04416195415871544]","[-0.1040861447427956, 0.08808128033876433, -0.48739847358576743]",3,"[[0.25409175875026396, -0.27276683480555275, -0.10763373984697709, 0.9001162085246501, -4.149216003851985, 1.9661128263272263], [-0.27276683480555275, 0.9326008226381977, -0.32037782413163407, -4.122884856434447, 15.314512909288986, -5.933877143341236], [-0.10763373984697709, -0.32037782413163407, 0.38278738189685674, 1.9686038137104231, -5.960466637176223, 1.9284452632998765], [0.9001162085246501, -4.122884856434447, 1.9686038137104231, 21.24369225737217, -72.71931060621957, 27.319985204630186], [-4.149216003851985, 15.314512909288986, -5.960466637176223, -72.71931060621957, 261.66583093090185, -100.84204672400384], [1.9661128263272263, -5.933877143341236, 1.9284452632998765, 27.319985204630186, -100.84204672400384, 40.44637434581836]]",all_real,"[[""-inf"", ""+inf""]]",0.09777560625608148,"{""nuisance"": [6, 0, 5, 2], ""contrasts"": [1, 3, 4], ""nuisance_sv"": 0.09777560625608148, ""nuisance_condition"": 8.689195258117428}",300,0,1.0,1.8596728758698369,-3.76806886416904,3.521714912793658,1.0,1.0
BCL2L11,2,6,CASP7;PRKCA,VHL;TUBA1B;INPP4B;KDR;DIABLO;MYC,1,2,2,2,0.09399030782842233,0.05,0.4,0.25,1.5212720973215074e-08;0.0215991812462938;0.5055435342884125,6.565170059196352e-11;3.9285740150009737e-05,reported,2,0.21852453046010292,0.3171882293867549;0.21852453046010292,0.06052779422564284,True,1,luad,conditional on selected roles/rank and pivots,-0.009332126740518892,[-0.006973805306351444],[0.7472900336931858],1,"[[1.508178750635971, -0.03304077761306197], [-0.03304077761306197, 0.06128109359393072]]",bounded,"[[-3.8749010736119547, 4.628465610298196]]",0.19650364757286062,"{""nuisance"": [2, 1], ""contrasts"": [0], ""nuisance_sv"": 0.19650364757286062, ""nuisance_condition"": 2.4480275073640154}",300,0,0.9954691348438457,1.6430439454414447,-3.2296391102237147,3.2109748567426766,-0.012638441036410649,[-0.009444581027928656],[0.7472900336931858],1,"[[0.012299564042077923, -0.01706090802548858], [-0.01706090802548858, 0.06128109359393072]]",bounded,"[[-0.24176634322926413, 0.6038397306722646]]",0.19650364757286062,"{""nuisance"": [2, 1], ""contrasts"": [0], ""nuisance_sv"": 0.19650364757286062, ""nuisance_condition"": 2.4480275073640154}",300,0,0.9321338497631696,0.14584260286314393,-0.29848469231446967,0.27320781024164836,1.0,1.0
SYK,3,6,STAT5A;CASP7;PREX1,VHL;TUBA1B;INPP4B;KDR;DIABLO;MYC,1,3,3,3,0.034220537093753486,0.05,0.4,0.25,2.144189767207465e-25;6.679467203993325e-08;0.021149969890811415;0.9054750995172731,7.303714444177714e-31;5.915961369810352e-11;0.0028467757460282307,reported,3,0.15972672044103775,0.5250095484778936;0.34940055231614897;0.15972672044103775,0.0263070413947696,True,1,luad,conditional on selected roles/rank and pivots,1.792867031695131,[1.3731093982845182],[0.765873527712907],1,"[[1.4748465280242595, -0.03028908322681198], [-0.03028908322681198, 0.03717948115897256]]",bounded,"[[-1.298125440457624, 6.562404184130013]]",0.12573482987355653,"{""nuisance"": [1, 3, 2], ""contrasts"": [0], ""nuisance_sv"": 0.12573482987355653, ""nuisance_condition"": 4.908317273918649}",300,0,0.258198555984166,1.7039060763758338,-1.5467275373827538,5.1324616007730155,0.07743513361206947,[0.05930551894839595],[0.765873527712907],1,"[[0.022404294534476978, 0.004062088574324125], [0.004062088574324125, 0.03717948115897256]]",bounded,"[[-0.3693196045326531, 0.5037057796620605]]",0.12573482987355653,"{""nuisance"": [1, 3, 2], ""contrasts"": [0], ""nuisance_sv"": 0.12573482987355653, ""nuisance_condition"": 4.908317273918649}",300,0,0.691947395136325,0.19365818495070902,-0.302127937196662,0.45699820442080097,1.0,1.0
EIF4G1,5,6,EEF2K;PXN;BRAF;MSH6;TP53BP1,VHL;TUBA1B;INPP4B;KDR;DIABLO;MYC,1,3,3,3,0.04937839954815109,0.05,0.4,0.25,6.869916827854701e-29;8.611900832367147e-08;0.01612183923107313;0.11589345278137049;0.623852001982734;0.46685512057390266,3.643346884993434e-18;3.696870950059642e-08;0.002189835146602979,reported,3,0.20400999682966361,0.4246535331536012;0.3138667060765158;0.20400999682966361,0.03661365853172581,True,2,luad,conditional on selected roles/rank and pivots,-3.4491634370570723,"[-2.041739197229888, 0.12066671932211537, -0.19421548106173814]","[0.4264496076787707, 0.11801331458480707, 0.25905509671437055]",3,"[[645.6176245596507, 1758.8322993266158, 958.2758418208318, 27.36593060614023, 53.11381074349697, 55.750894953593054], [1758.8322993266158, 5154.653731158233, 2574.0225013712407, 53.28069428320454, 112.67296981961812, 140.43471115242326], [958.2758418208318, 2574.0225013712407, 1663.0583057248107, 55.54038254561236, 139.32953532047918, 108.77217968579694], [27.36593060614023, 53.28069428320454, 55.54038254561236, 4.249541125496314, 9.034724732157022, 4.371098554671735], [53.11381074349697, 112.67296981961812, 139.32953532047918, 9.034724732157022, 25.61159714269621, 11.36041770918671], [55.750894953593054, 140.43471115242326, 108.77217968579694, 4.371098554671735, 11.36041770918671, 7.91491248010606]]",all_real,"[[""-inf"", ""+inf""]]",0.12035966893624124,"{""nuisance"": [3, 1, 5], ""contrasts"": [0, 2, 4], ""nuisance_sv"": 0.12035966893624124, ""nuisance_condition"": 7.165526462411297}",300,0,1.0,140.56689933965816,-278.9552257344108,272.0568988602967,-0.19253138702230896,"[-0.10654744801300661, -0.019040679448758514, -0.011316324202750139]","[0.4264496076787707, 0.11801331458480707, 0.25905509671437055]",3,"[[2.0659412512931414, 5.3706303339725725, 3.3157213252742763, 2.0096025381084046, 4.237027031225709, 3.441845425844485], [5.3706303339725725, 14.83970585683633, 8.797369029338201, 4.252663398597424, 9.942455440978604, 8.823098014673457], [3.3157213252742763, 8.797369029338201, 5.987492905165982, 3.4307768402958554, 8.769911578273957, 6.640296360561677], [2.0096025381084046, 4.252663398597424, 3.4307768402958554, 4.249541125496314, 9.034724732157022, 4.371098554671735], [4.237027031225709, 9.942455440978604, 8.769911578273957, 9.034724732157022, 25.61159714269621, 11.36041770918671], [3.441845425844485, 8.823098014673457, 6.640296360561677, 4.371098554671735, 11.36041770918671, 7.91491248010606]]",all_real,"[[""-inf"", ""+inf""]]",0.12035966893624124,"{""nuisance"": [3, 1, 5], ""contrasts"": [0, 2, 4], ""nuisance_sv"": 0.12035966893624124, ""nuisance_condition"": 7.165526462411297}",300,0,1.0,7.886668470625645,-15.650117669383631,15.265054895339015,1.0,1.0
TP53BP1,2,7,RBM15;EIF4G1,VHL;IGFBP2;TUBA1B;SQSTM1;KDR;MYC;GAB2,1,2,2,2,0.1083109146273376,0.05,0.2,0.15,6.187902568555293e-30;1.3927472442638972e-06;0.5002261749387413,1.0343489993617605e-22;9.277310973415825e-07,reported,2,0.25942760293890194,0.46751702399989437;0.25942760293890194,0.06502143256595905,True,1,luad,conditional on selected roles/rank and pivots,-0.5253146780513779,[-0.2455252349501869],[0.46738696862792317],1,"[[0.7450737863714043, 0.004264225967873954], [0.004264225967873954, 0.007652795329912584]]",bounded,"[[-4.605402741618861, 3.218105364816963]]",0.19650132153343938,"{""nuisance"": [2, 1], ""contrasts"": [0], ""nuisance_sv"": 0.19650132153343938, ""nuisance_condition"": 4.377413970248796}",300,0,0.7760702862811317,1.8549652495599505,-4.160979788439897,3.1103504323371407,0.04201242797929828,[0.019636061357943168],[0.46738696862792317],1,"[[0.0018186636441285759, 4.455423897178868e-05], [4.455423897178868e-05, 0.007652795329912584]]",bounded,"[[-0.145192564503382, 0.24047273619237347]]",0.19650132153343938,"{""nuisance"": [2, 1], ""contrasts"": [0], ""nuisance_sv"": 0.19650132153343938, ""nuisance_condition"": 4.377413970248796}",300,0,0.6451965162514776,0.09148760803058544,-0.1372999902067601,0.22132484616535664,1.0,1.0
