exposure,nZ,nW,Z,W,r_pca,r_bridge,r_joint,r_signal,nu,rank_test_level,window_fraction,alpha,joint_pvalues,conditional_pvalues,status,r_grid,conditional_root,conditional_roots,nu_raw,conditional_rank_agreement,eligible_designs,min_g,rmst_estimate,rmst_naive,rmst_se_boot,rmst_ci_low,rmst_ci_high,rmst_naive_se_boot,rmst_boot_success,rmst_boot_failed,survival_estimate,survival_naive,survival_se_boot,survival_ci_low,survival_ci_high,survival_naive_se_boot,survival_boot_success,survival_boot_failed,full_availability,full_interval_status,inference
CAV1,3,12,MYH11;TGM2;RICTOR,VHL;GAPDH;IGFBP2;TUBA1B;CASP7;G6PD;SQSTM1;EEF2K;PXN;KDR;MYC;GAB2,1,3,3,3,0.04714783950806242,0.05,0.2,0.2,8.554293687671909e-52;5.4265922032453364e-17;0.0011343670605829458;0.22592212616600235,1.1752332238113802e-49;5.241345976312725e-11;0.0002111832897716346,reported,3,0.19765613884696565,0.6641112266860772;0.33218252290408723;0.19765613884696565,0.03592520245178145,True,1,0.45055088442592295,-1.6116486243317387,0.8809741863558743,19.27119995513936,-39.38250647527478,36.15920922661131,0.7791969834787235,300,0,-0.09355632666816696,0.0767067598952275,1.2915799466942393,-2.625006505343039,2.4378938520067046,0.04417812132213212,300,0,0.17,construction_incomplete,fixed selected roles/rank; conditional reference only
CLDN7,5,25,FASN;STAT5A;CDH1;KIT;RAB25,VHL;GAPDH;SERPINE1;IGFBP2;TUBA1B;ANXA1;INPP4B;ASNS;CASP7;G6PD;SQSTM1;PDCD4;EEF2K;PXN;KDR;DIABLO;RPS6;EEF2;MYC;FN1;RBM15;ESR1;ITGA2;GAB2;MSH2,1,5,5,5,0.04028517855544623,0.05,0.2,0.25,1.6601835526292756e-119;1.0240139008067886e-70;9.090503055415683e-37;1.2204545433125839e-17;0.00010399158599322772;0.11963716910012119,8.159731476049096e-129;1.1185612471227375e-73;1.5023693456150558e-39;9.43081027481646e-20;9.936829889703382e-12,reported,5,0.35573558011279827,0.7589365632079951;0.6479781925571347;0.5261678959484998;0.3652647311681226;0.35573558011279827,0.025552151854746342,True,2,0.4097454808144738,-2.091485147274854,-0.2286148056165761,2.8256099208100434,-7.629578826421613,3.446608531871905,0.7521337565570982,300,0,-0.0891505758215353,-0.02194010702745161,0.2595332316484434,-0.5978263626437752,0.4195252110007046,0.04406027129939522,300,0,0.2133333333333333,construction_incomplete,fixed selected roles/rank; conditional reference only
CCNB1,6,21,TFRC;TGM2;RICTOR;MSH6;CCNE1;FOXM1,VHL;SERPINE1;IGFBP2;TUBA1B;ANXA1;INPP4B;CASP7;G6PD;SQSTM1;ERBB2;PDCD4;KDR;DIABLO;RPS6;EEF2;MYC;FN1;RBM15;ESR1;ITGA2;SYK,1,6,6,6,0.030351937840252533,0.05,0.4,0.3,8.325523875058459e-83;4.465554852863321e-52;1.741029272492045e-29;1.4834422321022178e-12;8.27064807434882e-06;0.016569774857609628;0.25117616832726153,3.158707645461732e-83;2.616401934028592e-56;1.1921166942093224e-30;3.2244655571177053e-16;5.999576191471926e-10;8.000139630149693e-06,reported,6,0.2381417865044258,0.618014882898015;0.5998214863210108;0.4830345671515347;0.34974047369325006;0.285357473630048;0.2381417865044258,0.024935433927581557,True,2,0.368598780278021,-1.5054393848567411,-1.837881706785438,18.444795525696744,-37.656574317427896,34.64569554771441,0.769542435480476,300,0,-0.030748230677226443,-0.10036785383841505,2.4630824389786783,-4.858301102028512,4.7968046406740585,0.04558496979006267,300,0,0.3433333333333333,construction_incomplete,fixed selected roles/rank; conditional reference only
FASN,4,7,ANXA1;CLDN7;ACACA;EEF2K,VHL;IGFBP2;TUBA1B;SQSTM1;KDR;MYC;GAB2,1,4,4,4,0.05254292181975069,0.05,0.2,0.15,1.3550205495498556e-43;4.459484548484199e-19;7.196181357077829e-10;2.854203333785292e-05;0.051282804552503725,2.6063965369235826e-43;4.808478180515164e-16;4.15626402438109e-10;0.0002001689339495411,reported,4,0.19864756973147232,0.6009901515462182;0.3427568666217434;0.31492591963402017;0.19864756973147232,0.0472738651366302,True,1,0.39969540762539324,-4.081922554876609,-1.5802286866210908,6.75757039245537,-17.326517147083333,9.162672037330115,0.7484815418160585,300,0,-0.18100018408615987,-0.04023885542808389,0.3750377688732296,-0.9160607039199469,0.554060335747627,0.04248320731314579,300,0,0.1233333333333333,construction_incomplete,fixed selected roles/rank; conditional reference only
CASP7,4,6,ERBB2;EEF2;BCL2L11;SYK,VHL;TUBA1B;INPP4B;KDR;DIABLO;MYC,1,2,2,2,0.04926736945914254,0.05,0.4,0.25,1.3637433311148478e-24;0.03813784897201327;0.6960842581661932;0.8492322258674374;0.7226967148991694,3.764180566340961e-27;0.005667207668267397,reported,2,0.18928225935212925,0.5629025275265356;0.18928225935212925,0.031775604099597725,True,2,0.3218230911596573,-0.6780068726394948,0.4232433503626669,1.2821639928437667,-3.191002120887349,1.8349883756083596,0.6662858872123203,300,0,-0.04512048620096358,-0.020005722286493548,0.0696700216829831,-0.1816712195017351,0.09143024709980795,0.03682162766137828,300,0,0.3533333333333333,construction_incomplete,fixed selected roles/rank; conditional reference only
G6PD,2,7,GAPDH;TGM2,VHL;IGFBP2;TUBA1B;SQSTM1;KDR;MYC;GAB2,1,2,2,2,0.07589581568540618,0.05,0.2,0.15,2.424961115650518e-15;0.0034876490227470783;0.5054639236050757,7.521066260045727e-19;0.0019323185995623793,reported,2,0.16564785628161924,0.45848208388749717;0.16564785628161924,0.05007004741667867,True,1,0.3883493605038875,1.4321336729687744,-0.5379465936129095,5.047149182306209,-8.46009694895218,11.324364294889728,0.7648653326981413,300,0,0.10126324042254864,-0.002208622021718891,0.3096766414656752,-0.5056918237034979,0.7082183045485951,0.03918210455615839,300,0,0.2866666666666667,construction_incomplete,fixed selected roles/rank; conditional reference only
RICTOR,5,12,MYH11;CAV1;CCNB1;EEF2;TSC1,VHL;GAPDH;IGFBP2;TUBA1B;CASP7;G6PD;SQSTM1;EEF2K;PXN;KDR;MYC;GAB2,1,5,5,5,0.022624281139875236,0.05,0.2,0.2,4.4542814000257565e-86;6.897177619946175e-30;7.676875649096919e-14;3.20231353085108e-05;0.01578071691654841;0.3072708868899908,1.623119904100517e-79;1.3958089079158274e-28;7.455363423145328e-12;1.2656706340394398e-06;0.0015657892706854278,reported,5,0.16962804252070035,0.7439551971372889;0.5082026009967547;0.32687904632019044;0.254192912634342;0.16962804252070035,0.02011308253843067,True,1,0.39574131564768833,0.40211103659422315,0.26462095742104264,26.369660578501264,-51.2814739818139,52.085696055002344,0.7334004737868708,300,0,0.027309633430869434,0.0698606283183521,1.0256436015797357,-1.982914886639361,2.0375341535011,0.043499327736863456,300,0,0.21,construction_incomplete,fixed selected roles/rank; conditional reference only
PDCD4,3,7,CCNB1;KIT;FN1,VHL;IGFBP2;TUBA1B;SQSTM1;KDR;MYC;GAB2,1,3,3,3,0.03644532599726028,0.05,0.2,0.15,5.2064423255464335e-15;0.0011955729646759867;0.015521163978419919;0.09084076390905277,3.7523009100721054e-19;0.00030856627266975063;0.04303853479239646,reported,3,0.10868870045361914,0.4722790290226472;0.219195233204487;0.10868870045361914,0.03592364431844278,True,1,0.4127486786505731,-0.7225879781321759,0.6032395635809255,15.147602275883798,-30.411342891001375,28.966166934737025,0.7813366060883606,300,0,-0.04456485123293904,0.03022131493114927,0.6532386233751071,-1.3248890263586737,1.2357593238927955,0.043154566406621506,300,0,0.1766666666666666,construction_incomplete,fixed selected roles/rank; conditional reference only
KDR,2,1,CTNNB1;ITGA2,MYC,1,1,1,1,0.15603746339883293,0.05,0.4,0.15,9.568781041723554e-06,7.088931550278134e-06,reported,1,0.2573742295364503,0.2573742295364503,0.15603746339883293,True,2,0.4355171008743498,-1.0149142620753766,-1.1493211044136984,0.8998251749820729,-2.778539197422692,0.7487106732719384,0.7809195504404912,300,0,-0.05968023233876829,-0.04734459168885633,0.0565438750859375,-0.17050419105353745,0.05114372637600087,0.04703181955708294,300,0,0.15,construction_incomplete,fixed selected roles/rank; conditional reference only
DIABLO,2,7,CDH1;RICTOR,VHL;IGFBP2;TUBA1B;SQSTM1;KDR;MYC;GAB2,1,2,2,2,0.1264986109109927,0.05,0.2,0.15,1.5100217791819372e-28;4.2376282623247747e-10;0.07189824553373629,5.055031055630396e-25;1.0849429994676798e-08,reported,2,0.3004317469786263,0.4728341203514237;0.3004317469786263,0.08011114262032769,True,1,0.43795150775938096,-0.1514318510259548,0.37840079675706084,1.5536308295381491,-3.196492322191815,2.8936286201399057,0.6848825891461303,300,0,-0.019427344673997874,-0.030379203237981107,0.086998317242995,-0.18994091318585804,0.1510862238378623,0.034933872800918246,300,0,0.2566666666666666,construction_incomplete,fixed selected roles/rank; conditional reference only
EEF2,2,7,CASP7;RICTOR,VHL;IGFBP2;TUBA1B;SQSTM1;KDR;MYC;GAB2,1,2,2,2,0.12511599990782052,0.05,0.2,0.15,8.580438264773835e-33;5.721238917156274e-06;0.5743963967513755,1.0884286378403785e-34;6.294032836078985e-10,reported,2,0.3236418995686323,0.5546679077033398;0.3236418995686323,0.07300012080989658,True,2,0.35534908663836373,-0.19868996755815702,-0.11903564420637558,1.358735180349876,-2.861761985571449,2.464382050455135,0.768093355344041,300,0,-0.01424972728184494,0.033504209235687324,0.07507699212903998,-0.1613979279223604,0.13289847335867055,0.04322718578220578,300,0,0.23,construction_incomplete,fixed selected roles/rank; conditional reference only
RBM15,5,7,INPP4B;HSPA1A;RPS6;MSH6;TP53BP1,VHL;IGFBP2;TUBA1B;SQSTM1;KDR;MYC;GAB2,1,3,3,3,0.03744596322241324,0.05,0.2,0.15,5.858962500229046e-29;6.973710447311348e-09;0.0003454608177530373;0.11797207933209417;0.6334900504817111;0.49432841041618225,1.9630834524376428e-19;4.895746351560201e-08;0.024579246129385928,reported,3,0.16417591264215214,0.44411963415475014;0.33235128051282037;0.16417591264215214,0.0304992109078806,True,1,0.2906770082113974,1.2873063142426215,-0.678554360578588,4.43584425447322,-7.406788665553816,9.98140129403906,1.0102424652563018,294,6,-0.07677928223399089,-0.046316143676963704,0.16286767796147528,-0.3959940652841503,0.24243550081616855,0.06755399344438473,294,6,0.2033333333333333,construction_incomplete,fixed selected roles/rank; conditional reference only
PREX1,6,7,PRKCA;ATM;RAD51;SYK;MSH6;EIF4G1,VHL;IGFBP2;TUBA1B;SQSTM1;KDR;MYC;GAB2,1,4,4,4,0.02428647219555016,0.05,0.2,0.15,9.479735489971203e-45;1.7244240658060488e-11;2.4083672427925342e-05;0.005131635014317548;0.4656905175186681;0.8967027660704419;0.7933267347568249,3.41198237734263e-45;1.0491635854848719e-08;4.473991182077782e-05;0.022421953365051574,reported,4,0.1661432404316279,0.6777470553591659;0.30802516030775673;0.26109048392847506;0.1661432404316279,0.019810867257815116,True,1,0.4219867922261342,0.6454682077130316,-0.03232124727831864,3.2380449985964477,-5.700983369856056,6.9919197852821195,0.7437510557113379,300,0,-0.016114600663190943,0.010713961093569898,0.1559078058287499,-0.32168828499620467,0.2894590836698228,0.03918473226494122,300,0,0.25,construction_incomplete,fixed selected roles/rank; conditional reference only
BCL2L11,2,6,CASP7;PRKCA,VHL;TUBA1B;INPP4B;KDR;DIABLO;MYC,1,2,2,2,0.09399030782842233,0.05,0.4,0.25,1.5212720973215074e-08;0.0215991812462938;0.5055435342884125,6.565170059196352e-11;3.9285740150009737e-05,reported,2,0.21852453046010292,0.3171882293867549;0.21852453046010292,0.06052779422564284,True,1,0.42996268811883986,-0.009332126740523649,0.3902344929211073,2.6231833269446354,-5.150676972397966,5.132012718916919,0.8111937972926699,300,0,-0.012638441036410755,-0.034220917502760795,0.09354672903508124,-0.19598666081669736,0.17070977874387583,0.03874331063795903,300,0,0.19,construction_incomplete,fixed selected roles/rank; conditional reference only
SYK,3,6,STAT5A;CASP7;PREX1,VHL;TUBA1B;INPP4B;KDR;DIABLO;MYC,1,3,3,3,0.034220537093753486,0.05,0.4,0.25,2.144189767207465e-25;6.679467203993325e-08;0.021149969890811415;0.9054750995172731,7.303714444177714e-31;5.915961369810352e-11;0.0028467757460282307,reported,3,0.15972672044103775,0.5250095484778936;0.34940055231614897;0.15972672044103775,0.0263070413947696,True,1,0.44309283624222023,1.7928670316951318,0.6232189959469537,3.3548070415098716,-4.782433944745587,8.36816800813585,0.7691735013437253,300,0,0.07743513361206993,0.03844903472347553,0.16273464964842788,-0.24151891873559245,0.3963891859597323,0.03779311899161245,300,0,0.19,construction_incomplete,fixed selected roles/rank; conditional reference only
EIF4G1,5,6,EEF2K;PXN;BRAF;MSH6;TP53BP1,VHL;TUBA1B;INPP4B;KDR;DIABLO;MYC,1,3,3,3,0.04937839954815109,0.05,0.4,0.25,6.869916827854701e-29;8.611900832367147e-08;0.01612183923107313;0.11589345278137049;0.623852001982734;0.46685512057390266,3.643346884993434e-18;3.696870950059642e-08;0.002189835146602979,reported,3,0.20400999682966361,0.4246535331536012;0.3138667060765158;0.20400999682966361,0.03661365853172581,True,2,0.37489845901211705,-4.433622660995548,-1.3819758230573367,3.0340352409903217,-10.380222461161882,1.5129771391707862,0.8527171603775696,300,0,-0.21471829022294392,-0.030280301368469296,0.16598791663994844,-0.5400486287060796,0.11061204826019178,0.045438252769870104,300,0,0.2333333333333333,construction_incomplete,fixed selected roles/rank; conditional reference only
TP53BP1,2,7,RBM15;EIF4G1,VHL;IGFBP2;TUBA1B;SQSTM1;KDR;MYC;GAB2,1,2,2,2,0.1083109146273376,0.05,0.2,0.15,6.187902568555293e-30;1.3927472442638972e-06;0.5002261749387413,1.0343489993617605e-22;9.277310973415825e-07,reported,2,0.25942760293890194,0.46751702399989437;0.25942760293890194,0.06502143256595905,True,1,0.37264996842261827,-0.5253146780513561,-0.29103106164277004,2.102398286212481,-4.645939600186551,3.595310244083839,0.8317969448036742,300,0,0.042012427979298654,0.021145903411924686,0.10321721485921434,-0.16028959572929394,0.24431445168789126,0.04323027132393374,300,0,0.16,construction_incomplete,fixed selected roles/rank; conditional reference only
