exposure,nZ,nW,Z,W,r_pca,r_bridge,r_joint,r_signal,nu,rank_test_level,window_fraction,alpha,status,r_grid,conditional_root,eligible_designs,n,events,horizon,joint_pvalues,conditional_pvalues,conditional_roots,nu_raw,conditional_rank_agreement,min_g,rmst_estimate,survival_estimate
VHL,0,0,,,1,0,0,0,,0.05,0.2,0.15,no_shared_direction,0,,0,352,140,36,,,,,,,,
GAPDH,3,21,EIF4EBP1;AR;FOXM1,VHL;SERPINE1;IGFBP2;TUBA1B;ANXA1;INPP4B;CASP7;G6PD;SQSTM1;ERBB2;PDCD4;KDR;DIABLO;RPS6;EEF2;MYC;FN1;RBM15;ESR1;ITGA2;SYK,1,4,4,3,,0.05,0.4,0.3,proxy_dimensions,4,,0,352,140,36,3.885519979991253e-68;3.510561535328259e-37;7.473901593109162e-14;0.004893933507379607,2.0375137735994142e-36;2.2606687373296676e-13;0.006104343023469182,,,,,,
MYH11,3,12,CAV1;RICTOR;FOXM1,VHL;GAPDH;IGFBP2;TUBA1B;CASP7;G6PD;SQSTM1;EEF2K;PXN;KDR;MYC;GAB2,1,4,4,3,,0.05,0.2,0.2,proxy_dimensions,4,,0,352,140,36,8.05589780549408e-61;1.1182797922722336e-22;0.0002711834192931604;0.017577450083749224,1.2867272880919448e-41;1.0308295289735321e-16;0.002095631591857272,,,,,,
CAV1,3,12,MYH11;TGM2;RICTOR,VHL;GAPDH;IGFBP2;TUBA1B;CASP7;G6PD;SQSTM1;EEF2K;PXN;KDR;MYC;GAB2,1,3,3,3,0.04714783950806242,0.05,0.2,0.2,reported,3,0.19765613884696565,1,352,140,36,8.554293687671909e-52;5.4265922032453364e-17;0.0011343670605829458;0.22592212616600235,1.1752332238113802e-49;5.241345976312725e-11;0.0002111832897716346,0.6641112266860772;0.33218252290408723;0.19765613884696565,0.03592520245178145,True,0.45055088442592295,-1.6116486243317387,-0.09355632666816696
SERPINE1,3,12,TGM2;FN1;ITGA2,VHL;GAPDH;IGFBP2;TUBA1B;CASP7;G6PD;SQSTM1;EEF2K;PXN;KDR;MYC;GAB2,1,4,4,3,,0.05,0.2,0.2,proxy_dimensions,4,,0,352,140,36,2.5712089711119123e-40;1.4113828216216258e-24;2.867102704765793e-13;7.64779516966708e-07,2.7904227642656575e-28;9.331874385863108e-15;3.4766682958831756e-07,,,,,,
IGFBP2,1,58,ANXA1,VHL;GAPDH;MYH11;CAV1;SERPINE1;TUBA1B;CLDN7;CTNNB1;CCNB1;FASN;TFRC;STAT5A;INPP4B;CDH1;ASNS;CASP7;G6PD;KIT;HSPA1A;TGM2;RICTOR;SQSTM1;ERBB2;RAB25;PDCD4;ACACA;TP53;EEF2K;PXN;KDR;DIABLO;BRAF;RPS6;ETS1;PRKCA;EEF2;ATM;RAD51;MYC;FN1;RBM15;EIF4EBP1;AR;PREX1;BCL2L11;ESR1;TSC1;ITGA2;SYK;GAB2;CDH2;MSH6;BAK1;MSH2;CCNE1;EIF4G1;TP53BP1;FOXM1,1,2,2,1,,0.05,0.4,0.3,proxy_dimensions,2,,0,352,140,36,2.6565453746690292e-27;0.002458549728248413,5.83624221413931e-13,,,,,,
TUBA1B,0,0,,,1,0,0,0,,0.05,0.2,0.15,no_shared_direction,0,,0,352,140,36,,,,,,,,
ANXA1,1,7,FASN,VHL;IGFBP2;TUBA1B;SQSTM1;KDR;MYC;GAB2,1,2,2,1,,0.05,0.2,0.15,proxy_dimensions,2,,0,352,140,36,1.115459898746057e-21;4.445858842795938e-07,3.200947718383097e-07,,,,,,
CLDN7,5,25,FASN;STAT5A;CDH1;KIT;RAB25,VHL;GAPDH;SERPINE1;IGFBP2;TUBA1B;ANXA1;INPP4B;ASNS;CASP7;G6PD;SQSTM1;PDCD4;EEF2K;PXN;KDR;DIABLO;RPS6;EEF2;MYC;FN1;RBM15;ESR1;ITGA2;GAB2;MSH2,1,5,5,5,0.04028517855544623,0.05,0.2,0.25,reported,5,0.35573558011279827,2,352,140,36,1.6601835526292756e-119;1.0240139008067886e-70;9.090503055415683e-37;1.2204545433125839e-17;0.00010399158599322772;0.11963716910012119,8.159731476049096e-129;1.1185612471227375e-73;1.5023693456150558e-39;9.43081027481646e-20;9.936829889703382e-12,0.7589365632079951;0.6479781925571347;0.5261678959484998;0.3652647311681226;0.35573558011279827,0.025552151854746342,True,0.4097454808144738,-2.091485147274854,-0.0891505758215353
CTNNB1,3,12,CDH1;ERBB2;EIF4EBP1,VHL;GAPDH;IGFBP2;TUBA1B;CASP7;G6PD;SQSTM1;EEF2K;PXN;KDR;MYC;GAB2,1,4,4,3,,0.05,0.2,0.2,proxy_dimensions,4,,0,352,140,36,9.181753432540777e-79;1.379565304377196e-35;1.116726903851953e-16;2.7421256579704115e-05,1.0509606279300493e-37;2.8598098154353196e-19;8.977985143098029e-08,,,,,,
CCNB1,6,21,TFRC;TGM2;RICTOR;MSH6;CCNE1;FOXM1,VHL;SERPINE1;IGFBP2;TUBA1B;ANXA1;INPP4B;CASP7;G6PD;SQSTM1;ERBB2;PDCD4;KDR;DIABLO;RPS6;EEF2;MYC;FN1;RBM15;ESR1;ITGA2;SYK,1,6,6,6,0.030351937840252533,0.05,0.4,0.3,reported,6,0.2381417865044258,2,352,140,36,8.325523875058459e-83;4.465554852863321e-52;1.741029272492045e-29;1.4834422321022178e-12;8.27064807434882e-06;0.016569774857609628;0.25117616832726153,3.158707645461732e-83;2.616401934028592e-56;1.1921166942093224e-30;3.2244655571177053e-16;5.999576191471926e-10;8.000139630149693e-06,0.618014882898015;0.5998214863210108;0.4830345671515347;0.34974047369325006;0.285357473630048;0.2381417865044258,0.024935433927581557,True,0.368598780278021,-1.5054393848567411,-0.030748230677226443
FASN,4,7,ANXA1;CLDN7;ACACA;EEF2K,VHL;IGFBP2;TUBA1B;SQSTM1;KDR;MYC;GAB2,1,4,4,4,0.05254292181975069,0.05,0.2,0.15,reported,4,0.19864756973147232,1,352,140,36,1.3550205495498556e-43;4.459484548484199e-19;7.196181357077829e-10;2.854203333785292e-05;0.051282804552503725,2.6063965369235826e-43;4.808478180515164e-16;4.15626402438109e-10;0.0002001689339495411,0.6009901515462182;0.3427568666217434;0.31492591963402017;0.19864756973147232,0.0472738651366302,True,0.39969540762539324,-4.081922554876609,-0.18100018408615987
TFRC,1,12,CCNB1,VHL;GAPDH;IGFBP2;TUBA1B;CASP7;G6PD;SQSTM1;EEF2K;PXN;KDR;MYC;GAB2,1,2,2,1,,0.05,0.2,0.2,proxy_dimensions,2,,0,352,140,36,7.534431242969675e-10;0.03929354779477344,0.0002662271710037968,,,,,,
STAT5A,5,21,CLDN7;BRAF;PRKCA;ATM;GAB2,VHL;SERPINE1;IGFBP2;TUBA1B;ANXA1;INPP4B;CASP7;G6PD;SQSTM1;ERBB2;PDCD4;KDR;DIABLO;RPS6;EEF2;MYC;FN1;RBM15;ESR1;ITGA2;SYK,1,6,6,5,,0.05,0.4,0.3,proxy_dimensions,6,,0,352,140,36,4.1325907289272007e-95;6.182357080232995e-44;2.1252180962445733e-23;4.836233046417274e-15;1.5866690192196834e-06;0.008206146779781555,2.2615396447453737e-57;1.298625682521595e-27;5.572588519310664e-17;2.0808728948508663e-08;0.0006896118831636564,,,,,,
INPP4B,3,7,ERBB2;RPS6;RBM15,VHL;IGFBP2;TUBA1B;SQSTM1;KDR;MYC;GAB2,1,4,4,2,,0.05,0.2,0.15,proxy_dimensions,4,,0,352,140,36,4.822753531783192e-33;2.725691939318409e-10;0.00032846506484843257;0.04762514678550125,5.59151816384444e-28;2.375365208614635e-07;0.06268978589774267,,,,,,
CDH1,3,12,CLDN7;CTNNB1;DIABLO,VHL;GAPDH;IGFBP2;TUBA1B;CASP7;G6PD;SQSTM1;EEF2K;PXN;KDR;MYC;GAB2,1,4,4,3,,0.05,0.2,0.2,proxy_dimensions,4,,0,352,140,36,5.282863057932381e-64;2.8348167084521027e-22;1.517351683126218e-08;0.008355804971938082,1.0053567533933414e-45;2.979890789200875e-08;0.007324023308373348,,,,,,
ASNS,3,21,EEF2K;EIF4EBP1;FOXM1,VHL;SERPINE1;IGFBP2;TUBA1B;ANXA1;INPP4B;CASP7;G6PD;SQSTM1;ERBB2;PDCD4;KDR;DIABLO;RPS6;EEF2;MYC;FN1;RBM15;ESR1;ITGA2;SYK,1,4,4,3,,0.05,0.4,0.3,proxy_dimensions,4,,0,352,140,36,8.914266189417539e-63;3.3054309803851475e-24;1.0009706124926621e-10;0.021045707419702277,7.085085784901847e-44;6.111935788138734e-19;3.274317396136352e-08,,,,,,
CASP7,4,6,ERBB2;EEF2;BCL2L11;SYK,VHL;TUBA1B;INPP4B;KDR;DIABLO;MYC,1,2,2,2,0.04926736945914254,0.05,0.4,0.25,reported,2,0.18928225935212925,2,352,140,36,1.3637433311148478e-24;0.03813784897201327;0.6960842581661932;0.8492322258674374;0.7226967148991694,3.764180566340961e-27;0.005667207668267397,0.5629025275265356;0.18928225935212925,0.031775604099597725,True,0.3218230911596573,-0.6780068726394948,-0.04512048620096358
G6PD,2,7,GAPDH;TGM2,VHL;IGFBP2;TUBA1B;SQSTM1;KDR;MYC;GAB2,1,2,2,2,0.07589581568540618,0.05,0.2,0.15,reported,2,0.16564785628161924,1,352,140,36,2.424961115650518e-15;0.0034876490227470783;0.5054639236050757,7.521066260045727e-19;0.0019323185995623793,0.45848208388749717;0.16564785628161924,0.05007004741667867,True,0.3883493605038875,1.4321336729687744,0.10126324042254864
KIT,3,6,IGFBP2;CLDN7;FASN,VHL;TUBA1B;INPP4B;KDR;DIABLO;MYC,1,3,3,2,0.03524620127296315,0.05,0.4,0.25,conditional_information_dimension,3,0.10398954448960307,0,352,140,36,6.618036793451329e-16;4.254042633148315e-10;9.57709955836551e-06;0.1075160491117353,1.6788081269915408e-15;4.0287706659871266e-08;0.05294506912368429,0.36681305398390185;0.3166747132903223;0.10398954448960307,0.03842987651647682,False,,,
HSPA1A,2,7,RBM15;CDH2,VHL;IGFBP2;TUBA1B;SQSTM1;KDR;MYC;GAB2,1,3,3,2,,0.05,0.2,0.15,proxy_dimensions,3,,0,352,140,36,2.039745222168644e-34;6.0310465024115156e-06;0.009804181703924107,2.125695576548436e-25;0.0009484600360406911,,,,,,
TGM2,3,6,CAV1;SERPINE1;CCNB1,VHL;TUBA1B;INPP4B;KDR;DIABLO;MYC,1,3,3,2,0.025529604440487904,0.05,0.4,0.25,conditional_information_dimension,3,0.08106521204085065,0,352,140,36,8.481331200885329e-10;0.0001608325532134182;0.016659997776803628;0.8176456615244543,3.511641294581705e-11;0.0004354705021609478;0.13178277965171384,0.36009839154910683;0.2258098973117175;0.08106521204085065,0.02113876961351355,False,,,
RICTOR,5,12,MYH11;CAV1;CCNB1;EEF2;TSC1,VHL;GAPDH;IGFBP2;TUBA1B;CASP7;G6PD;SQSTM1;EEF2K;PXN;KDR;MYC;GAB2,1,5,5,5,0.022624281139875236,0.05,0.2,0.2,reported,5,0.16962804252070035,1,352,140,36,4.4542814000257565e-86;6.897177619946175e-30;7.676875649096919e-14;3.20231353085108e-05;0.01578071691654841;0.3072708868899908,1.623119904100517e-79;1.3958089079158274e-28;7.455363423145328e-12;1.2656706340394398e-06;0.0015657892706854278,0.7439551971372889;0.5082026009967547;0.32687904632019044;0.254192912634342;0.16962804252070035,0.02011308253843067,True,0.39574131564768833,0.40211103659422315,0.027309633430869434
SQSTM1,1,6,RAD51,VHL;TUBA1B;INPP4B;KDR;DIABLO;MYC,1,2,2,1,,0.05,0.4,0.25,proxy_dimensions,2,,0,352,140,36,1.7722888726255402e-12;0.00020857021305258023,6.971629084169633e-09,,,,,,
ERBB2,1,7,INPP4B,VHL;IGFBP2;TUBA1B;SQSTM1;KDR;MYC;GAB2,1,2,2,1,,0.05,0.2,0.15,proxy_dimensions,2,,0,352,140,36,3.024815755799733e-21;0.00047791498802508576,9.587221284713759e-05,,,,,,
RAB25,1,7,CLDN7,VHL;IGFBP2;TUBA1B;SQSTM1;KDR;MYC;GAB2,1,2,2,1,,0.05,0.2,0.15,proxy_dimensions,2,,0,352,140,36,5.782180888924285e-16;8.444210480092726e-07,2.024771414898359e-06,,,,,,
PDCD4,3,7,CCNB1;KIT;FN1,VHL;IGFBP2;TUBA1B;SQSTM1;KDR;MYC;GAB2,1,3,3,3,0.03644532599726028,0.05,0.2,0.15,reported,3,0.10868870045361914,1,352,140,36,5.2064423255464335e-15;0.0011955729646759867;0.015521163978419919;0.09084076390905277,3.7523009100721054e-19;0.00030856627266975063;0.04303853479239646,0.4722790290226472;0.219195233204487;0.10868870045361914,0.03592364431844278,True,0.4127486786505731,-0.7225879781321759,-0.04456485123293904
ACACA,2,7,FASN;CDH2,VHL;IGFBP2;TUBA1B;SQSTM1;KDR;MYC;GAB2,1,3,3,2,,0.05,0.2,0.15,proxy_dimensions,3,,0,352,140,36,7.599148674577192e-36;2.578308254680995e-10;0.00010584408145269988,3.632610915192019e-24;7.675165370845429e-08,,,,,,
TP53,2,7,ETS1;RAD51,VHL;IGFBP2;TUBA1B;SQSTM1;KDR;MYC;GAB2,1,3,3,2,,0.05,0.2,0.15,proxy_dimensions,3,,0,352,140,36,1.9290767290480108e-10;0.0018270501149196176;0.029753061913046084,1.3446301708884617e-09;0.0061016693471051585,,,,,,
EEF2K,1,7,FASN,VHL;IGFBP2;TUBA1B;SQSTM1;KDR;MYC;GAB2,1,2,2,1,,0.05,0.2,0.15,proxy_dimensions,2,,0,352,140,36,4.319653052188014e-20;7.02805592832879e-08,1.288941063720695e-08,,,,,,
PXN,2,6,RAD51;EIF4G1,VHL;TUBA1B;INPP4B;KDR;DIABLO;MYC,1,3,3,2,,0.05,0.4,0.25,proxy_dimensions,3,,0,352,140,36,6.387148453231214e-27;1.6735596670546077e-12;0.00452636567213169,5.32631192957774e-22;4.982308712889067e-10,,,,,,
KDR,2,1,CTNNB1;ITGA2,MYC,1,1,1,1,0.15603746339883293,0.05,0.4,0.15,reported,1,0.2573742295364503,2,352,140,36,9.568781041723554e-06,7.088931550278134e-06,0.2573742295364503,0.15603746339883293,True,0.4355171008743498,-1.0149142620753766,-0.05968023233876829
DIABLO,2,7,CDH1;RICTOR,VHL;IGFBP2;TUBA1B;SQSTM1;KDR;MYC;GAB2,1,2,2,2,0.1264986109109927,0.05,0.2,0.15,reported,2,0.3004317469786263,1,352,140,36,1.5100217791819372e-28;4.2376282623247747e-10;0.07189824553373629,5.055031055630396e-25;1.0849429994676798e-08,0.4728341203514237;0.3004317469786263,0.08011114262032769,True,0.43795150775938096,-0.1514318510259548,-0.019427344673997874
BRAF,4,21,STAT5A;TSC1;CDH2;EIF4G1,VHL;SERPINE1;IGFBP2;TUBA1B;ANXA1;INPP4B;CASP7;G6PD;SQSTM1;ERBB2;PDCD4;KDR;DIABLO;RPS6;EEF2;MYC;FN1;RBM15;ESR1;ITGA2;SYK,1,5,5,4,,0.05,0.4,0.3,proxy_dimensions,5,,0,352,140,36,1.010264127461185e-107;1.2985517773020327e-45;5.928815130488405e-20;4.925029298402077e-10;0.005240502041010364,8.860710353153195e-67;2.820312306524283e-38;2.773628285084265e-19;1.9621252837095537e-09,,,,,,
RPS6,2,7,INPP4B;RBM15,VHL;IGFBP2;TUBA1B;SQSTM1;KDR;MYC;GAB2,1,3,3,2,,0.05,0.2,0.15,proxy_dimensions,3,,0,352,140,36,1.609665267943077e-25;1.9461393812608187e-06;0.04077883188783977,2.5962800217583637e-24;0.00017969368354624513,,,,,,
ETS1,2,7,TP53;RAD51,VHL;IGFBP2;TUBA1B;SQSTM1;KDR;MYC;GAB2,1,3,3,2,,0.05,0.2,0.15,proxy_dimensions,3,,0,352,140,36,1.9290767290479537e-10;0.001827050114919623;0.02975306191304603,4.700292514667773e-05;0.031985136912778926,,,,,,
PRKCA,4,21,STAT5A;PREX1;BCL2L11;TSC1,VHL;SERPINE1;IGFBP2;TUBA1B;ANXA1;INPP4B;CASP7;G6PD;SQSTM1;ERBB2;PDCD4;KDR;DIABLO;RPS6;EEF2;MYC;FN1;RBM15;ESR1;ITGA2;SYK,1,5,5,4,,0.05,0.4,0.3,proxy_dimensions,5,,0,352,140,36,1.1154488415126624e-92;4.154863605458546e-49;3.4268364284709188e-18;2.5659045493118557e-07;0.003249727582215396,1.3106981109577839e-70;1.452577371639067e-38;2.780819146796915e-10;3.8924544601162176e-05,,,,,,
EEF2,2,7,CASP7;RICTOR,VHL;IGFBP2;TUBA1B;SQSTM1;KDR;MYC;GAB2,1,2,2,2,0.12511599990782052,0.05,0.2,0.15,reported,2,0.3236418995686323,2,352,140,36,8.580438264773835e-33;5.721238917156274e-06;0.5743963967513755,1.0884286378403785e-34;6.294032836078985e-10,0.5546679077033398;0.3236418995686323,0.07300012080989658,True,0.35534908663836373,-0.19868996755815702,-0.01424972728184494
ATM,3,25,STAT5A;PREX1;TSC1,VHL;GAPDH;SERPINE1;IGFBP2;TUBA1B;ANXA1;INPP4B;ASNS;CASP7;G6PD;SQSTM1;PDCD4;EEF2K;PXN;KDR;DIABLO;RPS6;EEF2;MYC;FN1;RBM15;ESR1;ITGA2;GAB2;MSH2,1,4,4,3,,0.05,0.2,0.25,proxy_dimensions,4,,0,352,140,36,1.0713445294206357e-95;8.568089588920055e-38;2.804889519200513e-12;0.000596938139579055,1.390429149836581e-63;4.7965150755496466e-33;1.7127285664514674e-10,,,,,,
RAD51,7,21,CTNNB1;TP53;PXN;ETS1;AR;PREX1;FOXM1,VHL;SERPINE1;IGFBP2;TUBA1B;ANXA1;INPP4B;CASP7;G6PD;SQSTM1;ERBB2;PDCD4;KDR;DIABLO;RPS6;EEF2;MYC;FN1;RBM15;ESR1;ITGA2;SYK,1,8,8,7,,0.05,0.4,0.3,proxy_dimensions,8,,0,352,140,36,4.031472353988341e-142;5.558477357815645e-79;1.7860465813165544e-45;4.030415276530523e-27;3.404845940375976e-16;4.838611464968109e-09;0.00022226083420192282;0.02556533513278072,1.3815401351952205e-110;1.201979176727927e-57;7.890406228942567e-31;5.074832557585595e-19;1.1860759307989313e-10;0.0003395754018804714;0.03638235463247261,,,,,,
MYC,0,0,,,1,0,0,0,,0.05,0.2,0.15,no_shared_direction,0,,0,352,140,36,,,,,,,,
FN1,2,12,SERPINE1;PDCD4,VHL;GAPDH;IGFBP2;TUBA1B;CASP7;G6PD;SQSTM1;EEF2K;PXN;KDR;MYC;GAB2,1,3,3,2,,0.05,0.2,0.2,proxy_dimensions,3,,0,352,140,36,2.1950419654468902e-20;1.3355352934262476e-08;0.008905247457729009,2.093820314111594e-10;0.00982036499619096,,,,,,
RBM15,5,7,INPP4B;HSPA1A;RPS6;MSH6;TP53BP1,VHL;IGFBP2;TUBA1B;SQSTM1;KDR;MYC;GAB2,1,3,3,3,0.03744596322241324,0.05,0.2,0.15,reported,3,0.16417591264215214,1,352,140,36,5.858962500229046e-29;6.973710447311348e-09;0.0003454608177530373;0.11797207933209417;0.6334900504817111;0.49432841041618225,1.9630834524376428e-19;4.895746351560201e-08;0.024579246129385928,0.44411963415475014;0.33235128051282037;0.16417591264215214,0.0304992109078806,True,0.2906770082113974,1.2873063142426215,-0.07677928223399089
EIF4EBP1,4,21,GAPDH;CTNNB1;ASNS;FOXM1,VHL;SERPINE1;IGFBP2;TUBA1B;ANXA1;INPP4B;CASP7;G6PD;SQSTM1;ERBB2;PDCD4;KDR;DIABLO;RPS6;EEF2;MYC;FN1;RBM15;ESR1;ITGA2;SYK,1,4,4,3,0.01436058063710838,0.05,0.4,0.3,conditional_information_dimension,4,0.09349102369450231,0,352,140,36,2.906218239328511e-115;1.3592876187536086e-45;2.145004112148674e-14;5.126900015336052e-05;0.07870197566014588,7.736164816725475e-108;3.144601963496398e-42;7.929777751550054e-12;0.0824677169213912,0.7898467153399066;0.6120638312358387;0.3843431259452427;0.09349102369450231,0.021432282768216526,False,,,
AR,2,21,GAPDH;RAD51,VHL;SERPINE1;IGFBP2;TUBA1B;ANXA1;INPP4B;CASP7;G6PD;SQSTM1;ERBB2;PDCD4;KDR;DIABLO;RPS6;EEF2;MYC;FN1;RBM15;ESR1;ITGA2;SYK,1,3,3,2,,0.05,0.4,0.3,proxy_dimensions,3,,0,352,140,36,5.699773718353359e-66;4.701214241248648e-33;0.003844422903768021,2.9544348990547954e-58;1.0506427469513401e-24,,,,,,
PREX1,6,7,PRKCA;ATM;RAD51;SYK;MSH6;EIF4G1,VHL;IGFBP2;TUBA1B;SQSTM1;KDR;MYC;GAB2,1,4,4,4,0.02428647219555016,0.05,0.2,0.15,reported,4,0.1661432404316279,1,352,140,36,9.479735489971203e-45;1.7244240658060488e-11;2.4083672427925342e-05;0.005131635014317548;0.4656905175186681;0.8967027660704419;0.7933267347568249,3.41198237734263e-45;1.0491635854848719e-08;4.473991182077782e-05;0.022421953365051574,0.6777470553591659;0.30802516030775673;0.26109048392847506;0.1661432404316279,0.019810867257815116,True,0.4219867922261342,0.6454682077130316,-0.016114600663190943
BCL2L11,2,6,CASP7;PRKCA,VHL;TUBA1B;INPP4B;KDR;DIABLO;MYC,1,2,2,2,0.09399030782842233,0.05,0.4,0.25,reported,2,0.21852453046010292,1,352,140,36,1.5212720973215074e-08;0.0215991812462938;0.5055435342884125,6.565170059196352e-11;3.9285740150009737e-05,0.3171882293867549;0.21852453046010292,0.06052779422564284,True,0.42996268811883986,-0.009332126740523649,-0.012638441036410755
ESR1,1,12,RAD51,VHL;GAPDH;IGFBP2;TUBA1B;CASP7;G6PD;SQSTM1;EEF2K;PXN;KDR;MYC;GAB2,1,2,2,1,,0.05,0.2,0.2,proxy_dimensions,2,,0,352,140,36,8.199855790009289e-27;0.004040434167312995,1.6495863231695739e-25,,,,,,
TSC1,4,21,RICTOR;BRAF;PRKCA;CDH2,VHL;SERPINE1;IGFBP2;TUBA1B;ANXA1;INPP4B;CASP7;G6PD;SQSTM1;ERBB2;PDCD4;KDR;DIABLO;RPS6;EEF2;MYC;FN1;RBM15;ESR1;ITGA2;SYK,1,5,5,4,,0.05,0.4,0.3,proxy_dimensions,5,,0,352,140,36,1.0250441229467544e-88;2.206319146647625e-37;1.0032883505372417e-17;7.073540684106788e-08;0.003716888193283977,2.2145461311554938e-54;8.595665667833351e-26;2.049594223702248e-14;6.663017326910409e-05,,,,,,
ITGA2,1,7,SERPINE1,VHL;IGFBP2;TUBA1B;SQSTM1;KDR;MYC;GAB2,1,2,2,1,,0.05,0.2,0.15,proxy_dimensions,2,,0,352,140,36,4.656830220399456e-12;5.709669137898017e-06,1.6489397111027203e-08,,,,,,
SYK,3,6,STAT5A;CASP7;PREX1,VHL;TUBA1B;INPP4B;KDR;DIABLO;MYC,1,3,3,3,0.034220537093753486,0.05,0.4,0.25,reported,3,0.15972672044103775,1,352,140,36,2.144189767207465e-25;6.679467203993325e-08;0.021149969890811415;0.9054750995172731,7.303714444177714e-31;5.915961369810352e-11;0.0028467757460282307,0.5250095484778936;0.34940055231614897;0.15972672044103775,0.0263070413947696,True,0.44309283624222023,1.7928670316951318,0.07743513361206993
GAB2,1,21,STAT5A,VHL;SERPINE1;IGFBP2;TUBA1B;ANXA1;INPP4B;CASP7;G6PD;SQSTM1;ERBB2;PDCD4;KDR;DIABLO;RPS6;EEF2;MYC;FN1;RBM15;ESR1;ITGA2;SYK,1,2,2,1,,0.05,0.4,0.3,proxy_dimensions,2,,0,352,140,36,2.4940099919068156e-45;7.349704704655568e-07,3.0951263320639645e-32,,,,,,
CDH2,5,25,HSPA1A;ACACA;BRAF;TSC1;BAK1,VHL;GAPDH;SERPINE1;IGFBP2;TUBA1B;ANXA1;INPP4B;ASNS;CASP7;G6PD;SQSTM1;PDCD4;EEF2K;PXN;KDR;DIABLO;RPS6;EEF2;MYC;FN1;RBM15;ESR1;ITGA2;GAB2;MSH2,1,6,6,5,,0.05,0.2,0.25,proxy_dimensions,6,,0,352,140,36,5.468815233149942e-105;4.679302770587777e-41;9.951628676345533e-22;7.452202474753503e-09;0.0007468916625531539;0.016468336001949597,7.045939791120517e-67;3.6611533646921186e-28;2.358783757820782e-14;6.261043587409376e-05;0.023652045259963568,,,,,,
MSH6,2,12,CCNB1;MSH2,VHL;GAPDH;IGFBP2;TUBA1B;CASP7;G6PD;SQSTM1;EEF2K;PXN;KDR;MYC;GAB2,1,3,3,2,,0.05,0.2,0.2,proxy_dimensions,3,,0,352,140,36,9.091915018536736e-35;1.955271724200015e-14;2.772964414803526e-07,1.1447794117056593e-24;3.654089852321852e-07,,,,,,
BAK1,1,7,CDH2,VHL;IGFBP2;TUBA1B;SQSTM1;KDR;MYC;GAB2,1,2,2,1,,0.05,0.2,0.15,proxy_dimensions,2,,0,352,140,36,2.6672445339985954e-29;0.00026194060668971485,4.889536059665811e-24,,,,,,
MSH2,1,12,MSH6,VHL;GAPDH;IGFBP2;TUBA1B;CASP7;G6PD;SQSTM1;EEF2K;PXN;KDR;MYC;GAB2,1,2,2,1,,0.05,0.2,0.2,proxy_dimensions,2,,0,352,140,36,4.074747109385798e-26;1.2840256661089739e-08,2.5688367301329317e-08,,,,,,
CCNE1,1,12,CCNB1,VHL;GAPDH;IGFBP2;TUBA1B;CASP7;G6PD;SQSTM1;EEF2K;PXN;KDR;MYC;GAB2,1,2,2,1,,0.05,0.2,0.2,proxy_dimensions,2,,0,352,140,36,1.1704195573021583e-12;5.49745306001457e-06,1.4596593361827073e-07,,,,,,
EIF4G1,5,6,EEF2K;PXN;BRAF;MSH6;TP53BP1,VHL;TUBA1B;INPP4B;KDR;DIABLO;MYC,1,3,3,3,0.04937839954815109,0.05,0.4,0.25,reported,3,0.20400999682966361,2,352,140,36,6.869916827854701e-29;8.611900832367147e-08;0.01612183923107313;0.11589345278137049;0.623852001982734;0.46685512057390266,3.643346884993434e-18;3.696870950059642e-08;0.002189835146602979,0.4246535331536012;0.3138667060765158;0.20400999682966361,0.03661365853172581,True,0.37489845901211705,-4.433622660995548,-0.21471829022294392
TP53BP1,2,7,RBM15;EIF4G1,VHL;IGFBP2;TUBA1B;SQSTM1;KDR;MYC;GAB2,1,2,2,2,0.1083109146273376,0.05,0.2,0.15,reported,2,0.25942760293890194,1,352,140,36,6.187902568555293e-30;1.3927472442638972e-06;0.5002261749387413,1.0343489993617605e-22;9.277310973415825e-07,0.46751702399989437;0.25942760293890194,0.06502143256595905,True,0.37264996842261827,-0.5253146780513561,0.042012427979298654
FOXM1,6,21,GAPDH;MYH11;CCNB1;ASNS;RAD51;EIF4EBP1,VHL;SERPINE1;IGFBP2;TUBA1B;ANXA1;INPP4B;CASP7;G6PD;SQSTM1;ERBB2;PDCD4;KDR;DIABLO;RPS6;EEF2;MYC;FN1;RBM15;ESR1;ITGA2;SYK,1,6,6,5,0.009722402097495836,0.05,0.4,0.3,conditional_information_dimension,6,0.08900963174955649,0,352,140,36,6.264010985127777e-107;3.9898612759825035e-66;1.7088009822523856e-32;3.659207943501246e-13;5.914975376468359e-07;0.03839494957133453;0.5682748542407101,5.7476368829969334e-111;1.5494646681798887e-70;3.176844855460836e-41;1.791512096141347e-19;7.128806179793215e-09;0.09932292615517535,0.7004471068544615;0.6261706914617376;0.5569330679396047;0.4186299931180513;0.336594323322208;0.08900963174955649,0.013417570789520062,False,,,
