exposure,nZ,nW,Z,W,r_pca,r_bridge,r_joint,r_signal,nu,rank_test_level,window_fraction,alpha,joint_pvalues,conditional_pvalues,status,r_grid,conditional_root,eligible_designs,n,events,horizon,conditional_roots,nu_raw,conditional_rank_agreement,min_g,rmst_estimate,survival_estimate
MYH11,3,22,CAV1;RICTOR;COL6A1,VHL;GAPDH;TUBA1B;TFRC;SYK;ANXA1;RAB25;GAB2;ATM;STAT5A;BCL2L11;EEF2K;PDCD4;MAPK1;NF2;MAP2K1;PTEN;TP53;CHEK2;PEA15;EEF2;CDH2,1,4,4,3,,0.04932636236669901,0.2,0.2,1.0939551016269728e-33;6.74695352331215e-14;1.4774660369812013e-07;0.0012963282696798937,1.6997002878040604e-24;2.1615032959377018e-12;6.3152794737740965e-06,proxy_dimensions,4,,0,411,245,36,,,,,,
VHL,2,5,GAB2;KIT,GAPDH;TFRC;MAP2K1;PTEN;TP53,1,3,3,2,,0.04932636236669901,0.4,0.2,1.1614812396377567e-07;0.00016326382788985321;0.0022965619530902824,1.567274861286562e-05;0.004490637767871921,proxy_dimensions,3,,0,411,245,36,,,,,,
GAPDH,0,0,,,1,0,0,0,,0.04932636236669901,0.2,0.15,,,no_shared_direction,0,,0,411,245,36,,,,,,
ESR1,2,12,SERPINE1;AR,VHL;GAPDH;TUBA1B;SYK;ANXA1;GAB2;ATM;BCL2L11;PDCD4;PTEN;TP53;CHEK2,1,3,3,2,,0.04932636236669901,0.2,0.15,8.464901579537277e-32;9.246801924940031e-13;0.003844963188591058,2.217734766699253e-17;0.0003670579933766266,proxy_dimensions,3,,0,411,245,36,,,,,,
TUBA1B,1,5,RBM15,GAPDH;TFRC;MAP2K1;PTEN;TP53,1,2,2,1,,0.04932636236669901,0.4,0.2,6.658423839746392e-08;0.005578673166703665,2.889192194231854e-07,proxy_dimensions,2,,0,411,245,36,,,,,,
TFRC,1,12,CDH1,VHL;GAPDH;TUBA1B;SYK;ANXA1;GAB2;ATM;BCL2L11;PDCD4;PTEN;TP53;CHEK2,1,2,2,1,,0.04932636236669901,0.2,0.15,7.000291037591761e-25;4.617243491413066e-11,5.08660632436378e-15,proxy_dimensions,2,,0,411,245,36,,,,,,
IGFBP2,1,12,LCK,VHL;GAPDH;TUBA1B;SYK;ANXA1;GAB2;ATM;BCL2L11;PDCD4;PTEN;TP53;CHEK2,1,2,2,1,,0.04932636236669901,0.2,0.15,2.045917562410753e-15;0.0034748362752834313,3.773072718329209e-15,proxy_dimensions,2,,0,411,245,36,,,,,,
CLDN7,4,12,CDH1;RAB25;MAP2K1;PRKCA,VHL;GAPDH;TUBA1B;SYK;ANXA1;GAB2;ATM;BCL2L11;PDCD4;PTEN;TP53;CHEK2,1,3,3,3,0.0828899921835869,0.04932636236669901,0.2,0.15,2.771212217242526e-33;3.791442628288682e-16;5.807504715227191e-07;0.13688281884876957;0.22248250095956051,1.52391398988048e-31;4.479292368111101e-19;2.0722260951490214e-08,reported,3,0.28958330845796015,1,411,245,36,0.4202589792979938;0.3811253939045966;0.28958330845796015,0.04949829962798839,True,0.570443908964851,0.5049075553277018,-0.02685434520023719
CCNB1,3,22,CCNE1;SQSTM1;FOXM1,VHL;GAPDH;TUBA1B;TFRC;SYK;ANXA1;RAB25;GAB2;ATM;STAT5A;BCL2L11;EEF2K;PDCD4;MAPK1;NF2;MAP2K1;PTEN;TP53;CHEK2;PEA15;EEF2;CDH2,1,4,4,3,,0.04932636236669901,0.2,0.2,6.542782574256407e-60;1.0935395941308426e-24;9.170743446667072e-10;0.0010102500679842268,2.2535311886727064e-34;3.0012852764173054e-17;4.913718237016824e-08,proxy_dimensions,4,,0,411,245,36,,,,,,
FN1,1,12,SERPINE1,VHL;GAPDH;TUBA1B;SYK;ANXA1;GAB2;ATM;BCL2L11;PDCD4;PTEN;TP53;CHEK2,1,2,2,1,,0.04932636236669901,0.2,0.15,6.999164316921144e-20;0.009616581793459885,6.286505282950797e-06,proxy_dimensions,2,,0,411,245,36,,,,,,
CAV1,5,23,MYH11;BRAF;CHEK2;COL6A1;KIT,VHL;GAPDH;TUBA1B;TFRC;IGFBP2;FN1;SERPINE1;ANXA1;RAB25;GAB2;ATM;FASN;STAT5A;SQSTM1;ERBB2;PDCD4;ACACA;DIABLO;MAP2K1;PTEN;TP53;EEF2;CDH2,1,5,5,4,0.006619562521842018,0.04932636236669901,0.4,0.25,5.63595357786638e-50;1.621733249928534e-20;5.941996949432235e-11;1.494980776667928e-06;0.0020521598116165604;0.31761126081947816,3.637685847163404e-58;3.1086541079830255e-30;3.663199379361301e-19;6.729963730950261e-11;0.4462547853700044,conditional_information_dimension,5,0.03795155139902371,0,411,245,36,0.5778262123644061;0.41007478996657076;0.3560489597844383;0.35096895506571885;0.03795155139902371,0.018759866726048534,False,,,
CDH1,4,12,TFRC;CLDN7;CTNNB1;CDH2,VHL;GAPDH;TUBA1B;SYK;ANXA1;GAB2;ATM;BCL2L11;PDCD4;PTEN;TP53;CHEK2,1,3,3,3,0.06236529107615079,0.04932636236669901,0.2,0.15,1.2877458273876467e-40;1.5045973896265149e-15;8.758772384586502e-06;0.12683102776362656;0.23512139219966952,2.8218957045367267e-39;4.926726707517735e-16;1.7661609307192295e-06,reported,3,0.25193998551424224,2,411,245,36,0.5256546709048919;0.3647199539320793;0.25193998551424224,0.03724864611522321,True,0.6412716852230519,0.3219485544960359,0.10364364023880795
SERPINE1,2,12,ESR1;FN1,VHL;GAPDH;TUBA1B;SYK;ANXA1;GAB2;ATM;BCL2L11;PDCD4;PTEN;TP53;CHEK2,1,3,3,2,,0.04932636236669901,0.2,0.15,2.7159938847701973e-29;3.4859833528036747e-09;0.014540607648402645,9.718393065710474e-16;2.51824485024017e-06,proxy_dimensions,3,,0,411,245,36,,,,,,
HSPA1A,2,5,COL6A1;CDH2,GAPDH;TFRC;MAP2K1;PTEN;TP53,1,2,2,2,0.07217654690474933,0.04932636236669901,0.4,0.2,3.4497089804753396e-14;0.00027118631138433425;0.46171530459906285,7.196055774495383e-15;0.003753589296649604,reported,2,0.14317984354169452,1,411,245,36,0.3820032289166436;0.14317984354169452,0.0493442471845336,True,0.6455937234400226,2.7074075573854453,0.11670624942327094
SYK,4,5,ERBB3;RBM15;COL6A1;KIT,GAPDH;TFRC;MAP2K1;PTEN;TP53,1,3,3,2,0.03440269667445293,0.04932636236669901,0.4,0.2,1.1874974572724947e-16;7.435894489296798e-05;0.042037173462419496;0.08043014486912192;0.5848658205295358,6.406655668437524e-11;3.587404453861695e-05;0.06265610635337775,conditional_information_dimension,3,0.11670363247353442,0,411,245,36,0.3195406350802301;0.24338032343247856;0.11670363247353442,0.03222649450207314,False,,,
ANXA1,1,58,BCL2L11,MYH11;VHL;GAPDH;ESR1;TUBA1B;TFRC;IGFBP2;CLDN7;CCNB1;FN1;CAV1;CDH1;SERPINE1;HSPA1A;SYK;AR;RAB25;CASP7;RICTOR;CCNE1;GAB2;ATM;INPP4B;FASN;CTNNB1;MSH6;STAT5A;MYC;ASNS;SQSTM1;EEF2K;ERBB2;PDCD4;RPS6;ACACA;TP53BP1;TGM2;FOXM1;MSH2;MAPK1;DIABLO;BRAF;ERBB3;NF2;RBM15;MAP2K1;PTEN;TP53;ETS1;CHEK2;PEA15;COL6A1;EEF2;PRKCA;CDH2;KIT;PREX1;LCK,1,2,2,1,,0.04932636236669901,0.2,0.15,4.407364192455799e-35;2.2570564354350483e-07,5.967757007558517e-20,proxy_dimensions,2,,0,411,245,36,,,,,,
AR,5,22,ESR1;MYC;SQSTM1;TGM2;PREX1,VHL;GAPDH;TUBA1B;TFRC;SYK;ANXA1;RAB25;GAB2;ATM;STAT5A;BCL2L11;EEF2K;PDCD4;MAPK1;NF2;MAP2K1;PTEN;TP53;CHEK2;PEA15;EEF2;CDH2,1,6,6,5,,0.04932636236669901,0.2,0.2,6.395389060606558e-67;5.95311866338341e-42;6.383767651867526e-21;4.448751621284598e-13;2.8778040041526984e-05;0.01389505011498335,4.65093719676635e-51;2.4916073604805898e-27;1.278709746390532e-12;5.875689423139199e-05;0.019849726931524328,proxy_dimensions,6,,0,411,245,36,,,,,,
RAB25,1,12,CLDN7,VHL;GAPDH;TUBA1B;SYK;ANXA1;GAB2;ATM;BCL2L11;PDCD4;PTEN;TP53;CHEK2,1,2,2,1,,0.04932636236669901,0.2,0.15,7.91909123265728e-17;0.001161625892099834,9.069978204910138e-16,proxy_dimensions,2,,0,411,245,36,,,,,,
CASP7,1,32,LCK,VHL;GAPDH;TUBA1B;TFRC;IGFBP2;SYK;ANXA1;RAB25;GAB2;ATM;FASN;STAT5A;ASNS;BCL2L11;SQSTM1;EEF2K;ERBB2;PDCD4;ACACA;TGM2;MAPK1;DIABLO;NF2;RBM15;MAP2K1;PTEN;TP53;CHEK2;PEA15;EEF2;CDH2;KIT,1,2,2,1,,0.04932636236669901,0.2,0.25,5.825015921665857e-32;0.009318912326174914,8.650178224233525e-25,proxy_dimensions,2,,0,411,245,36,,,,,,
RICTOR,2,12,MYH11;EEF2,VHL;GAPDH;TUBA1B;SYK;ANXA1;GAB2;ATM;BCL2L11;PDCD4;PTEN;TP53;CHEK2,1,3,3,2,,0.04932636236669901,0.2,0.15,1.6047497641305914e-22;2.8112917936427565e-08;0.0003724060791039635,1.2631777523951892e-20;2.8731876026489174e-06,proxy_dimensions,3,,0,411,245,36,,,,,,
CCNE1,3,23,CCNB1;BCL2L11;CHEK2,VHL;GAPDH;TUBA1B;TFRC;IGFBP2;FN1;SERPINE1;ANXA1;RAB25;GAB2;ATM;FASN;STAT5A;SQSTM1;ERBB2;PDCD4;ACACA;DIABLO;MAP2K1;PTEN;TP53;EEF2;CDH2,1,4,4,3,,0.04932636236669901,0.4,0.25,1.857733686174976e-48;1.6093428716455668e-18;1.0700363819873527e-07;0.004460949878248613,6.360771212337098e-36;8.691778836068275e-14;0.0035604558352357028,proxy_dimensions,4,,0,411,245,36,,,,,,
GAB2,2,5,VHL;BRAF,GAPDH;TFRC;MAP2K1;PTEN;TP53,1,2,2,2,0.10321233810349277,0.04932636236669901,0.4,0.2,1.891972289503227e-08;0.004070254032509141;0.9013075827644204,3.0827317765924695e-10;7.695112633999089e-06,reported,2,0.21943976025076162,1,411,245,36,0.2683977017116645;0.21943976025076162,0.06331687706137358,True,0.5916010227665048,1.7457463957084463,0.06772109225270223
ATM,2,5,RPS6;MSH2,GAPDH;TFRC;MAP2K1;PTEN;TP53,1,2,2,1,0.014575548091659389,0.04932636236669901,0.4,0.2,2.7117293280973173e-16;5.3216286820928735e-09;0.09604435315020993,1.0812718148888578e-10;0.5017949391786963,conditional_information_dimension,2,0.033345603890946686,0,411,245,36,0.34709270223607713;0.033345603890946686,0.036890658489731935,False,,,
INPP4B,2,12,FOXM1;ERBB3,VHL;GAPDH;TUBA1B;SYK;ANXA1;GAB2;ATM;BCL2L11;PDCD4;PTEN;TP53;CHEK2,1,3,3,2,,0.04932636236669901,0.2,0.15,5.2063124323960275e-28;1.752532772863381e-09;0.015488827759260377,2.2303528912171004e-20;0.0009837640138182777,proxy_dimensions,3,,0,411,245,36,,,,,,
FASN,1,22,ACACA,VHL;GAPDH;TUBA1B;TFRC;SYK;ANXA1;RAB25;GAB2;ATM;STAT5A;BCL2L11;EEF2K;PDCD4;MAPK1;NF2;MAP2K1;PTEN;TP53;CHEK2;PEA15;EEF2;CDH2,1,2,2,1,,0.04932636236669901,0.2,0.2,2.4407884073101944e-14;0.0002612567533481569,2.259715402345171e-05,proxy_dimensions,2,,0,411,245,36,,,,,,
CTNNB1,5,32,CDH1;TP53BP1;RBM15;ETS1;LCK,VHL;GAPDH;TUBA1B;TFRC;IGFBP2;FN1;SERPINE1;ANXA1;RAB25;GAB2;ATM;FASN;STAT5A;ASNS;BCL2L11;SQSTM1;EEF2K;ERBB2;PDCD4;ACACA;TGM2;MAPK1;DIABLO;NF2;MAP2K1;PTEN;TP53;CHEK2;PEA15;EEF2;CDH2;KIT,1,6,6,5,,0.04932636236669901,0.4,0.3,3.60024801424375e-114;2.7931668987064553e-62;8.368180322611077e-35;4.955438665752848e-19;3.729023953197587e-07;0.003440872661873482,8.281983635413965e-83;3.889843313936458e-45;3.0810790891151707e-25;6.31477345873619e-10;4.112973741648299e-05,proxy_dimensions,6,,0,411,245,36,,,,,,
MSH6,3,12,CTNNB1;FOXM1;MSH2,VHL;GAPDH;TUBA1B;SYK;ANXA1;GAB2;ATM;BCL2L11;PDCD4;PTEN;TP53;CHEK2,1,4,4,3,,0.04932636236669901,0.2,0.15,2.6040660487674e-62;1.806578713553061e-26;2.196979406924807e-11;0.0033349404785278204,1.598480762414233e-38;1.3227358586167184e-20;5.493175636819912e-09,proxy_dimensions,4,,0,411,245,36,,,,,,
STAT5A,2,12,CDH2;PREX1,VHL;GAPDH;TUBA1B;SYK;ANXA1;GAB2;ATM;BCL2L11;PDCD4;PTEN;TP53;CHEK2,1,2,2,1,0.019398938319332756,0.04932636236669901,0.2,0.15,2.262999796260114e-18;2.494523667308467e-07;0.10123954002811265,3.8155905614983994e-10;0.39985057693182124,conditional_information_dimension,2,0.0417896954939645,0,411,245,36,0.3379475874340891;0.0417896954939645,0.03842790995986662,False,,,
MYC,3,12,AR;ACACA;ERBB3,VHL;GAPDH;TUBA1B;SYK;ANXA1;GAB2;ATM;BCL2L11;PDCD4;PTEN;TP53;CHEK2,1,4,4,3,,0.04932636236669901,0.2,0.15,1.079363714447698e-22;1.6548070185700555e-13;2.2335834239619598e-08;0.002861692377938525,4.540118149036817e-19;2.2098250669225184e-12;2.703184562818249e-07,proxy_dimensions,4,,0,411,245,36,,,,,,
ASNS,5,5,CCNB1;CAV1;ACACA;CHEK2;PRKCA,GAPDH;TFRC;MAP2K1;PTEN;TP53,1,2,2,2,0.1010285810575964,0.04932636236669901,0.4,0.2,1.1668075453199407e-23;3.125100725514524e-09;0.07171487325470323;0.30648090366217673;0.8496153899978142,5.774777920313147e-25;3.06219922670451e-10,reported,2,0.3422858075327162,1,411,245,36,0.44463334278069033;0.3422858075327162,0.0660844293174538,True,0.6339442681133848,-0.6755386981397237,0.012230693857683297
BCL2L11,4,5,ANXA1;CCNE1;INPP4B;PRKCA,GAPDH;TFRC;MAP2K1;PTEN;TP53,1,2,2,2,0.0927534093720379,0.04932636236669901,0.4,0.2,1.2532972982845574e-12;4.8559545451781846e-05;0.10988325625336423;0.44425723068983913;0.5333389532054988,2.8733138549947224e-16;6.665472107540974e-07,reported,2,0.2737193984086285,1,411,245,36,0.36993033725428454;0.2737193984086285,0.06189991972233494,True,0.5719992778673256,-0.23037974255967067,0.005117164342357817
SQSTM1,2,12,CCNB1;AR,VHL;GAPDH;TUBA1B;SYK;ANXA1;GAB2;ATM;BCL2L11;PDCD4;PTEN;TP53;CHEK2,1,3,3,2,,0.04932636236669901,0.2,0.15,2.0326038718296646e-36;9.338639531735248e-15;2.4242126990583754e-06,2.6102038838155666e-33;7.50423536700369e-11,proxy_dimensions,3,,0,411,245,36,,,,,,
EEF2K,3,5,BRAF;EEF2;KIT,GAPDH;TFRC;MAP2K1;PTEN;TP53,1,3,3,2,0.028243218075834884,0.04932636236669901,0.4,0.2,2.3329876434155603e-15;0.00010658065134090526;0.01492290873175153;0.15860936958173474,4.1825541664328123e-16;0.00015118094359791711;0.11012499800909978,conditional_information_dimension,3,0.07931085300291603,0,411,245,36,0.3994739119695023;0.2199709345634545;0.07931085300291603,0.0312570910937045,False,,,
ERBB2,1,22,LCK,VHL;GAPDH;TUBA1B;TFRC;SYK;ANXA1;RAB25;GAB2;ATM;STAT5A;BCL2L11;EEF2K;PDCD4;MAPK1;NF2;MAP2K1;PTEN;TP53;CHEK2;PEA15;EEF2;CDH2,1,2,2,1,,0.04932636236669901,0.2,0.2,3.901944666570149e-26;0.00019210947674676594,2.4787182942611945e-24,proxy_dimensions,2,,0,411,245,36,,,,,,
PDCD4,1,5,FASN,GAPDH;TFRC;MAP2K1;PTEN;TP53,1,1,1,0,0.09083814116069072,0.04932636236669901,0.4,0.2,0.0021585955932963683;0.9732782306949053,0.0664672294877126,conditional_information_dimension,1,0.09083814116069074,0,411,245,36,0.09083814116069074,0.04255509044738136,False,,,
RPS6,2,12,MSH2;COL6A1,VHL;GAPDH;TUBA1B;SYK;ANXA1;GAB2;ATM;BCL2L11;PDCD4;PTEN;TP53;CHEK2,1,3,3,2,,0.04932636236669901,0.2,0.15,1.5362204775558076e-41;8.253448565098596e-10;2.3056930892764142e-05,5.279497406134537e-26;4.497314395588237e-06,proxy_dimensions,3,,0,411,245,36,,,,,,
ACACA,3,22,FASN;MYC;ASNS,VHL;GAPDH;TUBA1B;TFRC;SYK;ANXA1;RAB25;GAB2;ATM;STAT5A;BCL2L11;EEF2K;PDCD4;MAPK1;NF2;MAP2K1;PTEN;TP53;CHEK2;PEA15;EEF2;CDH2,1,4,4,3,,0.04932636236669901,0.2,0.2,6.272241655516639e-29;1.1777201878117702e-17;2.36877853338965e-07;0.022887476925351164,1.9924780682999156e-21;1.9107918328585214e-10;0.006641950511658385,proxy_dimensions,4,,0,411,245,36,,,,,,
TP53BP1,3,22,CTNNB1;DIABLO;LCK,VHL;GAPDH;TUBA1B;TFRC;SYK;ANXA1;RAB25;GAB2;ATM;STAT5A;BCL2L11;EEF2K;PDCD4;MAPK1;NF2;MAP2K1;PTEN;TP53;CHEK2;PEA15;EEF2;CDH2,1,4,4,3,,0.04932636236669901,0.2,0.2,6.255078421036888e-57;5.070326018864914e-22;1.7833639773404746e-07;0.0032307588957576675,8.218328758687416e-40;2.5597408186075004e-20;1.861973503054017e-05,proxy_dimensions,4,,0,411,245,36,,,,,,
TGM2,4,5,ANXA1;AR;MSH6;PEA15,GAPDH;TFRC;MAP2K1;PTEN;TP53,1,4,4,3,0.0054628954190126845,0.04932636236669901,0.4,0.2,5.170016284336509e-20;2.091836310663317e-09;4.1425101246023356e-05;0.04018681418100961;0.21373814678619157,1.6292865368688797e-17;5.476584766469809e-09;0.0002947198109236398;0.6618839582922784,conditional_information_dimension,4,0.021768059846535244,0,411,245,36,0.3737845111192818;0.2908344888494259;0.22501914094569755;0.021768059846535244,0.015007277480373815,False,,,
FOXM1,3,12,CCNB1;INPP4B;MSH6,VHL;GAPDH;TUBA1B;SYK;ANXA1;GAB2;ATM;BCL2L11;PDCD4;PTEN;TP53;CHEK2,1,4,4,3,,0.04932636236669901,0.2,0.15,1.2147031602694167e-42;5.5179656830848143e-17;1.6022315473007391e-06;0.013447661119844002,3.3340002090148144e-23;1.70075410701807e-09;0.00041702633208824924,proxy_dimensions,4,,0,411,245,36,,,,,,
MSH2,2,12,MSH6;RPS6,VHL;GAPDH;TUBA1B;SYK;ANXA1;GAB2;ATM;BCL2L11;PDCD4;PTEN;TP53;CHEK2,1,3,3,2,,0.04932636236669901,0.2,0.15,6.54467530638789e-45;2.1038051977071435e-12;1.176437306133866e-05,5.064083577300655e-19;5.360227704894858e-08,proxy_dimensions,3,,0,411,245,36,,,,,,
MAPK1,2,12,NF2;PEA15,VHL;GAPDH;TUBA1B;SYK;ANXA1;GAB2;ATM;BCL2L11;PDCD4;PTEN;TP53;CHEK2,1,3,3,2,,0.04932636236669901,0.2,0.15,5.053203194227247e-33;2.1589594281343064e-16;0.016105593906198246,1.8717078161826687e-20;1.6777989096491864e-06,proxy_dimensions,3,,0,411,245,36,,,,,,
DIABLO,1,12,TP53BP1,VHL;GAPDH;TUBA1B;SYK;ANXA1;GAB2;ATM;BCL2L11;PDCD4;PTEN;TP53;CHEK2,1,2,2,1,,0.04932636236669901,0.2,0.15,2.807531267427867e-21;0.0008562353902900245,3.2696397280227914e-17,proxy_dimensions,2,,0,411,245,36,,,,,,
BRAF,3,12,CAV1;EEF2K;ETS1,VHL;GAPDH;TUBA1B;SYK;ANXA1;GAB2;ATM;BCL2L11;PDCD4;PTEN;TP53;CHEK2,1,3,3,3,0.06187519508853729,0.04932636236669901,0.2,0.15,1.0464768309893046e-33;3.8388942908515815e-11;0.00040000497738623713;0.12485500196344056,1.4407906272615222e-27;6.400076196951313e-10;5.1040653404831576e-05,reported,3,0.19938526733070508,2,411,245,36,0.4683404606400025;0.27744303761976635;0.19938526733070508,0.04054361227597667,True,0.5179552789259759,0.9291962812766236,0.10524321057333494
ERBB3,5,22,INPP4B;MYC;ETS1;COL6A1;PRKCA,VHL;GAPDH;TUBA1B;TFRC;SYK;ANXA1;RAB25;GAB2;ATM;STAT5A;BCL2L11;EEF2K;PDCD4;MAPK1;NF2;MAP2K1;PTEN;TP53;CHEK2;PEA15;EEF2;CDH2,1,6,6,5,,0.04932636236669901,0.2,0.2,3.1499470398512855e-70;4.907314308746193e-40;1.0189838582714104e-17;1.142130902875339e-08;0.0004816616149529077;0.01068495218213654,3.6557417248880284e-63;2.1173269051193108e-35;7.602179025800353e-17;2.7234804704224967e-07;0.0051368653346508895,proxy_dimensions,6,,0,411,245,36,,,,,,
NF2,1,12,MAPK1,VHL;GAPDH;TUBA1B;SYK;ANXA1;GAB2;ATM;BCL2L11;PDCD4;PTEN;TP53;CHEK2,1,2,2,1,,0.04932636236669901,0.2,0.15,1.514230673406658e-20;0.001064859354143989,1.925106261709532e-09,proxy_dimensions,2,,0,411,245,36,,,,,,
RBM15,2,23,CTNNB1;MSH6,VHL;GAPDH;TUBA1B;TFRC;IGFBP2;FN1;SERPINE1;ANXA1;RAB25;GAB2;ATM;FASN;STAT5A;SQSTM1;ERBB2;PDCD4;ACACA;DIABLO;MAP2K1;PTEN;TP53;EEF2;CDH2,1,3,3,2,,0.04932636236669901,0.4,0.25,1.8099179511768576e-56;2.685230628284941e-11;0.003973015053070493,3.064168240350768e-22;3.3547184336162975e-06,proxy_dimensions,3,,0,411,245,36,,,,,,
MAP2K1,1,12,CLDN7,VHL;GAPDH;TUBA1B;SYK;ANXA1;GAB2;ATM;BCL2L11;PDCD4;PTEN;TP53;CHEK2,1,2,2,1,,0.04932636236669901,0.2,0.15,1.819797119637347e-18;0.0004826965849204207,1.525996100840103e-16,proxy_dimensions,2,,0,411,245,36,,,,,,
PTEN,0,0,,,1,0,0,0,,0.04932636236669901,0.2,0.15,,,no_shared_direction,0,,0,411,245,36,,,,,,
TP53,0,0,,,1,0,0,0,,0.04932636236669901,0.2,0.15,,,no_shared_direction,0,,0,411,245,36,,,,,,
ETS1,3,5,CTNNB1;BRAF;ERBB3,GAPDH;TFRC;MAP2K1;PTEN;TP53,1,4,4,2,,0.04932636236669901,0.4,0.2,1.0365235454559865e-15;0.00014500801332149892;0.00524643468471689;0.03181138661795868,1.9653077957617024e-15;0.0007844307993823626;0.049727952942895406,proxy_dimensions,4,,0,411,245,36,,,,,,
CHEK2,3,23,CAV1;CCNE1;ASNS,VHL;GAPDH;TUBA1B;TFRC;IGFBP2;FN1;SERPINE1;ANXA1;RAB25;GAB2;ATM;FASN;STAT5A;SQSTM1;ERBB2;PDCD4;ACACA;DIABLO;MAP2K1;PTEN;TP53;EEF2;CDH2,1,4,4,3,,0.04932636236669901,0.4,0.25,7.63686823998744e-43;2.4726473568287233e-14;6.288978624248537e-08;0.017920324082644178,4.40004280821018e-26;9.150581122951502e-11;0.0002297600402508692,proxy_dimensions,4,,0,411,245,36,,,,,,
PEA15,2,12,TGM2;MAPK1,VHL;GAPDH;TUBA1B;SYK;ANXA1;GAB2;ATM;BCL2L11;PDCD4;PTEN;TP53;CHEK2,1,3,3,2,,0.04932636236669901,0.2,0.15,1.5179248806512298e-29;1.954368117820691e-15;0.00016525549263038367,7.144640956697035e-18;0.00029348595413092673,proxy_dimensions,3,,0,411,245,36,,,,,,
COL6A1,6,23,MYH11;CAV1;HSPA1A;SYK;RPS6;ERBB3,VHL;GAPDH;TUBA1B;TFRC;IGFBP2;FN1;SERPINE1;ANXA1;RAB25;GAB2;ATM;FASN;STAT5A;SQSTM1;ERBB2;PDCD4;ACACA;DIABLO;MAP2K1;PTEN;TP53;EEF2;CDH2,1,7,7,6,,0.04932636236669901,0.4,0.25,4.310519028597427e-56;2.5238117733983952e-34;2.4025023480336643e-21;4.279580406959168e-15;2.727096661650736e-09;7.139833993985872e-05;0.004005264302404253,1.544077835045286e-43;1.844102224511261e-27;3.148986280266656e-17;1.8090156962818095e-11;6.946508577451195e-06;0.005334497176445217,proxy_dimensions,7,,0,411,245,36,,,,,,
EEF2,2,12,RICTOR;EEF2K,VHL;GAPDH;TUBA1B;SYK;ANXA1;GAB2;ATM;BCL2L11;PDCD4;PTEN;TP53;CHEK2,1,3,3,2,,0.04932636236669901,0.2,0.15,3.355260751065213e-19;3.216399682128124e-10;0.0003562880910245404,5.759747153731134e-10;0.00029012944990293687,proxy_dimensions,3,,0,411,245,36,,,,,,
PRKCA,6,5,CLDN7;CCNB1;ASNS;BCL2L11;ERBB3;KIT,GAPDH;TFRC;MAP2K1;PTEN;TP53,1,4,4,3,0.014980924457885254,0.04932636236669901,0.4,0.2,1.8047208879890737e-24;1.1971326195799499e-11;0.00017261452220559918;0.015547813144970906;0.12913705382663876,3.0526838147697336e-17;0.0001995098029552418;0.038708722370646195;0.4151465718125341,conditional_information_dimension,4,0.08401551431723513,0,411,245,36,0.4510496095642276;0.25042623877460524;0.18106045177912797;0.08401551431723513,0.023266550443086075,False,,,
CDH2,3,12,CDH1;HSPA1A;STAT5A,VHL;GAPDH;TUBA1B;SYK;ANXA1;GAB2;ATM;BCL2L11;PDCD4;PTEN;TP53;CHEK2,1,3,3,3,0.03210784779146053,0.04932636236669901,0.2,0.15,4.011783939164088e-30;7.318496370693993e-11;0.01947657419997835;0.06316369107357497,4.216943113805974e-40;1.4652455155098352e-15;0.023354179730852336,reported,3,0.11238973374186742,1,411,245,36,0.5300285512613028;0.3999045595065774;0.11238973374186742,0.029277979954318002,True,0.5904983712489755,1.697223072232773,0.11953286287323431
KIT,5,5,VHL;CAV1;SYK;EEF2K;PRKCA,GAPDH;TFRC;MAP2K1;PTEN;TP53,1,4,4,3,0.010722262339095538,0.04932636236669901,0.4,0.2,1.6690257542221034e-30;3.3173766542387595e-17;1.4627328327144692e-05;0.036173793645353704;0.11011453963508977,3.545571789058325e-29;2.985319961640373e-15;1.800438730791535e-05;0.5458599820840272,conditional_information_dimension,4,0.05477154261782305,0,411,245,36,0.4497180736642465;0.3845548510526867;0.2702623907551392;0.05477154261782305,0.018109536690082032,False,,,
PREX1,3,5,AR;CTNNB1;LCK,GAPDH;TFRC;MAP2K1;PTEN;TP53,1,4,4,3,,0.04932636236669901,0.4,0.2,2.6180850458416106e-20;1.4570574381035703e-09;4.2242784839129335e-05;0.021145961485927824,5.413127389675572e-19;5.679340542463412e-08;0.00040835846799049493,proxy_dimensions,4,,0,411,245,36,,,,,,
LCK,5,22,IGFBP2;CASP7;ERBB2;TP53BP1;PREX1,VHL;GAPDH;TUBA1B;TFRC;SYK;ANXA1;RAB25;GAB2;ATM;STAT5A;BCL2L11;EEF2K;PDCD4;MAPK1;NF2;MAP2K1;PTEN;TP53;CHEK2;PEA15;EEF2;CDH2,1,5,5,4,0.004028125621121566,0.04932636236669901,0.2,0.2,2.037707438361486e-50;1.7570758715707256e-23;1.7453301873422266e-08;0.0006460287171487388;0.033539881444722225;0.16140188537712397,2.468612577183884e-48;1.949549228899784e-27;4.271893103098432e-13;5.315176356416821e-06;0.6372267969699539,conditional_information_dimension,5,0.023502399397021503,0,411,245,36,0.523255582068511;0.4482868414304012;0.3354466797706825;0.26628025774436487;0.023502399397021503,0.020352021014131704,False,,,
