exposure,nZ,nW,Z,W,r_pca,r_bridge,r_joint,r_signal,nu,rank_test_level,window_fraction,alpha,status,r_grid,conditional_root,eligible_designs,replicate,reference_joint_dimension,joint_pvalues,conditional_pvalues,conditional_roots,nu_raw,conditional_rank_agreement,rmst_estimate,survival_estimate
KDR,0,0,,,1,0,0,0,,0.05,0.2,0.15,boundary_readout_dimension,0,,0,0,1,,,,,,,
KDR,2,9,CTNNB1;INPP4B,SERPINE1;TUBA1B;PDCD4;TP53;MYC;FN1;ESR1;ITGA2;MSH2,2,3,3,2,,0.05,0.4,0.2,proxy_dimensions,3,,0,1,3,2.352116467954567e-40;6.250330318224494e-11;0.04331071523798099,1.3036578758696322e-32;0.010318937269525959,,,,,
KDR,2,4,SERPINE1;INPP4B,VHL;EEF2;MYC;MSH2,2,2,2,2,0.047165445831421654,0.05,0.4,0.2,reported,2,0.11041515103107068,1,2,2,5.763397227558609e-16;8.997802208419843e-05;0.21668188277883005,2.8390097746136873e-08;0.039527493155149925,0.31723530740471584;0.11041515103107068,0.04500819249359122,True,1.5976934949714303,-0.1369973982440423
KDR,2,18,GAPDH;KIT,VHL;SERPINE1;TUBA1B;INPP4B;ASNS;CASP7;G6PD;TGM2;ERBB2;PDCD4;TP53;PXN;MYC;FN1;ITGA2;SYK;CCNE1;TP53BP1,1,3,3,2,,0.05,0.2,0.15,proxy_dimensions,3,,0,3,3,3.7534208498187394e-69;7.747079500986155e-31;1.0736404507681964e-09,7.624958200499375e-48;2.1041568505351914e-09,,,,,
KDR,1,1,CTNNB1,MYC,1,1,1,1,0.14246332168747344,0.05,0.4,0.15,boundary_readout_dimension,1,0.14246332168747344,1,4,2,0.0022102344251414764,0.007687610380583972,0.14246332168747344,0.14246332168747344,True,,
KDR,2,19,CTNNB1;CASP7,VHL;GAPDH;CAV1;SERPINE1;IGFBP2;TUBA1B;ANXA1;INPP4B;ASNS;G6PD;TGM2;SQSTM1;PDCD4;EEF2;MYC;FN1;ESR1;ITGA2;CCNE1,1,3,3,2,,0.05,0.2,0.15,proxy_dimensions,3,,0,5,3,9.320113412338716e-76;1.4088726831163612e-30;3.269310656895318e-13,7.212308463094897e-59;3.5179786858009993e-19,,,,,
KDR,3,5,ANXA1;CTNNB1;TP53,TUBA1B;EEF2K;EEF2;MYC;CCNE1,1,3,3,3,0.055762238758636645,0.05,0.4,0.2,reported,3,0.18348373227548226,1,6,3,3.9025239751195006e-37;1.955198834277927e-05;0.02113357828249767;0.4870648124415704,2.67000193326041e-32;6.431918162524636e-07;0.0005930202044658781,0.5735576574919988;0.25152058857148046;0.18348373227548226,0.04599985229898728,True,0.36912586538868436,-0.017375046653547277
KDR,0,0,,,1,0,0,0,,0.05,0.2,0.15,no_shared_direction,0,,0,7,0,,,,,,,
KDR,2,17,G6PD;FOXM1,VHL;GAPDH;TUBA1B;INPP4B;SQSTM1;ERBB2;TP53;DIABLO;BRAF;ETS1;MYC;RBM15;ESR1;ITGA2;GAB2;EIF4G1;TP53BP1,1,3,3,2,,0.05,0.2,0.15,proxy_dimensions,3,,0,8,3,1.0930809762259863e-79;3.047607204860557e-30;2.678931159560645e-09,5.139209275053114e-58;3.4895757421287405e-09,,,,,
KDR,4,9,ANXA1;INPP4B;TP53;FOXM1,GAPDH;TUBA1B;CASP7;G6PD;SQSTM1;ERBB2;MYC;RBM15;CCNE1,1,5,5,4,,0.05,0.2,0.15,proxy_dimensions,5,,0,9,5,9.331347665763505e-56;9.328240339337391e-19;2.9733611120021995e-11;0.0012615261667693056;0.022137275876854212,1.2672341885319385e-47;3.8756013899161226e-11;0.0010539844608764277;0.039905234480506896,,,,,
KDR,1,2,KIT,TUBA1B;ITGA2,1,2,2,1,,0.05,0.4,0.2,proxy_dimensions,2,,0,10,2,1.8291768105519893e-13;0.01501569581882916,0.04450982646456703,,,,,
KDR,1,15,KIT,TUBA1B;ANXA1;INPP4B;ASNS;CASP7;TGM2;ERBB2;PXN;BRAF;EEF2;BCL2L11;ESR1;ITGA2;SYK;BAK1,1,2,2,1,,0.05,0.2,0.15,proxy_dimensions,2,,0,11,2,1.0045789932989612e-32;3.878806618978353e-09,1.0809200492220216e-11,,,,,
KDR,2,4,ANXA1;PREX1,VHL;TUBA1B;EEF2;MYC,1,2,2,2,0.10175515680119086,0.05,0.4,0.2,reported,2,0.23636364822299002,2,12,2,1.1978001360104506e-12;7.64924809326153e-05;0.12659275810653395,3.911410976201994e-10;8.321819827101341e-06,0.2882556426816951;0.23636364822299002,0.07564323610682576,True,0.1107396730674988,0.054775534973009944
KDR,2,10,ANXA1;INPP4B,VHL;CASP7;G6PD;ERBB2;PDCD4;TP53;PXN;EEF2;MYC;ITGA2,4,3,3,2,,0.05,0.2,0.15,proxy_dimensions,3,,0,13,3,3.31021448822737e-27;2.375963041336564e-09;0.0005115270850335272,1.0604986107067876e-10;1.5667799699774264e-05,,,,,
KDR,1,10,TP53,VHL;TUBA1B;ANXA1;TGM2;SQSTM1;MYC;ITGA2;SYK;GAB2;CCNE1,1,2,2,1,,0.05,0.4,0.25,proxy_dimensions,2,,0,14,2,1.0222070662345126e-18;2.2614362064616102e-05,3.965633609640545e-09,,,,,
KDR,2,3,ETS1;PREX1,VHL;TUBA1B;MYC,1,2,2,1,0.05511502968677015,0.05,0.4,0.2,conditional_information_dimension,2,0.09569916623645319,0,15,2,3.93032728922957e-10;0.013973611218080103;0.48888742104404814,4.0835861767802874e-05;0.07460033502429325,0.24985626801534516;0.09569916623645319,0.047046038574902756,False,,
KDR,3,2,TUBA1B;G6PD;PREX1,MYC;ESR1,1,2,2,2,0.07764443377720402,0.05,0.4,0.2,reported,2,0.18645300920229443,1,16,2,5.111042629035039e-07;0.00045383247234457913,1.0575323251208067e-06;0.002234726845326956,0.2690649645072541;0.18645300920229443,0.0776444337772041,True,-1.5473817015668108,-0.06000741093460665
KDR,1,54,ANXA1,VHL;GAPDH;MYH11;CAV1;SERPINE1;TUBA1B;CLDN7;CTNNB1;CCNB1;FASN;TFRC;STAT5A;INPP4B;CDH1;ASNS;CASP7;G6PD;KIT;HSPA1A;TGM2;SQSTM1;ERBB2;RAB25;PDCD4;ACACA;TP53;EEF2K;PXN;DIABLO;BRAF;ETS1;PRKCA;EEF2;ATM;RAD51;MYC;FN1;RBM15;AR;PREX1;BCL2L11;ESR1;TSC1;ITGA2;SYK;GAB2;CDH2;MSH6;BAK1;MSH2;CCNE1;EIF4G1;TP53BP1;FOXM1,1,2,2,1,,0.05,0.4,0.2,proxy_dimensions,2,,0,17,2,4.776037978556315e-66;5.69927763001763e-15,1.21092813375676e-22,,,,,
KDR,1,55,ANXA1,VHL;GAPDH;MYH11;CAV1;SERPINE1;IGFBP2;TUBA1B;CLDN7;CTNNB1;CCNB1;FASN;TFRC;STAT5A;INPP4B;CDH1;ASNS;CASP7;G6PD;KIT;HSPA1A;TGM2;SQSTM1;ERBB2;RAB25;PDCD4;ACACA;TP53;EEF2K;PXN;DIABLO;BRAF;ETS1;PRKCA;EEF2;ATM;RAD51;MYC;FN1;RBM15;AR;PREX1;BCL2L11;ESR1;TSC1;ITGA2;SYK;GAB2;CDH2;MSH6;BAK1;MSH2;CCNE1;EIF4G1;TP53BP1;FOXM1,4,2,2,1,,0.05,0.2,0.15,proxy_dimensions,2,,0,18,2,4.452065277648967e-71;5.889931828482986e-19,2.6942981182939253e-21,,,,,
KDR,2,1,G6PD;PXN,MYC,1,1,1,1,0.12710535672643808,0.05,0.4,0.15,reported,1,0.18639834203338354,1,19,1,0.006064930630891287,0.0022035737643666046,0.18639834203338354,0.12710535672643808,True,0.099759786624226,0.0673576410860287
KDR,1,54,G6PD,VHL;GAPDH;MYH11;CAV1;SERPINE1;IGFBP2;TUBA1B;ANXA1;CLDN7;CTNNB1;CCNB1;FASN;TFRC;STAT5A;INPP4B;CDH1;ASNS;CASP7;KIT;HSPA1A;TGM2;SQSTM1;ERBB2;RAB25;PDCD4;ACACA;TP53;EEF2K;PXN;DIABLO;BRAF;ETS1;PRKCA;EEF2;ATM;RAD51;MYC;FN1;RBM15;AR;PREX1;BCL2L11;TSC1;ITGA2;SYK;GAB2;CDH2;MSH6;BAK1;MSH2;CCNE1;EIF4G1;TP53BP1;FOXM1,1,2,2,1,,0.05,0.4,0.2,proxy_dimensions,2,,0,20,2,3.462066742019522e-64;7.373645405818286e-29,1.733942298573381e-28,,,,,
KDR,1,2,KIT,EEF2K;MYC,1,1,1,0,0.014407028954741719,0.05,0.4,0.15,conditional_information_dimension,1,0.014407028954741717,0,21,1,1.3247932135479408e-09;0.11879139246671179,0.7885502172565173,0.014407028954741717,0.06219659303077581,False,,
KDR,1,12,CTNNB1,VHL;IGFBP2;TUBA1B;ANXA1;ASNS;ERBB2;PDCD4;TP53;EEF2;BCL2L11;GAB2;CCNE1,2,2,2,1,,0.05,0.2,0.15,proxy_dimensions,2,,0,22,2,1.3378285176648046e-60;3.185450340164661e-05,1.58590737786147e-47,,,,,
KDR,1,12,CTNNB1,VHL;SERPINE1;IGFBP2;TUBA1B;ANXA1;ERBB2;DIABLO;EEF2;MYC;FN1;ITGA2;SYK,1,2,2,1,,0.05,0.4,0.25,proxy_dimensions,2,,0,23,2,3.5989991576071787e-69;3.6093808820182227e-09,1.3985492449125543e-62,,,,,
KDR,2,19,CTNNB1;PXN,GAPDH;TUBA1B;TFRC;INPP4B;G6PD;HSPA1A;PDCD4;TP53;BRAF;MYC;RBM15;BCL2L11;ESR1;TSC1;GAB2;CDH2;CCNE1;EIF4G1;TP53BP1,1,3,3,2,,0.05,0.2,0.15,proxy_dimensions,3,,0,24,3,1.8378000804416783e-74;1.1529514780451556e-15;1.4166492994152038e-06,5.191963791126218e-54;2.2397543518697567e-11,,,,,
KDR,1,55,ANXA1,VHL;GAPDH;MYH11;CAV1;SERPINE1;IGFBP2;TUBA1B;CLDN7;CTNNB1;CCNB1;FASN;TFRC;STAT5A;INPP4B;CDH1;ASNS;CASP7;G6PD;KIT;HSPA1A;TGM2;SQSTM1;ERBB2;RAB25;PDCD4;ACACA;TP53;EEF2K;PXN;DIABLO;BRAF;ETS1;PRKCA;EEF2;ATM;RAD51;MYC;FN1;RBM15;AR;PREX1;BCL2L11;ESR1;TSC1;ITGA2;SYK;GAB2;CDH2;MSH6;BAK1;MSH2;CCNE1;EIF4G1;TP53BP1;FOXM1,1,2,2,1,,0.05,0.2,0.15,proxy_dimensions,2,,0,25,2,3.53751298546828e-66;1.856176928568575e-22,2.971606313591033e-27,,,,,
KDR,2,18,CTNNB1;G6PD,VHL;GAPDH;IGFBP2;TUBA1B;ANXA1;TFRC;INPP4B;ERBB2;TP53;PXN;ETS1;EEF2;MYC;RBM15;ESR1;SYK;CCNE1;TP53BP1,1,3,3,2,,0.05,0.2,0.15,boundary_readout_dimension,3,,0,26,4,1.1756259265988776e-88;2.4608051956497485e-21;3.219934426400768e-07,6.123578418977586e-61;1.3439133832502393e-11,,,,,
KDR,2,13,GAPDH;KIT,VHL;TUBA1B;TFRC;G6PD;TGM2;SQSTM1;PDCD4;TP53;DIABLO;MYC;ESR1;GAB2;TP53BP1,1,3,3,2,,0.05,0.2,0.15,proxy_dimensions,3,,0,27,3,1.0570802534017073e-35;1.0214974001017177e-13;8.957661397604811e-06,7.816256996624595e-32;1.5213505584492977e-09,,,,,
KDR,2,9,KIT;MSH2,VHL;TUBA1B;TFRC;SQSTM1;PDCD4;PXN;MYC;ESR1;ITGA2,2,3,3,2,,0.05,0.2,0.15,proxy_dimensions,3,,0,28,3,4.899492954034903e-34;1.9246861881003454e-18;3.9924467478154744e-10,2.0905976541351766e-25;1.0570468768377733e-10,,,,,
KDR,1,4,TP53,VHL;G6PD;ESR1;GAB2,1,2,2,1,,0.05,0.4,0.2,proxy_dimensions,2,,0,29,2,1.0210021550593235e-21;0.0008325670797684271,2.389590376804639e-19,,,,,
KDR,3,7,ANXA1;CTNNB1;PXN,VHL;INPP4B;CASP7;G6PD;ERBB2;TP53;MYC,1,3,3,3,0.035426014756709284,0.05,0.4,0.2,boundary_readout_dimension,3,0.10661962325958595,1,30,4,1.3210241456627874e-49;9.39771748851174e-19;5.5189171357821436e-05;0.20835942957284956,4.862299727775537e-37;6.129430215898099e-15;0.04718955557980118,0.5456108004296641;0.42534719863900966;0.10661962325958595,0.03685220134630439,True,,
KDR,1,2,ANXA1,TP53;MSH2,1,1,1,1,0.1721240061274698,0.05,0.4,0.15,reported,1,0.17212400612746986,1,31,1,0.0004940719299550801;0.43884079841411416,0.0012460507606867018,0.17212400612746986,0.13950527933172185,True,-0.6268101260810619,0.02637421712912529
KDR,2,1,SERPINE1;G6PD,MYC,1,1,1,0,0.057001523854236354,0.05,0.4,0.15,conditional_information_dimension,1,0.08326826513490385,0,32,1,0.03158099285307283,0.3000844671745495,0.08326826513490385,0.057001523854236354,False,,
KDR,1,18,KIT,VHL;IGFBP2;TUBA1B;ANXA1;TFRC;INPP4B;CASP7;G6PD;ERBB2;DIABLO;EEF2;MYC;PREX1;ESR1;SYK;CCNE1;EIF4G1;TP53BP1,1,2,2,1,,0.05,0.2,0.15,proxy_dimensions,2,,0,33,2,1.2947779417127205e-35;3.297950775269312e-07,5.211594158418699e-12,,,,,
KDR,2,17,KIT;TP53,VHL;SERPINE1;IGFBP2;TUBA1B;ANXA1;TFRC;CASP7;ERBB2;PDCD4;EEF2K;PXN;ETS1;EEF2;MYC;FN1;ITGA2;TP53BP1,1,3,3,2,,0.05,0.2,0.15,proxy_dimensions,3,,0,34,3,3.8143807399079334e-51;3.865569472443766e-25;2.6041474302337785e-09,4.301476894251295e-28;2.235969465645138e-12,,,,,
KDR,1,18,DIABLO,VHL;SERPINE1;IGFBP2;TUBA1B;ANXA1;TFRC;INPP4B;CASP7;ERBB2;PDCD4;TP53;EEF2K;BRAF;EEF2;FN1;RBM15;ESR1;GAB2,1,2,2,1,,0.05,0.2,0.15,proxy_dimensions,2,,0,35,2,1.3190123244317054e-38;2.643589628924005e-10,7.143677205289295e-12,,,,,
KDR,1,4,CTNNB1,VHL;EEF2;ESR1;ITGA2,1,2,2,1,,0.05,0.4,0.2,proxy_dimensions,2,,0,36,2,1.0079860508737294e-37;1.4315502235684888e-14,1.2091197291480872e-16,,,,,
KDR,2,24,CASP7;G6PD,VHL;GAPDH;SERPINE1;IGFBP2;ANXA1;FASN;TFRC;INPP4B;KIT;PDCD4;ACACA;TP53;EEF2K;DIABLO;BRAF;ETS1;PRKCA;EEF2;MYC;FN1;BCL2L11;ESR1;BAK1;TP53BP1,1,3,3,2,,0.05,0.2,0.15,proxy_dimensions,3,,0,37,3,8.912702288384617e-58;6.160407113829285e-29;7.738623419841229e-11,2.0119536392017674e-49;1.5750418537269906e-20,,,,,
KDR,1,10,G6PD,VHL;IGFBP2;ANXA1;TFRC;EEF2K;PXN;ETS1;EEF2;ESR1;SYK,4,2,2,1,,0.05,0.2,0.15,proxy_dimensions,2,,0,38,2,3.0476803225634397e-22;1.856005112363346e-08,9.412366073159137e-09,,,,,
KDR,2,1,CTNNB1;CASP7,MYC,1,1,1,1,0.21600459464637373,0.05,0.4,0.15,boundary_readout_dimension,1,0.31798371202151965,1,39,2,1.0217615694231493e-08,9.793290505799367e-09,0.31798371202151965,0.21600459464637373,True,,
KDR,3,2,CTNNB1;TP53;MSH2,INPP4B;MYC,2,2,2,2,0.0793256315835508,0.05,0.4,0.15,reported,2,0.22275858229114734,1,40,2,1.3119142437372704e-15;1.0423764233575922e-06,2.3061704356952073e-10;0.00015387674343626733,0.32670536100056413;0.22275858229114734,0.07932563158355077,True,-3.9142660245744008,-0.21329054600351183
KDR,3,2,CTNNB1;G6PD;PXN,MYC;ESR1,1,2,2,1,0.04544922552203605,0.05,0.4,0.15,conditional_information_dimension,2,0.12849636048185445,0,41,2,2.732239808011926e-09;0.03802529730791146,1.9893326317307354e-06;0.05658690769789711,0.29307750732916404;0.12849636048185445,0.045449225522036056,False,,
KDR,2,15,CTNNB1;INPP4B,VHL;GAPDH;IGFBP2;TUBA1B;ANXA1;CASP7;PXN;DIABLO;BRAF;ETS1;EEF2;MYC;CCNE1;EIF4G1;TP53BP1,1,3,3,2,,0.05,0.2,0.15,boundary_readout_dimension,3,,0,42,4,1.2985157518212141e-70;2.1189478522300414e-10;0.0022520916672779394,1.4720298500975466e-51;0.0012057556708032682,,,,,
KDR,1,14,CTNNB1,VHL;SERPINE1;TUBA1B;G6PD;TGM2;PDCD4;TP53;EEF2K;ETS1;MYC;FN1;ITGA2;GAB2;BAK1,1,2,2,1,,0.05,0.2,0.15,proxy_dimensions,2,,0,43,2,1.7148432808340057e-58;1.4873554168764425e-11,4.2061238760096116e-43,,,,,
KDR,1,14,INPP4B,VHL;FASN;ASNS;SQSTM1;ERBB2;ACACA;EEF2K;DIABLO;EEF2;MYC;RBM15;GAB2;EIF4G1;TP53BP1,1,2,2,1,,0.05,0.2,0.15,boundary_readout_dimension,2,,0,44,3,1.0473802362921773e-17;1.1331822750374814e-06,8.958138752164138e-10,,,,,
KDR,1,1,FOXM1,TGM2,1,1,1,1,0.15733604981995256,0.05,0.4,0.2,reported,1,0.15733604981995256,1,45,1,0.010322070360127503,0.003207636058299406,0.15733604981995256,0.15733604981995256,True,-1.4994308377382568,-0.07375638838671018
KDR,1,15,EIF4G1,SERPINE1;IGFBP2;TUBA1B;ANXA1;INPP4B;ASNS;TGM2;SQSTM1;ERBB2;DIABLO;MYC;FN1;BCL2L11;ESR1;TP53BP1,1,2,2,1,,0.05,0.2,0.15,proxy_dimensions,2,,0,46,2,6.063143608446583e-58;2.6218859180995073e-13,2.1662981120845436e-46,,,,,
KDR,0,0,,,1,0,0,0,,0.05,0.2,0.15,boundary_readout_dimension,0,,0,47,2,,,,,,,
KDR,0,0,,,1,0,0,0,,0.05,0.2,0.15,no_shared_direction,0,,0,48,0,,,,,,,
KDR,2,9,CASP7;PXN,TUBA1B;INPP4B;DIABLO;MYC;RBM15;ITGA2;BAK1;EIF4G1;TP53BP1,1,3,3,2,,0.05,0.4,0.25,proxy_dimensions,3,,0,49,3,5.152811883233708e-24;3.0410268652702673e-10;0.0002989843465613332,5.0249439370385164e-11;0.0006295512153160186,,,,,
KDR,1,2,TP53,VHL;MSH2,1,2,2,1,,0.05,0.4,0.2,proxy_dimensions,2,,0,50,2,4.417914955943177e-19;8.938212758379558e-08,2.5565607586883525e-14,,,,,
KDR,1,2,CTNNB1,VHL;MYC,2,1,1,1,0.39534135413007865,0.05,0.4,0.15,boundary_readout_dimension,1,0.3953413541300787,1,51,2,6.915729035848262e-18;0.8708031306771916,1.6687234531453537e-14,0.3953413541300787,0.2658965386196955,True,,
KDR,1,3,ANXA1,VHL;TP53;MSH2,1,2,2,1,,0.05,0.4,0.15,proxy_dimensions,2,,0,52,2,2.594301012200071e-09;0.004156456932592486,0.009870489016544796,,,,,
KDR,1,19,ANXA1,VHL;CAV1;SERPINE1;TUBA1B;TFRC;INPP4B;ASNS;G6PD;TGM2;PDCD4;EEF2K;PXN;MYC;FN1;BCL2L11;ESR1;ITGA2;SYK;BAK1,1,2,2,1,,0.05,0.2,0.15,proxy_dimensions,2,,0,53,2,8.900449736876938e-37;9.727349998098404e-10,1.2754010264503362e-12,,,,,
KDR,2,1,CTNNB1;FOXM1,EEF2,1,1,1,1,0.20823334897915363,0.05,0.4,0.15,reported,1,0.3449831142222928,2,54,1,4.611110483365995e-13,3.0178226680117273e-10,0.3449831142222928,0.20823334897915363,True,1.2978743944521869,0.01903011148405491
KDR,3,2,ANXA1;CTNNB1;G6PD,TUBA1B;SQSTM1,1,2,2,2,0.0763203444538048,0.05,0.4,0.15,reported,2,0.1937162054638244,1,55,2,3.5162707005540485e-21;0.0003174911083123083,7.621713681615083e-20;0.0013633459737549128,0.4775114384142939;0.1937162054638244,0.07632034445380485,True,-1.441683854914387,-0.06249671134261563
KDR,2,11,CTNNB1;ATM,VHL;TUBA1B;SQSTM1;DIABLO;EEF2;MYC;ESR1;TSC1;GAB2;CCNE1;TP53BP1,1,3,3,2,,0.05,0.4,0.25,proxy_dimensions,3,,0,56,3,2.6413288772431943e-56;3.6781598884519997e-11;0.0015607564094194872,7.297461631120496e-54;2.0672598333607794e-09,,,,,
KDR,1,2,G6PD,SQSTM1;MYC,1,1,1,0,0.025827122688487306,0.05,0.4,0.2,conditional_information_dimension,1,0.0258271226884873,0,57,1,0.039414683501525466;0.14956937684933186,0.6306306125586043,0.0258271226884873,0.057747053367732205,False,,
KDR,1,48,CTNNB1,VHL;GAPDH;MYH11;CAV1;TUBA1B;ANXA1;CCNB1;FASN;TFRC;STAT5A;INPP4B;ASNS;CASP7;G6PD;HSPA1A;TGM2;SQSTM1;ERBB2;PDCD4;ACACA;TP53;EEF2K;PXN;DIABLO;BRAF;ETS1;PRKCA;EEF2;ATM;RAD51;MYC;RBM15;AR;PREX1;BCL2L11;ESR1;TSC1;ITGA2;SYK;GAB2;CDH2;MSH6;BAK1;MSH2;CCNE1;EIF4G1;TP53BP1;FOXM1,4,2,2,1,,0.05,0.2,0.2,proxy_dimensions,2,,0,58,2,2.2829671333878385e-95;6.673924264732879e-23,2.752093468904264e-66,,,,,
KDR,1,19,CTNNB1,VHL;GAPDH;TUBA1B;ANXA1;TFRC;INPP4B;ASNS;G6PD;SQSTM1;ERBB2;TP53;ETS1;MYC;RBM15;BCL2L11;ESR1;GAB2;MSH2;CCNE1,1,2,2,1,,0.05,0.2,0.15,proxy_dimensions,2,,0,59,2,5.848748036932001e-60;2.9217587910696565e-15,1.88554685809446e-43,,,,,
KDR,1,4,TP53,VHL;IGFBP2;ANXA1;INPP4B,1,2,2,1,,0.05,0.4,0.2,proxy_dimensions,2,,0,60,2,4.1884388199102544e-22;0.0001657198672821607,8.255653534358332e-05,,,,,
KDR,1,11,PXN,VHL;GAPDH;TUBA1B;INPP4B;ERBB2;TP53;EEF2K;EEF2;MYC;BCL2L11;ESR1,2,2,2,1,,0.05,0.2,0.15,proxy_dimensions,2,,0,61,2,8.001464948860904e-20;2.4870156255490986e-07,5.683491140409703e-08,,,,,
KDR,1,3,G6PD,VHL;MYC;AR,4,2,2,0,,0.05,0.4,0.15,proxy_dimensions,2,,0,62,2,4.518723628923518e-16;0.04533112371119786,0.10182231087268998,,,,,
KDR,2,1,CTNNB1;PXN,MYC,1,1,1,1,0.08753290389896123,0.05,0.4,0.15,reported,1,0.1382771224346514,1,63,1,0.0030622434475864905,0.03544084330962657,0.1382771224346514,0.08753290389896123,True,-2.0615382406911498,-0.07789682608943248
KDR,2,3,CTNNB1;INPP4B,TUBA1B;MYC;ITGA2,1,2,2,1,0.051377032388330794,0.05,0.4,0.2,conditional_information_dimension,2,0.09904224113190484,0,64,2,9.123739462095526e-22;1.7327215141883615e-07;0.6390666591802195,1.461430276942629e-16;0.06496492956785445,0.446845312546742;0.09904224113190484,0.04256630109295639,False,,
KDR,0,0,,,1,0,0,0,,0.05,0.2,0.15,boundary_readout_dimension,0,,0,65,2,,,,,,,
KDR,0,0,,,2,0,0,0,,0.05,0.2,0.15,boundary_readout_dimension,0,,0,66,2,,,,,,,
KDR,1,4,TP53,VHL;TUBA1B;EEF2;MYC,1,2,2,1,,0.05,0.4,0.2,proxy_dimensions,2,,0,67,2,1.9672884226509036e-13;0.004740092902552326,0.00010496816477672512,,,,,
KDR,1,5,CTNNB1,VHL;TUBA1B;SQSTM1;ERBB2;DIABLO,1,1,1,1,0.6114305834278113,0.05,0.4,0.2,reported,1,0.6114305834278113,2,68,1,3.8210419418766404e-36;0.8844270340576587,3.7076713154261205e-37,0.6114305834278113,0.347778230330891,True,-2.5061350307786707,-0.2013012140802422
KDR,0,0,,,1,0,0,0,,0.05,0.2,0.15,boundary_readout_dimension,0,,0,69,2,,,,,,,
KDR,3,8,INPP4B;G6PD;KIT,VHL;GAPDH;TFRC;ERBB2;TP53;EEF2K;ESR1;GAB2,1,4,4,3,,0.05,0.2,0.15,proxy_dimensions,4,,0,70,3,3.207623180240753e-26;1.022175790681396e-12;1.6527397967456207e-06;0.029737392506494067,1.922591264904454e-18;7.695886842398638e-07;0.041100374292312385,,,,,
KDR,0,0,,,6,0,0,0,,0.05,0.2,0.15,boundary_readout_dimension,0,,0,71,1,,,,,,,
KDR,1,6,INPP4B,IGFBP2;ANXA1;MYC;ESR1;ITGA2;GAB2,1,2,2,1,,0.05,0.4,0.2,proxy_dimensions,2,,0,72,2,2.4260816183383466e-14;0.006705305114980521,0.007172328449379138,,,,,
KDR,1,5,MYH11,VHL;IGFBP2;ANXA1;INPP4B;MYC,1,2,2,1,,0.05,0.4,0.2,boundary_readout_dimension,2,,0,73,3,4.7252435563580296e-14;0.001330881571319301,8.550749704150246e-05,,,,,
KDR,3,11,CDH1;PREX1;FOXM1,VHL;SERPINE1;ANXA1;INPP4B;SQSTM1;PDCD4;MYC;FN1;RBM15;ITGA2;MSH2,1,4,4,3,,0.05,0.4,0.2,proxy_dimensions,4,,0,74,4,4.0637514518516185e-79;1.371095626875399e-41;2.3814846234866358e-14;0.00020177496914760963,9.695455203269374e-58;3.035366845087794e-22;6.913391015334792e-08,,,,,
KDR,1,48,CTNNB1,VHL;GAPDH;MYH11;CAV1;SERPINE1;IGFBP2;TUBA1B;ANXA1;CCNB1;TFRC;STAT5A;INPP4B;ASNS;CASP7;G6PD;HSPA1A;TGM2;SQSTM1;ERBB2;PDCD4;TP53;EEF2K;PXN;BRAF;ETS1;PRKCA;EEF2;ATM;RAD51;MYC;FN1;RBM15;AR;PREX1;BCL2L11;ESR1;TSC1;ITGA2;SYK;GAB2;CDH2;MSH6;BAK1;MSH2;CCNE1;EIF4G1;TP53BP1;FOXM1,2,2,2,1,,0.05,0.2,0.15,proxy_dimensions,2,,0,75,2,1.6025180964134513e-90;1.8571129034450815e-23,1.2337650965211989e-60,,,,,
KDR,1,12,CTNNB1,GAPDH;ANXA1;TFRC;INPP4B;G6PD;PXN;BRAF;ATM;MYC;BCL2L11;ESR1;EIF4G1,1,2,2,1,,0.05,0.2,0.15,proxy_dimensions,2,,0,76,2,3.5983686799664293e-44;1.054008970418998e-05,2.6719148125325213e-22,,,,,
KDR,1,41,CTNNB1,VHL;GAPDH;CAV1;SERPINE1;IGFBP2;TUBA1B;ANXA1;CLDN7;FASN;TFRC;INPP4B;ASNS;CASP7;G6PD;KIT;HSPA1A;TGM2;SQSTM1;ERBB2;RAB25;PDCD4;ACACA;EEF2K;PXN;DIABLO;BRAF;ETS1;PRKCA;EEF2;MYC;FN1;RBM15;AR;BCL2L11;ESR1;TSC1;ITGA2;CDH2;BAK1;EIF4G1;TP53BP1,1,2,2,1,,0.05,0.2,0.3,proxy_dimensions,2,,0,77,2,3.309915929679724e-89;3.755320336172876e-12,8.787147861255013e-62,,,,,
KDR,1,13,RAB25,SERPINE1;IGFBP2;ANXA1;INPP4B;SQSTM1;PDCD4;EEF2;MYC;FN1;RBM15;PREX1;BAK1;CCNE1,1,2,2,1,,0.05,0.2,0.15,proxy_dimensions,2,,0,78,2,1.3475339591428674e-30;1.4000862607038829e-09,1.6599913102721472e-10,,,,,
KDR,0,0,,,1,0,0,0,,0.05,0.2,0.15,no_shared_direction,0,,0,79,0,,,,,,,
KDR,1,22,FOXM1,VHL;SERPINE1;IGFBP2;TUBA1B;ANXA1;TFRC;INPP4B;CASP7;G6PD;ERBB2;PDCD4;DIABLO;ETS1;EEF2;MYC;FN1;BCL2L11;ESR1;SYK;GAB2;BAK1;CCNE1,2,2,2,1,,0.05,0.2,0.15,proxy_dimensions,2,,0,80,2,1.474255493345014e-45;1.0137042554409576e-16,4.7515378722299035e-25,,,,,
KDR,1,6,CTNNB1,SERPINE1;SQSTM1;PDCD4;MYC;FN1;ITGA2,1,2,2,1,,0.05,0.4,0.2,proxy_dimensions,2,,0,81,2,1.4651397038875838e-30;7.2055087753584695e-06,8.14949550892544e-28,,,,,
KDR,1,3,FOXM1,INPP4B;MYC;GAB2,4,2,2,1,,0.05,0.4,0.2,proxy_dimensions,2,,0,82,2,6.457404687003796e-11;1.3682033462483785e-05,1.5812440082685403e-06,,,,,
KDR,0,0,,,1,0,0,0,,0.05,0.2,0.15,no_shared_direction,0,,0,83,0,,,,,,,
KDR,1,54,KIT,VHL;GAPDH;MYH11;CAV1;SERPINE1;IGFBP2;TUBA1B;ANXA1;CLDN7;CTNNB1;CCNB1;FASN;TFRC;STAT5A;INPP4B;CDH1;ASNS;CASP7;G6PD;HSPA1A;TGM2;SQSTM1;ERBB2;RAB25;ACACA;TP53;EEF2K;PXN;DIABLO;BRAF;ETS1;PRKCA;EEF2;ATM;RAD51;MYC;FN1;RBM15;AR;PREX1;BCL2L11;ESR1;TSC1;ITGA2;SYK;GAB2;CDH2;MSH6;BAK1;MSH2;CCNE1;EIF4G1;TP53BP1;FOXM1,1,2,2,1,,0.05,0.2,0.15,proxy_dimensions,2,,0,84,2,1.5976832585410475e-72;2.662196768093537e-30,8.642042814727782e-32,,,,,
KDR,2,13,ANXA1;PXN,VHL;IGFBP2;TUBA1B;INPP4B;ERBB2;TP53;EEF2K;RBM15;AR;BCL2L11;ESR1;GAB2;CCNE1,1,3,3,2,,0.05,0.2,0.15,proxy_dimensions,3,,0,85,3,4.9068323780112316e-37;3.533742377817292e-13;0.00012442718898287932,1.6488531688590923e-29;8.978228100365415e-10,,,,,
KDR,2,14,KIT;DIABLO,VHL;GAPDH;SERPINE1;TUBA1B;INPP4B;ERBB2;PDCD4;TP53;EEF2;MYC;FN1;RBM15;ITGA2;GAB2,1,3,3,2,,0.05,0.2,0.15,proxy_dimensions,3,,0,86,3,6.788337374685878e-30;2.2700541478959957e-13;4.7383925931307784e-06,1.195302840059806e-13;9.79891502266248e-06,,,,,
KDR,0,0,,,1,0,0,0,,0.05,0.2,0.15,no_shared_direction,0,,0,87,0,,,,,,,
KDR,2,3,CTNNB1;G6PD,TUBA1B;MYC;ITGA2,2,2,2,1,0.011791307152578298,0.05,0.4,0.2,conditional_information_dimension,2,0.022691209544625283,0,88,2,1.1653898261295187e-24;6.811471680982336e-07;0.2632419659848859,9.765243050364638e-18;0.6731490181687674,0.4687531367093121;0.022691209544625283,0.028050170906474704,False,,
KDR,1,18,CTNNB1,VHL;SERPINE1;IGFBP2;TUBA1B;ANXA1;FASN;INPP4B;KIT;TGM2;ERBB2;PDCD4;ACACA;EEF2K;EEF2;MYC;FN1;ESR1;ITGA2,4,2,2,1,,0.05,0.4,0.3,proxy_dimensions,2,,0,89,2,8.972418725249807e-71;1.1709677763884922e-16,3.034103034113451e-49,,,,,
KDR,2,1,CTNNB1;CASP7,MYC,1,1,1,1,0.1631506772734827,0.05,0.4,0.2,boundary_readout_dimension,1,0.2556935098054629,1,90,2,2.8272013126934787e-05,8.316370041661e-06,0.2556935098054629,0.1631506772734827,True,,
KDR,1,15,KIT,GAPDH;TUBA1B;TFRC;INPP4B;ASNS;CASP7;G6PD;EEF2K;PXN;DIABLO;MYC;BCL2L11;GAB2;EIF4G1;TP53BP1,1,2,2,1,,0.05,0.2,0.15,boundary_readout_dimension,2,,0,91,3,1.3095579982415984e-28;1.585353278733161e-10,1.746144116780534e-17,,,,,
KDR,1,53,ANXA1,VHL;GAPDH;MYH11;CAV1;SERPINE1;TUBA1B;CLDN7;CTNNB1;CCNB1;FASN;TFRC;STAT5A;CDH1;ASNS;CASP7;G6PD;KIT;HSPA1A;TGM2;SQSTM1;ERBB2;RAB25;PDCD4;ACACA;TP53;EEF2K;PXN;DIABLO;BRAF;ETS1;PRKCA;EEF2;ATM;RAD51;MYC;FN1;RBM15;AR;PREX1;BCL2L11;ESR1;TSC1;ITGA2;SYK;GAB2;CDH2;MSH6;BAK1;MSH2;CCNE1;EIF4G1;TP53BP1;FOXM1,4,2,2,1,,0.05,0.2,0.15,proxy_dimensions,2,,0,92,2,3.8598556548129277e-63;4.608613703719321e-19,3.32767400768095e-27,,,,,
KDR,3,12,ANXA1;CTNNB1;G6PD,VHL;TUBA1B;TFRC;INPP4B;SQSTM1;ERBB2;RBM15;BCL2L11;ESR1;TSC1;GAB2;CCNE1,1,3,3,3,0.08738027737540029,0.05,0.2,0.15,reported,3,0.34056245594695067,1,93,3,5.640690364691908e-60;3.587827999873604e-15;4.6908932493654036e-07;0.16167686832891087,2.085305826755829e-61;4.073105891764782e-23;7.179205888279265e-11,0.6620420435871662;0.4252328473345932;0.34056245594695067,0.0546851599294897,True,-0.900693104089256,-0.05255820392165917
KDR,1,5,CTNNB1,VHL;IGFBP2;ANXA1;EEF2;ESR1,1,2,2,1,,0.05,0.4,0.2,proxy_dimensions,2,,0,94,2,2.5216761748644203e-19;0.00010205554736276388,7.333061114103208e-09,,,,,
KDR,3,1,ANXA1;INPP4B;G6PD,VHL,1,1,1,1,0.12542909258897797,0.05,0.4,0.15,reported,1,0.20127559039608608,1,95,1,2.9642601535431133e-08,0.002537910547314081,0.20127559039608608,0.12542909258897797,True,-2.396385773409468,-0.09439865360720638
KDR,1,13,CTNNB1,VHL;GAPDH;SERPINE1;TUBA1B;G6PD;PDCD4;MYC;FN1;BCL2L11;ESR1;ITGA2;GAB2;CCNE1,1,2,2,1,,0.05,0.2,0.15,proxy_dimensions,2,,0,96,2,2.4778890867514483e-52;5.3675783930172135e-09,5.8763408886224885e-46,,,,,
KDR,1,2,G6PD,EEF2;MYC,1,1,1,1,0.2983671860916364,0.05,0.4,0.2,reported,1,0.2983671860916365,2,97,1,2.792662690489743e-07;0.15996661981389723,1.3164977290607507e-08,0.2983671860916365,0.21406749441409678,True,0.008274898555512965,-0.009669947404030826
KDR,1,14,KIT,VHL;TUBA1B;INPP4B;CASP7;G6PD;SQSTM1;ERBB2;TP53;PXN;DIABLO;RBM15;ESR1;ITGA2;GAB2,1,2,2,1,,0.05,0.2,0.15,proxy_dimensions,2,,0,98,2,5.85045679528678e-34;2.0851036495676258e-09,1.1992975327128725e-10,,,,,
KDR,1,54,G6PD,VHL;MYH11;CAV1;SERPINE1;IGFBP2;TUBA1B;ANXA1;CLDN7;CTNNB1;CCNB1;FASN;TFRC;STAT5A;INPP4B;CDH1;ASNS;CASP7;KIT;HSPA1A;TGM2;SQSTM1;ERBB2;RAB25;PDCD4;ACACA;TP53;EEF2K;PXN;DIABLO;BRAF;ETS1;PRKCA;EEF2;ATM;RAD51;MYC;FN1;RBM15;AR;PREX1;BCL2L11;ESR1;TSC1;ITGA2;SYK;GAB2;CDH2;MSH6;BAK1;MSH2;CCNE1;EIF4G1;TP53BP1;FOXM1,1,2,2,1,,0.05,0.4,0.2,proxy_dimensions,2,,0,99,2,4.912267133130093e-60;1.234286410581107e-22,2.913823248890216e-22,,,,,
KDR,1,4,TP53,ANXA1;INPP4B;MYC;MSH2,4,2,2,1,,0.05,0.4,0.2,proxy_dimensions,2,,0,100,2,3.100255033011158e-27;5.104348682867674e-10,2.809182511657946e-20,,,,,
KDR,1,39,CTNNB1,VHL;GAPDH;MYH11;CAV1;IGFBP2;TUBA1B;CCNB1;TFRC;STAT5A;INPP4B;ASNS;CASP7;G6PD;HSPA1A;TGM2;ERBB2;TP53;BRAF;ETS1;PRKCA;EEF2;ATM;RAD51;MYC;RBM15;AR;PREX1;BCL2L11;ESR1;TSC1;GAB2;CDH2;MSH6;BAK1;MSH2;CCNE1;EIF4G1;TP53BP1;FOXM1,1,2,2,1,,0.05,0.2,0.15,boundary_readout_dimension,2,,0,101,3,3.0185848849128154e-81;3.1282963870855144e-16,1.6770918868074088e-62,,,,,
KDR,0,0,,,1,0,0,0,,0.05,0.2,0.15,boundary_readout_dimension,0,,0,102,2,,,,,,,
KDR,1,23,MSH2,VHL;GAPDH;IGFBP2;TUBA1B;ANXA1;CLDN7;CTNNB1;INPP4B;CDH1;G6PD;KIT;SQSTM1;ERBB2;RAB25;PDCD4;PXN;DIABLO;EEF2;MYC;RBM15;AR;SYK;CCNE1,1,2,2,1,,0.05,0.2,0.15,proxy_dimensions,2,,0,103,2,2.996074531330421e-69;5.533826570993957e-27,3.0602641497856816e-37,,,,,
KDR,1,23,TP53,GAPDH;SERPINE1;IGFBP2;ANXA1;FASN;TFRC;ASNS;G6PD;ERBB2;PDCD4;ACACA;PXN;DIABLO;ETS1;MYC;FN1;BCL2L11;ESR1;ITGA2;SYK;GAB2;CCNE1;TP53BP1,2,2,2,1,,0.05,0.2,0.15,proxy_dimensions,2,,0,104,2,6.212183327225613e-40;5.856478305179308e-12,3.361536301373224e-21,,,,,
KDR,1,11,CTNNB1,VHL;GAPDH;IGFBP2;TUBA1B;ANXA1;G6PD;KIT;EEF2K;MYC;AR;SYK,1,2,2,1,,0.05,0.4,0.25,proxy_dimensions,2,,0,105,2,3.288431545279924e-50;4.1833292431153364e-10,5.585267720106172e-23,,,,,
KDR,2,1,KIT;PXN,ITGA2,2,1,1,1,0.2750074525532302,0.05,0.4,0.15,reported,1,0.3990934612582811,1,106,1,5.346942517496668e-15,9.227469279288027e-14,0.3990934612582811,0.2750074525532302,True,-0.5656663432688407,0.044294937097608234
KDR,1,54,G6PD,VHL;GAPDH;MYH11;CAV1;SERPINE1;IGFBP2;TUBA1B;ANXA1;CLDN7;CTNNB1;CCNB1;FASN;TFRC;STAT5A;INPP4B;CDH1;ASNS;CASP7;KIT;HSPA1A;TGM2;SQSTM1;ERBB2;RAB25;PDCD4;ACACA;TP53;EEF2K;PXN;DIABLO;BRAF;ETS1;PRKCA;EEF2;ATM;RAD51;MYC;FN1;RBM15;AR;PREX1;BCL2L11;ESR1;TSC1;SYK;GAB2;CDH2;MSH6;BAK1;MSH2;CCNE1;EIF4G1;TP53BP1;FOXM1,1,2,2,1,,0.05,0.4,0.2,boundary_readout_dimension,2,,0,107,3,6.816555516890507e-58;3.3498797255909373e-16,8.710818865207198e-24,,,,,
KDR,1,15,INPP4B,VHL;TUBA1B;ANXA1;TFRC;PXN;BRAF;PRKCA;EEF2;MYC;AR;BCL2L11;ESR1;TSC1;ITGA2;TP53BP1,2,2,2,1,,0.05,0.2,0.15,boundary_readout_dimension,2,,0,108,3,1.552028037434362e-33;6.5893334114512805e-12,1.6498434983357103e-11,,,,,
KDR,2,7,CTNNB1;ATM,VHL;ERBB2;EEF2K;PXN;MYC;EIF4G1;TP53BP1,3,2,2,2,0.0943819586213276,0.05,0.4,0.25,boundary_readout_dimension,2,0.28629191267788395,1,109,3,2.681102578472714e-52;8.05253989318803e-10;0.0882361536975422,1.7268925054524626e-50;5.459543499107388e-08,0.6739430800522717;0.28629191267788395,0.0700468524938588,True,,
KDR,2,5,CTNNB1;TP53,VHL;TUBA1B;MYC;ITGA2;CCNE1,2,3,3,2,,0.05,0.4,0.2,proxy_dimensions,3,,0,110,3,4.769509146466652e-25;8.873356358668925e-09;0.003028280658496402,5.959767345762305e-21;0.00012310311519309002,,,,,
KDR,1,4,ASNS,VHL;INPP4B;EEF2;MYC,4,2,2,1,,0.05,0.4,0.2,proxy_dimensions,2,,0,111,2,4.100437751664129e-12;0.00017899938851568444,4.6225973026606755e-08,,,,,
KDR,1,2,CTNNB1,TUBA1B;MYC,1,1,1,1,0.39300153361123236,0.05,0.4,0.15,boundary_readout_dimension,1,0.39300153361123236,1,112,2,3.517145890311199e-14;0.6973999627475702,2.4514556347524977e-14,0.39300153361123236,0.2635058326373134,True,,
KDR,1,2,CTNNB1,VHL;MYC,1,2,2,1,,0.05,0.4,0.2,proxy_dimensions,2,,0,113,2,4.2024373208752023e-23;0.042352910623880594,3.350035182754494e-21,,,,,
KDR,1,5,CTNNB1,TUBA1B;G6PD;SQSTM1;MYC;GAB2,2,2,2,1,,0.05,0.4,0.2,proxy_dimensions,2,,0,114,2,1.0040910892370618e-13;0.0034672979795242983,9.42616079424953e-11,,,,,
KDR,1,23,CTNNB1,VHL;GAPDH;SERPINE1;IGFBP2;TUBA1B;ANXA1;FASN;INPP4B;CASP7;G6PD;SQSTM1;ERBB2;PDCD4;ACACA;TP53;ETS1;MYC;FN1;ESR1;TSC1;ITGA2;GAB2;MSH2,1,2,2,1,,0.05,0.2,0.15,proxy_dimensions,2,,0,115,2,1.556548929736455e-82;1.5917660866193852e-21,9.7078472993533e-55,,,,,
KDR,1,6,MYH11,VHL;TUBA1B;ANXA1;INPP4B;SQSTM1;MYC,1,2,2,1,,0.05,0.4,0.25,boundary_readout_dimension,2,,0,116,3,2.1260311639885565e-20;0.000426727155362569,0.0002270513586234792,,,,,
KDR,2,53,INPP4B;CASP7,VHL;GAPDH;MYH11;CAV1;SERPINE1;IGFBP2;TUBA1B;ANXA1;CLDN7;CTNNB1;CCNB1;FASN;TFRC;STAT5A;CDH1;ASNS;G6PD;KIT;HSPA1A;TGM2;SQSTM1;ERBB2;RAB25;PDCD4;ACACA;TP53;EEF2K;PXN;DIABLO;BRAF;ETS1;PRKCA;EEF2;ATM;RAD51;MYC;FN1;AR;PREX1;BCL2L11;ESR1;TSC1;ITGA2;SYK;GAB2;CDH2;MSH6;BAK1;MSH2;CCNE1;EIF4G1;TP53BP1;FOXM1,2,3,3,2,,0.05,0.2,0.15,proxy_dimensions,3,,0,117,3,3.565252831226956e-86;5.284641667631888e-40;8.666031059046636e-19,5.103088035274489e-50;1.919167520900732e-18,,,,,
KDR,3,3,CTNNB1;INPP4B;CASP7,VHL;EEF2;MYC,1,2,2,2,0.09878251506050888,0.05,0.4,0.2,reported,2,0.2419788166991566,1,118,2,1.8301898448819705e-26;1.2660787414730648e-05;0.057961713500333786,6.09746058883772e-23;3.0180684479103648e-05,0.49385820367247224;0.2419788166991566,0.08151201752424587,True,-3.6826078052041775,-0.2039621806641146
KDR,1,55,KIT,VHL;GAPDH;MYH11;CAV1;SERPINE1;IGFBP2;TUBA1B;ANXA1;CLDN7;CTNNB1;CCNB1;FASN;TFRC;STAT5A;INPP4B;CDH1;ASNS;CASP7;G6PD;HSPA1A;TGM2;SQSTM1;ERBB2;RAB25;PDCD4;ACACA;TP53;EEF2K;PXN;DIABLO;BRAF;ETS1;PRKCA;EEF2;ATM;RAD51;MYC;FN1;RBM15;AR;PREX1;BCL2L11;ESR1;TSC1;ITGA2;SYK;GAB2;CDH2;MSH6;BAK1;MSH2;CCNE1;EIF4G1;TP53BP1;FOXM1,1,2,2,1,,0.05,0.2,0.15,proxy_dimensions,2,,0,119,2,1.1569230391885043e-72;2.3183816602650105e-36,9.221432715605007e-37,,,,,
KDR,1,13,CTNNB1,VHL;GAPDH;TUBA1B;INPP4B;G6PD;SQSTM1;ERBB2;TP53;EEF2;MYC;RBM15;CCNE1;TP53BP1,2,2,2,1,,0.05,0.2,0.15,proxy_dimensions,2,,0,120,2,1.0513606801987844e-49;0.0008600722672376075,4.215316657391046e-45,,,,,
KDR,1,54,ANXA1,VHL;GAPDH;MYH11;CAV1;SERPINE1;IGFBP2;TUBA1B;CLDN7;CTNNB1;CCNB1;FASN;TFRC;STAT5A;INPP4B;CDH1;ASNS;CASP7;G6PD;KIT;HSPA1A;TGM2;SQSTM1;ERBB2;RAB25;PDCD4;ACACA;TP53;EEF2K;PXN;DIABLO;BRAF;ETS1;PRKCA;EEF2;ATM;RAD51;MYC;FN1;RBM15;AR;PREX1;BCL2L11;ESR1;TSC1;SYK;GAB2;CDH2;MSH6;BAK1;MSH2;CCNE1;EIF4G1;TP53BP1;FOXM1,1,2,2,1,,0.05,0.2,0.15,boundary_readout_dimension,2,,0,121,3,3.4129540932354148e-49;1.8596002403945503e-17,1.1067922202725951e-23,,,,,
KDR,0,0,,,1,0,0,0,,0.05,0.2,0.15,boundary_readout_dimension,0,,0,122,1,,,,,,,
KDR,3,19,GAPDH;CTNNB1;CASP7,VHL;IGFBP2;TUBA1B;INPP4B;KIT;HSPA1A;SQSTM1;ERBB2;BRAF;MYC;RBM15;AR;TSC1;GAB2;CDH2;BAK1;CCNE1;EIF4G1;TP53BP1,1,4,4,3,,0.05,0.2,0.15,boundary_readout_dimension,4,,0,123,5,2.0936368902339366e-95;6.145546981515238e-29;5.211210169827614e-13;0.03133018266542829,1.9209388784524064e-81;1.4161138648623755e-25;7.481025522135309e-10,,,,,
KDR,1,4,PREX1,VHL;MYC;ESR1;ITGA2,1,2,2,1,,0.05,0.4,0.25,proxy_dimensions,2,,0,124,2,1.3788805005594307e-12;1.581537706719227e-05,3.49104278306432e-05,,,,,
KDR,0,0,,,1,0,0,0,,0.05,0.2,0.15,no_shared_direction,0,,0,125,0,,,,,,,
KDR,0,0,,,1,0,0,0,,0.05,0.2,0.15,boundary_readout_dimension,0,,0,126,2,,,,,,,
KDR,2,3,CTNNB1;PXN,INPP4B;EEF2;MYC,1,2,2,2,0.07594684665388277,0.05,0.4,0.2,reported,2,0.13957628392778315,1,127,2,1.81209396925345e-16;0.0089355392388379;0.5628592304057747,6.554347416773549e-12;0.009129584473139113,0.3721897941693021;0.13957628392778315,0.06352497095204387,True,-0.96243585777202,0.059434924278979825
KDR,1,28,CTNNB1,VHL;GAPDH;IGFBP2;TUBA1B;ANXA1;TFRC;INPP4B;ASNS;CASP7;G6PD;HSPA1A;ERBB2;TP53;EEF2K;PXN;BRAF;ETS1;MYC;RBM15;AR;TSC1;GAB2;CDH2;BAK1;MSH2;CCNE1;EIF4G1;TP53BP1,1,2,2,1,,0.05,0.2,0.2,proxy_dimensions,2,,0,128,2,7.364744766549502e-70;2.8973452513657223e-08,1.7325573804689794e-55,,,,,
KDR,1,5,PREX1,VHL;TUBA1B;G6PD;EEF2;MSH2,1,2,2,1,,0.05,0.4,0.2,proxy_dimensions,2,,0,129,2,1.726874873462892e-16;2.0083067971780955e-05,9.393910080486519e-14,,,,,
KDR,0,0,,,1,0,0,0,,0.05,0.2,0.15,boundary_readout_dimension,0,,0,130,3,,,,,,,
KDR,2,2,ATM;FOXM1,INPP4B;SYK,1,2,2,2,0.07331097331838235,0.05,0.4,0.2,reported,2,0.15268016838729043,1,131,2,7.453319673444083e-17;3.4481247451575384e-09,1.7150827409334302e-10;0.004307562764999337,0.34357125950827444;0.15268016838729043,0.0733109733183823,True,-4.448185611365623,-0.15004911119827946
KDR,2,20,CTNNB1;CASP7,VHL;SERPINE1;IGFBP2;TUBA1B;ANXA1;ASNS;G6PD;ERBB2;PDCD4;TP53;EEF2K;PXN;DIABLO;PRKCA;MYC;FN1;BCL2L11;ITGA2;SYK;CCNE1,1,3,3,2,,0.05,0.2,0.15,proxy_dimensions,3,,0,132,3,4.023368822955319e-101;2.377218203407151e-32;7.161035634492456e-14,2.698845881913121e-72;1.8292067880155536e-13,,,,,
KDR,2,4,CTNNB1;INPP4B,VHL;TUBA1B;EEF2;MYC,1,2,2,2,0.08293439099240184,0.05,0.4,0.2,reported,2,0.1817547616774149,2,133,2,3.464897636571101e-32;0.014210663764649733;0.5822223349657825,1.0772915863242575e-25;0.0006572877541826892,0.5254855039891568;0.1817547616774149,0.06321841650743439,True,-2.6358793767875155,-0.0820516929021183
KDR,1,44,CTNNB1,VHL;GAPDH;MYH11;CAV1;SERPINE1;IGFBP2;TUBA1B;ANXA1;CCNB1;TFRC;STAT5A;INPP4B;ASNS;CASP7;G6PD;KIT;TGM2;ERBB2;PDCD4;TP53;EEF2K;PXN;ETS1;PRKCA;EEF2;ATM;RAD51;MYC;FN1;RBM15;AR;PREX1;BCL2L11;ESR1;TSC1;ITGA2;SYK;MSH6;BAK1;MSH2;CCNE1;EIF4G1;TP53BP1;FOXM1,4,2,2,1,,0.05,0.2,0.2,proxy_dimensions,2,,0,134,2,4.490260408060359e-101;2.1695310781492883e-19,1.9947583745966314e-67,,,,,
KDR,2,21,TUBA1B;CASP7,VHL;GAPDH;IGFBP2;INPP4B;G6PD;SQSTM1;ERBB2;PDCD4;PXN;BRAF;MYC;RBM15;BCL2L11;ESR1;TSC1;ITGA2;GAB2;BAK1;CCNE1;EIF4G1;TP53BP1,1,3,3,2,,0.05,0.2,0.15,proxy_dimensions,3,,0,135,3,1.3993674626257996e-43;5.772261329427477e-17;2.027554789877301e-07,1.5429639701686788e-20;3.7380990564456985e-07,,,,,
KDR,0,0,,,1,0,0,0,,0.05,0.2,0.15,boundary_readout_dimension,0,,0,136,2,,,,,,,
KDR,1,16,CDH1,VHL;GAPDH;IGFBP2;TUBA1B;ANXA1;INPP4B;ASNS;KIT;SQSTM1;PDCD4;PXN;DIABLO;MYC;ESR1;BAK1;CCNE1,1,2,2,1,,0.05,0.2,0.15,proxy_dimensions,2,,0,137,2,8.973801373305296e-52;1.0178305732382948e-20,8.976060563037149e-33,,,,,
KDR,1,3,G6PD,VHL;TUBA1B;MYC,1,1,1,1,0.10647883221558721,0.05,0.4,0.15,boundary_readout_dimension,1,0.10647883221558722,1,138,2,4.617252832846344e-12;0.7990852709325257,0.04684442513619567,0.10647883221558722,0.06740594046652386,True,,
KDR,2,15,INPP4B;TP53,VHL;SERPINE1;IGFBP2;TUBA1B;ANXA1;KIT;ERBB2;PDCD4;EEF2K;PXN;MYC;FN1;BCL2L11;ITGA2;CCNE1,2,3,3,2,,0.05,0.2,0.15,proxy_dimensions,3,,0,139,3,9.923229660489663e-29;4.424681229658389e-12;6.365464853490419e-05,6.639758883377092e-12;4.87317019202418e-05,,,,,
KDR,1,18,KIT,VHL;GAPDH;TUBA1B;ANXA1;ASNS;CASP7;G6PD;SQSTM1;ERBB2;PDCD4;EEF2K;PXN;BRAF;EEF2;MYC;ESR1;ITGA2;SYK,1,2,2,1,,0.05,0.2,0.15,proxy_dimensions,2,,0,140,2,6.601190374143202e-49;4.5938314293642716e-12,1.1484977291627557e-11,,,,,
KDR,0,0,,,1,0,0,0,,0.05,0.2,0.15,no_shared_direction,0,,0,141,0,,,,,,,
KDR,1,2,CTNNB1,INPP4B;RBM15,1,2,2,1,,0.05,0.4,0.2,proxy_dimensions,2,,0,142,2,3.953622444633992e-25;0.00044518045045396313,1.1239685157942507e-15,,,,,
KDR,0,0,,,1,0,0,0,,0.05,0.2,0.15,no_shared_direction,0,,0,143,0,,,,,,,
KDR,3,2,CTNNB1;G6PD;KIT,VHL;MYC,1,2,2,2,0.09095562540369663,0.05,0.4,0.15,reported,2,0.21403033982683797,1,144,2,2.5566703427480305e-21;0.0001694391640102736,9.994895954165361e-17;0.0003069679761173458,0.4321680224935816;0.21403033982683797,0.09095562540369656,True,-2.5055593299604992,-0.0882378682951215
KDR,1,55,TUBA1B,VHL;GAPDH;MYH11;CAV1;SERPINE1;IGFBP2;ANXA1;CLDN7;CTNNB1;CCNB1;FASN;TFRC;STAT5A;INPP4B;CDH1;ASNS;CASP7;G6PD;KIT;HSPA1A;TGM2;SQSTM1;ERBB2;RAB25;PDCD4;ACACA;TP53;EEF2K;PXN;DIABLO;BRAF;ETS1;PRKCA;EEF2;ATM;RAD51;MYC;FN1;RBM15;AR;PREX1;BCL2L11;ESR1;TSC1;ITGA2;SYK;GAB2;CDH2;MSH6;BAK1;MSH2;CCNE1;EIF4G1;TP53BP1;FOXM1,1,2,2,1,,0.05,0.2,0.15,proxy_dimensions,2,,0,145,2,2.4101914459241664e-66;1.3775626944039421e-14,5.172060250787221e-16,,,,,
KDR,2,5,ANXA1;CDH1,TUBA1B;DIABLO;MYC;ITGA2;GAB2,1,2,2,1,0.03885714705834359,0.05,0.4,0.2,conditional_information_dimension,2,0.09014289781987957,0,146,2,4.9217709885036425e-21;0.0003183367820136394;0.3985072740332184,9.653344272914605e-21;0.09315951232808191,0.4952417036813364;0.09014289781987957,0.03776959334156843,False,,
KDR,1,54,INPP4B,VHL;GAPDH;MYH11;CAV1;SERPINE1;IGFBP2;TUBA1B;ANXA1;CLDN7;CTNNB1;CCNB1;FASN;TFRC;STAT5A;CDH1;ASNS;CASP7;G6PD;KIT;HSPA1A;TGM2;SQSTM1;ERBB2;RAB25;PDCD4;ACACA;TP53;EEF2K;PXN;DIABLO;BRAF;ETS1;PRKCA;EEF2;ATM;RAD51;MYC;FN1;RBM15;AR;PREX1;BCL2L11;ESR1;TSC1;SYK;GAB2;CDH2;MSH6;BAK1;MSH2;CCNE1;EIF4G1;TP53BP1;FOXM1,1,2,2,1,,0.05,0.2,0.15,proxy_dimensions,2,,0,147,2,6.95439274604334e-53;5.161264257479679e-25,6.503553013621059e-26,,,,,
KDR,1,17,GAB2,VHL;GAPDH;TUBA1B;ANXA1;ASNS;CASP7;G6PD;TGM2;ERBB2;TP53;PXN;EEF2;MYC;AR;MSH2;CCNE1;TP53BP1,1,2,2,1,,0.05,0.2,0.15,boundary_readout_dimension,2,,0,148,3,6.072014869060777e-35;5.2166067272727565e-11,1.8892562616612295e-14,,,,,
KDR,2,4,CTNNB1;TP53,VHL;CASP7;G6PD;MYC,2,2,2,2,0.12842898371319028,0.05,0.4,0.2,boundary_readout_dimension,2,0.24989758284050295,1,149,3,1.0715004447159803e-24;2.266547096040356e-06;0.13161148716317853,1.2967177791408191e-23;2.35747466593501e-06,0.48173854420917195;0.24989758284050295,0.09679055500239574,True,,
KDR,2,4,CTNNB1;TP53,TUBA1B;ANXA1;INPP4B;EEF2,1,2,2,1,0.03529968647291794,0.05,0.4,0.2,conditional_information_dimension,2,0.06951167928619698,0,150,2,2.1510191940093354e-30;2.4678875181267034e-06;0.43337949072747584,1.9535754983703676e-18;0.19579593017601837,0.4730494845591556;0.06951167928619698,0.036177452446440224,False,,
KDR,0,0,,,1,0,0,0,,0.05,0.2,0.15,no_shared_direction,0,,0,151,0,,,,,,,
KDR,1,22,CTNNB1,VHL;GAPDH;CAV1;SERPINE1;IGFBP2;ANXA1;INPP4B;ASNS;CASP7;G6PD;KIT;TGM2;SQSTM1;ERBB2;PDCD4;TP53;PXN;ETS1;FN1;BCL2L11;ITGA2;SYK,1,2,2,1,,0.05,0.2,0.15,proxy_dimensions,2,,0,152,2,4.6317143356864134e-58;3.3682855431647845e-18,1.3449729744709325e-36,,,,,
KDR,1,2,ASNS,EEF2;MYC,4,1,1,1,0.31757206247447145,0.05,0.4,0.2,reported,1,0.3175720624744714,1,153,1,4.845269726188234e-08;0.35007563556611543,1.2852187403081945e-09,0.3175720624744714,0.22342119258407103,True,-0.47859833203270574,-0.086864900944855
KDR,1,20,ACACA,VHL;GAPDH;IGFBP2;TUBA1B;ANXA1;TFRC;INPP4B;ASNS;CASP7;G6PD;KIT;PDCD4;TP53;EEF2K;PXN;EEF2;MYC;ESR1;SYK;CCNE1,1,2,2,1,,0.05,0.2,0.15,proxy_dimensions,2,,0,154,2,1.6217770696773137e-42;4.147826306531853e-19,1.0251938698679049e-19,,,,,
KDR,2,2,INPP4B;FOXM1,VHL;MYC,1,2,2,1,0.028643968035730792,0.05,0.4,0.15,conditional_information_dimension,2,0.06248982597133745,0,155,2,8.739821590104807e-11;0.015352332588721394,0.045553118518269146;0.24496174069936863,0.15462629368721517;0.06248982597133745,0.02864396803573077,False,,
KDR,2,3,CTNNB1;MSH2,VHL;TUBA1B;SQSTM1,1,2,2,1,0.02265055805499327,0.05,0.4,0.2,conditional_information_dimension,2,0.05641983882506813,0,156,2,9.127812727354959e-16;0.024687896304003424;0.92915571295158,9.055106319704201e-13;0.2939263843037121,0.4032156360785185;0.05641983882506813,0.018797861902131275,False,,
KDR,1,54,INPP4B,VHL;GAPDH;MYH11;CAV1;SERPINE1;IGFBP2;TUBA1B;ANXA1;CLDN7;CTNNB1;CCNB1;FASN;TFRC;STAT5A;CDH1;ASNS;CASP7;G6PD;KIT;HSPA1A;TGM2;SQSTM1;ERBB2;RAB25;PDCD4;ACACA;TP53;EEF2K;PXN;DIABLO;BRAF;ETS1;PRKCA;EEF2;ATM;RAD51;MYC;FN1;RBM15;AR;PREX1;BCL2L11;ESR1;TSC1;SYK;GAB2;CDH2;MSH6;BAK1;MSH2;CCNE1;EIF4G1;TP53BP1;FOXM1,1,2,2,1,,0.05,0.2,0.15,boundary_readout_dimension,2,,0,157,3,3.572888908513987e-56;1.4215226874446675e-19,5.053730031035543e-20,,,,,
KDR,1,3,CTNNB1,SQSTM1;MYC;ESR1,1,2,2,1,,0.05,0.4,0.2,proxy_dimensions,2,,0,158,2,4.571807160351175e-06;0.025215053764346906,5.7628261461576136e-05,,,,,
KDR,1,2,G6PD,VHL;MYC,1,1,1,0,0.08049499329731497,0.05,0.4,0.15,boundary_readout_dimension,1,0.08049499329731497,0,159,2,0.0006230640346307543;0.8487300587333813,0.13340455354611727,0.08049499329731497,0.06078471288249614,False,,
KDR,1,5,MYH11,VHL;ERBB2;DIABLO;EEF2;MYC,2,2,2,1,,0.05,0.4,0.2,proxy_dimensions,2,,0,160,2,2.0474697578199563e-11;0.0013742802245284567,1.7780216455382962e-08,,,,,
KDR,1,2,INPP4B,EEF2;MYC,1,1,1,0,0.05891879005561883,0.05,0.4,0.15,conditional_information_dimension,1,0.05891879005561883,0,161,1,0.0002919401359849321;0.1884131724285666,0.2723363639748809,0.05891879005561883,0.06394757649925902,False,,
KDR,1,54,G6PD,VHL;GAPDH;MYH11;CAV1;SERPINE1;IGFBP2;TUBA1B;ANXA1;CLDN7;CTNNB1;CCNB1;FASN;TFRC;STAT5A;INPP4B;CDH1;ASNS;CASP7;KIT;HSPA1A;TGM2;SQSTM1;ERBB2;RAB25;PDCD4;ACACA;TP53;EEF2K;PXN;DIABLO;BRAF;PRKCA;EEF2;ATM;RAD51;MYC;FN1;RBM15;AR;PREX1;BCL2L11;ESR1;TSC1;ITGA2;SYK;GAB2;CDH2;MSH6;BAK1;MSH2;CCNE1;EIF4G1;TP53BP1;FOXM1,1,2,2,1,,0.05,0.2,0.15,proxy_dimensions,2,,0,162,2,3.416418962298995e-67;3.822332529738217e-30,5.223824686243427e-35,,,,,
KDR,0,0,,,1,0,0,0,,0.05,0.2,0.15,boundary_readout_dimension,0,,0,163,1,,,,,,,
KDR,1,22,DIABLO,CAV1;SERPINE1;IGFBP2;TUBA1B;ANXA1;CLDN7;CTNNB1;TFRC;CDH1;ASNS;KIT;TGM2;SQSTM1;ERBB2;RAB25;PDCD4;MYC;FN1;AR;ESR1;ITGA2;GAB2,1,2,2,1,,0.05,0.2,0.15,proxy_dimensions,2,,0,164,2,6.711764474677194e-54;1.6441692488518652e-15,1.522123177306786e-17,,,,,
KDR,2,51,CASP7;KIT,VHL;GAPDH;MYH11;CAV1;SERPINE1;TUBA1B;CLDN7;CTNNB1;CCNB1;FASN;TFRC;STAT5A;INPP4B;CDH1;ASNS;G6PD;HSPA1A;TGM2;SQSTM1;RAB25;PDCD4;ACACA;TP53;EEF2K;PXN;DIABLO;BRAF;ETS1;PRKCA;EEF2;ATM;RAD51;MYC;FN1;RBM15;AR;PREX1;BCL2L11;ESR1;TSC1;ITGA2;SYK;GAB2;CDH2;MSH6;BAK1;MSH2;CCNE1;EIF4G1;TP53BP1;FOXM1,1,3,3,2,,0.05,0.2,0.15,proxy_dimensions,3,,0,165,3,4.054176331829897e-105;1.7735864628530564e-53;4.9245497331859045e-21,5.790713567611706e-78;7.961471635714701e-29,,,,,
KDR,1,54,GAPDH,VHL;MYH11;CAV1;SERPINE1;IGFBP2;TUBA1B;ANXA1;CLDN7;CTNNB1;CCNB1;FASN;TFRC;STAT5A;INPP4B;CDH1;ASNS;CASP7;KIT;HSPA1A;TGM2;SQSTM1;ERBB2;RAB25;PDCD4;ACACA;TP53;EEF2K;PXN;DIABLO;BRAF;ETS1;PRKCA;EEF2;ATM;RAD51;MYC;FN1;RBM15;AR;PREX1;BCL2L11;ESR1;TSC1;ITGA2;SYK;GAB2;CDH2;MSH6;BAK1;MSH2;CCNE1;EIF4G1;TP53BP1;FOXM1,1,2,2,1,,0.05,0.2,0.15,boundary_readout_dimension,2,,0,166,3,2.531678210425174e-88;2.4118593764352982e-30,2.2322615413356064e-59,,,,,
KDR,1,2,FOXM1,VHL;ESR1,1,2,2,1,,0.05,0.4,0.2,proxy_dimensions,2,,0,167,2,1.6330370611799143e-09;0.0002755083975843361,2.4286277755599656e-05,,,,,
KDR,2,4,ANXA1;CASP7,INPP4B;PXN;MYC;MSH2,1,3,3,2,,0.05,0.4,0.2,proxy_dimensions,3,,0,168,3,5.0747595688533944e-18;2.247626818107414e-06;0.011543244468478833,3.6089092755105486e-09;0.0010760931061390164,,,,,
KDR,3,2,ANXA1;STAT5A;MSH2,VHL;TUBA1B,2,2,2,2,0.06978875558367398,0.05,0.4,0.15,reported,2,0.2109505348500132,1,169,2,1.0268547045862724e-14;0.0011852428829907506,3.3769530756298204e-14;0.0003888518926255458,0.3982097133353147;0.2109505348500132,0.069788755583674,True,-0.6775698393206881,-0.0872908138948216
KDR,0,0,,,2,0,0,0,,0.05,0.2,0.15,no_shared_direction,0,,0,170,0,,,,,,,
KDR,0,0,,,1,0,0,0,,0.05,0.2,0.15,no_shared_direction,0,,0,171,0,,,,,,,
KDR,3,11,CTNNB1;INPP4B;FOXM1,VHL;SERPINE1;TUBA1B;TGM2;SQSTM1;ERBB2;TP53;FN1;ITGA2;CCNE1;TP53BP1,1,4,4,3,,0.05,0.2,0.15,proxy_dimensions,4,,0,172,4,4.391271455931338e-67;1.7957429312983262e-22;1.1322142891843901e-08;0.0026752821122945428,1.8437285073537627e-57;2.5112047906330354e-16;0.0018138501665538422,,,,,
KDR,2,26,CTNNB1;TP53,GAPDH;MYH11;CAV1;TUBA1B;TFRC;INPP4B;ASNS;G6PD;TGM2;SQSTM1;EEF2K;PXN;DIABLO;ETS1;EEF2;RAD51;RBM15;AR;BCL2L11;ESR1;TSC1;GAB2;CCNE1;EIF4G1;TP53BP1;FOXM1,1,3,3,2,,0.05,0.2,0.15,proxy_dimensions,3,,0,173,3,1.2973948876232203e-94;4.6146874348072935e-34;2.6851478994891443e-11,1.0873526779029914e-70;8.864738762752515e-24,,,,,
KDR,1,7,CDH1,VHL;IGFBP2;ANXA1;INPP4B;RBM15;ITGA2;MSH2,1,2,2,1,,0.05,0.4,0.2,proxy_dimensions,2,,0,174,2,1.0475220057284532e-23;8.463778528257203e-06,2.1778802746220256e-05,,,,,
KDR,2,23,CTNNB1;INPP4B,VHL;GAPDH;IGFBP2;ANXA1;G6PD;KIT;SQSTM1;ERBB2;TP53;BRAF;ETS1;EEF2;MYC;AR;BCL2L11;ESR1;TSC1;ITGA2;SYK;GAB2;BAK1;EIF4G1;TP53BP1,1,3,3,2,,0.05,0.2,0.15,proxy_dimensions,3,,0,175,3,1.201673896055746e-85;1.8501747695670706e-23;1.1725138833981555e-07,4.3975094042156515e-62;2.4956996452153335e-10,,,,,
KDR,3,2,ANXA1;INPP4B;PXN,VHL;ESR1,1,2,2,1,0.04637087380850072,0.05,0.4,0.2,conditional_information_dimension,2,0.11524333750389436,0,176,2,1.3819815551619192e-09;0.0011603899533177845,5.163250554292069e-08;0.09962656344067425,0.3315397566855161;0.11524333750389436,0.04637087380850074,False,,
KDR,2,19,ANXA1;BAK1,GAPDH;TUBA1B;FASN;TFRC;ASNS;G6PD;KIT;SQSTM1;ERBB2;PDCD4;ACACA;TP53;EEF2K;EEF2;MYC;AR;CCNE1;EIF4G1;TP53BP1,1,3,3,2,,0.05,0.2,0.15,boundary_readout_dimension,3,,0,177,4,3.14702008593152e-45;2.790797699930329e-28;4.28580014921989e-11,4.756531722169254e-34;7.138244459712873e-17,,,,,
KDR,1,1,CTNNB1,MYC,1,1,1,1,0.24604853853661496,0.05,0.4,0.15,boundary_readout_dimension,1,0.246048538536615,1,178,2,4.521666988223392e-06,3.2910992497230013e-06,0.246048538536615,0.24604853853661496,True,,
KDR,1,2,CTNNB1,INPP4B;MYC,1,2,2,1,,0.05,0.4,0.2,proxy_dimensions,2,,0,179,2,1.9706834347785562e-07;0.021643963081482396,0.013540931529685852,,,,,
KDR,2,4,CTNNB1;PREX1,VHL;TUBA1B;MYC;MSH2,1,3,3,1,,0.05,0.4,0.2,proxy_dimensions,3,,0,180,2,4.928791550474285e-30;0.000103660553058228;0.03953933529833366,9.962989603269464e-24;0.05785011311566062,,,,,
KDR,0,0,,,1,0,0,0,,0.05,0.2,0.15,no_shared_direction,0,,0,181,0,,,,,,,
KDR,1,2,ASNS,PXN;MYC,2,1,1,1,0.2686109887085485,0.05,0.4,0.2,reported,1,0.2686109887085485,1,182,1,1.4962568319167358e-12;0.057241914006944665,3.506629300871546e-07,0.2686109887085485,0.1921725846978713,True,1.468822714029893,0.04005325938332636
KDR,1,1,CTNNB1,MYC,1,1,1,1,0.27479545273900946,0.05,0.4,0.15,boundary_readout_dimension,1,0.27479545273900946,1,183,2,3.557948160739932e-07,1.8291648395739798e-07,0.27479545273900946,0.27479545273900946,True,,
KDR,1,55,INPP4B,VHL;GAPDH;MYH11;CAV1;SERPINE1;IGFBP2;TUBA1B;ANXA1;CLDN7;CTNNB1;CCNB1;FASN;TFRC;STAT5A;CDH1;ASNS;CASP7;G6PD;KIT;HSPA1A;TGM2;SQSTM1;ERBB2;RAB25;PDCD4;ACACA;TP53;EEF2K;PXN;DIABLO;BRAF;ETS1;PRKCA;EEF2;ATM;RAD51;MYC;FN1;RBM15;AR;PREX1;BCL2L11;ESR1;TSC1;ITGA2;SYK;GAB2;CDH2;MSH6;BAK1;MSH2;CCNE1;EIF4G1;TP53BP1;FOXM1,1,2,2,1,,0.05,0.2,0.15,proxy_dimensions,2,,0,184,2,1.2352310393881096e-52;3.5839338106232885e-21,6.492725385588852e-26,,,,,
KDR,2,3,ANXA1;PXN,VHL;TP53;MYC,1,2,2,1,0.016066476996277054,0.05,0.4,0.15,boundary_readout_dimension,2,0.03370907608407846,0,185,3,1.3067135241372919e-11;0.00128856355271814;0.27423082422147993,9.194935712252463e-06;0.5308231578202491,0.28024784888137383;0.03370907608407846,0.02738169728922246,False,,
KDR,1,3,CTNNB1,INPP4B;MYC;ITGA2,1,2,2,1,,0.05,0.4,0.2,proxy_dimensions,2,,0,186,2,2.3178216833305742e-15;1.068080900949874e-08,6.449619346703804e-09,,,,,
KDR,1,9,CTNNB1,VHL;GAPDH;IGFBP2;G6PD;ERBB2;BRAF;MYC;BCL2L11;ESR1,1,2,2,1,,0.05,0.2,0.15,proxy_dimensions,2,,0,187,2,1.4558895263899977e-45;1.3201752630658415e-05,7.40630392731139e-38,,,,,
KDR,2,7,CTNNB1;G6PD,VHL;FASN;SQSTM1;ACACA;EEF2;MYC;ESR1,1,3,3,2,,0.05,0.4,0.2,boundary_readout_dimension,3,,0,188,4,1.0584834904922036e-33;5.698030813030318e-09;0.04077836465857353,3.9600473795259565e-29;1.2233343607435458e-05,,,,,
KDR,1,13,KIT,VHL;SERPINE1;ANXA1;INPP4B;G6PD;SQSTM1;ERBB2;TP53;EEF2;FN1;RBM15;BCL2L11;ESR1,2,2,2,1,,0.05,0.2,0.15,boundary_readout_dimension,2,,0,189,3,1.265182626459706e-19;2.7753266039924503e-05,2.9692217472599807e-09,,,,,
KDR,3,2,ANXA1;CTNNB1;KIT,VHL;INPP4B,1,2,2,2,0.061268010004327626,0.05,0.4,0.15,reported,2,0.1577717252145874,1,190,2,1.962597950189973e-23;0.005351319644425775,1.9986532359142935e-18;0.012930057887415799,0.47206577994787374;0.1577717252145874,0.061268010004327626,True,-3.7895928444366302,-0.13823618601242385
KDR,2,4,CTNNB1;TP53,VHL;INPP4B;CASP7;SQSTM1,6,2,2,2,0.05184601984904445,0.05,0.4,0.2,reported,2,0.10894790958157011,1,191,2,1.4642900305103438e-18;0.0006651457986384183;0.45377653753279834,5.591359664034474e-16;0.04224163971937006,0.4377092437533961;0.10894790958157011,0.04320109996669709,True,-3.8056206243104707,0.009584564097882638
KDR,0,0,,,2,0,0,0,,0.05,0.2,0.15,boundary_readout_dimension,0,,0,192,1,,,,,,,
KDR,2,4,INPP4B;CDH1,VHL;IGFBP2;ANXA1;MYC,1,1,1,1,0.12126571650015058,0.05,0.4,0.2,reported,1,0.1730836756187401,1,193,1,1.1985578950682207e-14;0.120712693306864;0.3648163241315805,0.00518520976741713,0.1730836756187401,0.08127111278184436,True,-4.795522810233565,-0.04487344090153585
KDR,2,10,CTNNB1;FOXM1,VHL;GAPDH;TUBA1B;INPP4B;CASP7;G6PD;EEF2;MYC;ITGA2;GAB2,1,3,3,2,,0.05,0.4,0.25,proxy_dimensions,3,,0,194,3,1.1091969067756502e-87;8.501398335743547e-39;3.6574631840820455e-15,1.3358557414977936e-64;1.319952118319293e-26,,,,,
KDR,0,0,,,2,0,0,0,,0.05,0.2,0.15,no_shared_direction,0,,0,195,0,,,,,,,
KDR,1,15,CTNNB1,TUBA1B;INPP4B;ASNS;CASP7;G6PD;ERBB2;EEF2K;PXN;DIABLO;EEF2;MYC;RBM15;BCL2L11;ESR1;BAK1,1,2,2,1,,0.05,0.2,0.15,boundary_readout_dimension,2,,0,196,3,1.5122821030471627e-79;3.513161811215702e-08,4.1909381419186227e-61,,,,,
KDR,1,18,CTNNB1,VHL;CAV1;SERPINE1;IGFBP2;ANXA1;TFRC;INPP4B;G6PD;TGM2;ERBB2;PDCD4;TP53;BRAF;EEF2;FN1;RBM15;ESR1;ITGA2,4,2,2,1,,0.05,0.2,0.15,proxy_dimensions,2,,0,197,2,5.962767411550232e-72;3.666634586311744e-14,1.5145601408591304e-49,,,,,
KDR,1,3,AR,VHL;TUBA1B;MYC,1,2,2,1,,0.05,0.4,0.15,proxy_dimensions,2,,0,198,2,1.2359043431089844e-16;1.3010991998635643e-05,3.0664634136999876e-11,,,,,
KDR,0,0,,,4,0,0,0,,0.05,0.2,0.15,boundary_readout_dimension,0,,0,199,2,,,,,,,
KDR,1,4,TP53,TUBA1B;INPP4B;EEF2;MYC,1,2,2,1,,0.05,0.4,0.2,boundary_readout_dimension,2,,0,200,3,5.759302326271318e-13;0.04685091018136942,0.03133978269338874,,,,,
KDR,1,17,CTNNB1,TUBA1B;ANXA1;INPP4B;CASP7;KIT;SQSTM1;ERBB2;EEF2K;PXN;DIABLO;MYC;RBM15;BCL2L11;ESR1;SYK;GAB2;CCNE1,2,2,2,1,,0.05,0.2,0.15,proxy_dimensions,2,,0,201,2,1.095701755296385e-55;2.2093670423831838e-08,2.993030889509451e-44,,,,,
KDR,1,55,G6PD,VHL;GAPDH;MYH11;CAV1;SERPINE1;IGFBP2;TUBA1B;ANXA1;CLDN7;CTNNB1;CCNB1;FASN;TFRC;STAT5A;INPP4B;CDH1;ASNS;CASP7;KIT;HSPA1A;TGM2;SQSTM1;ERBB2;RAB25;PDCD4;ACACA;TP53;EEF2K;PXN;DIABLO;BRAF;ETS1;PRKCA;EEF2;ATM;RAD51;MYC;FN1;RBM15;AR;PREX1;BCL2L11;ESR1;TSC1;ITGA2;SYK;GAB2;CDH2;MSH6;BAK1;MSH2;CCNE1;EIF4G1;TP53BP1;FOXM1,2,2,2,1,,0.05,0.2,0.15,proxy_dimensions,2,,0,202,2,3.116121883921114e-76;4.60765922397978e-30,1.6809669774415447e-30,,,,,
KDR,1,5,PREX1,VHL;SQSTM1;MYC;ESR1;GAB2,1,2,2,1,,0.05,0.4,0.2,proxy_dimensions,2,,0,203,2,2.251414660022681e-12;8.90648058692852e-07,1.1890960015156647e-06,,,,,
KDR,1,10,INPP4B,TUBA1B;G6PD;TP53;PRKCA;MYC;BCL2L11;ESR1;ITGA2;MSH2;CCNE1,1,2,2,1,,0.05,0.2,0.15,boundary_readout_dimension,2,,0,204,3,3.6046498244995016e-17;2.0329844417564255e-05,4.3246413789007194e-05,,,,,
KDR,2,20,CASP7;TP53,GAPDH;IGFBP2;TUBA1B;ANXA1;FASN;TFRC;INPP4B;ASNS;G6PD;HSPA1A;ACACA;PXN;DIABLO;BRAF;RBM15;AR;TSC1;SYK;CDH2;BAK1,1,3,3,2,,0.05,0.2,0.15,proxy_dimensions,3,,0,205,3,2.3580498326871973e-67;4.0909694060464424e-29;5.133575759054179e-10,6.508096832196138e-45;2.5051353926311153e-13,,,,,
KDR,1,2,CTNNB1,VHL;EEF2,1,2,2,1,,0.05,0.4,0.2,proxy_dimensions,2,,0,206,2,2.244161435141389e-16;0.04390362560651611,6.096952348815674e-15,,,,,
KDR,2,15,CTNNB1;KIT,VHL;GAPDH;TUBA1B;INPP4B;G6PD;ERBB2;TP53;PXN;DIABLO;ETS1;MYC;RBM15;BCL2L11;ESR1;ITGA2,1,3,3,2,,0.05,0.2,0.15,proxy_dimensions,3,,0,207,3,1.2598569502310193e-72;1.8701172529192234e-17;0.0011211037994437085,8.031325227908279e-47;6.048250327626784e-05,,,,,
KDR,2,22,INPP4B;SYK,VHL;GAPDH;SERPINE1;TUBA1B;FASN;G6PD;KIT;SQSTM1;PDCD4;ACACA;TP53;EEF2K;PXN;DIABLO;MYC;FN1;BCL2L11;ESR1;ITGA2;GAB2;CCNE1;EIF4G1,1,3,3,2,,0.05,0.2,0.15,proxy_dimensions,3,,0,208,3,1.2904645999798722e-38;3.9248663533649863e-10;0.0029827830481375613,8.671633583243481e-14;0.00365687348070519,,,,,
KDR,2,51,CASP7;G6PD,VHL;MYH11;CAV1;SERPINE1;IGFBP2;TUBA1B;ANXA1;CLDN7;CTNNB1;CCNB1;FASN;TFRC;STAT5A;INPP4B;CDH1;ASNS;KIT;HSPA1A;TGM2;SQSTM1;ERBB2;RAB25;PDCD4;ACACA;TP53;EEF2K;PXN;DIABLO;BRAF;ETS1;PRKCA;EEF2;ATM;RAD51;MYC;FN1;RBM15;PREX1;BCL2L11;ESR1;TSC1;ITGA2;GAB2;CDH2;MSH6;BAK1;MSH2;CCNE1;EIF4G1;TP53BP1;FOXM1,1,3,3,2,,0.05,0.2,0.15,proxy_dimensions,3,,0,209,3,4.8988793180597723e-107;3.201495790229648e-45;2.1386033673931847e-17,1.4903922013841694e-68;2.2823828507433133e-18,,,,,
KDR,1,55,ANXA1,VHL;GAPDH;MYH11;CAV1;SERPINE1;IGFBP2;TUBA1B;CLDN7;CTNNB1;CCNB1;FASN;TFRC;STAT5A;INPP4B;CDH1;ASNS;CASP7;G6PD;KIT;HSPA1A;TGM2;SQSTM1;ERBB2;RAB25;PDCD4;ACACA;TP53;EEF2K;PXN;DIABLO;BRAF;ETS1;PRKCA;EEF2;ATM;RAD51;MYC;FN1;RBM15;AR;PREX1;BCL2L11;ESR1;TSC1;ITGA2;SYK;GAB2;CDH2;MSH6;BAK1;MSH2;CCNE1;EIF4G1;TP53BP1;FOXM1,1,2,2,1,,0.05,0.2,0.15,boundary_readout_dimension,2,,0,210,3,1.4112634451770204e-59;8.219091523408954e-16,3.7971454171560046e-17,,,,,
KDR,0,0,,,1,0,0,0,,0.05,0.2,0.15,boundary_readout_dimension,0,,0,211,2,,,,,,,
KDR,0,0,,,1,0,0,0,,0.05,0.2,0.15,no_shared_direction,0,,0,212,0,,,,,,,
KDR,0,0,,,2,0,0,0,,0.05,0.2,0.15,boundary_readout_dimension,0,,0,213,2,,,,,,,
KDR,2,3,CTNNB1;G6PD,VHL;SQSTM1;DIABLO,1,3,3,2,,0.05,0.4,0.2,proxy_dimensions,3,,0,214,3,1.2390488926131697e-15;0.0002021844018210567;0.0039732712030368855,2.5619631055520418e-14;0.005227125596883488,,,,,
KDR,1,9,MSH2,VHL;GAPDH;TUBA1B;CASP7;ERBB2;TP53;EEF2K;BCL2L11;CCNE1,1,2,2,1,,0.05,0.2,0.15,proxy_dimensions,2,,0,215,2,1.362142700035559e-50;7.745560383405474e-11,1.6058044272259787e-42,,,,,
KDR,1,2,TP53,ANXA1;MYC,1,2,2,0,,0.05,0.4,0.15,proxy_dimensions,2,,0,216,2,1.4507516612908655e-12;0.033074523137260545,0.06554424483140206,,,,,
KDR,1,10,KIT,VHL;IGFBP2;TUBA1B;TFRC;ERBB2;TP53;MYC;AR;BCL2L11;ITGA2,1,2,2,1,,0.05,0.2,0.15,proxy_dimensions,2,,0,217,2,1.5663954408501057e-26;1.8291160246636993e-10,1.493934763420074e-11,,,,,
KDR,2,4,CTNNB1;KIT,VHL;CASP7;ERBB2;MYC,3,3,3,1,,0.05,0.4,0.2,proxy_dimensions,3,,0,218,2,2.1304175090090816e-27;0.019768147595285678;0.024815485728130374,1.743043016121227e-23;0.05665836398272193,,,,,
KDR,1,8,CTNNB1,TUBA1B;INPP4B;EEF2;MYC;RBM15;ESR1;ITGA2;TP53BP1,2,2,2,1,,0.05,0.4,0.25,proxy_dimensions,2,,0,219,2,1.8272535651754987e-41;2.3388614827226004e-09,1.4217649042890976e-28,,,,,
KDR,2,8,CASP7;PXN,VHL;TUBA1B;ANXA1;TGM2;SQSTM1;ERBB2;BRAF;EIF4G1,1,3,3,2,,0.05,0.2,0.15,proxy_dimensions,3,,0,220,3,3.4917438642399215e-24;7.956643335123677e-09;0.002541516673258802,1.1457800986117145e-15;6.406554968575704e-05,,,,,
KDR,3,4,CTNNB1;STAT5A;TP53,VHL;ANXA1;MYC;GAB2,1,4,4,3,,0.05,0.4,0.2,proxy_dimensions,4,,0,221,4,1.6686537598472848e-34;6.626484863743826e-13;3.236223026057073e-06;0.005750407412755284,1.840347283146708e-32;3.6634276617733544e-11;0.0007161479988711054,,,,,
KDR,2,7,CTNNB1;INPP4B,IGFBP2;ANXA1;G6PD;EEF2;MYC;ITGA2;GAB2,1,2,2,2,0.058133949189935315,0.05,0.4,0.2,reported,2,0.11202543307003969,1,222,2,4.212592478686743e-29;9.98171168616699e-14;0.1133362527908979,2.364859242749382e-21;0.03671986452117276,0.4981480090028726;0.11202543307003969,0.05390101641326856,True,0.6393405601340684,-0.002182961193460173
KDR,2,15,CTNNB1;PXN,SERPINE1;IGFBP2;TUBA1B;ANXA1;ASNS;CASP7;SQSTM1;ERBB2;PDCD4;EEF2K;DIABLO;MYC;FN1;ESR1;ITGA2,4,3,3,2,,0.05,0.2,0.15,proxy_dimensions,3,,0,223,3,4.036029870558066e-68;1.8470716706438595e-23;1.9137405872177627e-09,4.404989920863973e-50;1.1193807934644196e-14,,,,,
KDR,3,2,ANXA1;ASNS;MSH2,VHL;MYC,2,2,2,2,0.0660774185870457,0.05,0.4,0.15,reported,2,0.15894706548933202,1,224,2,1.429746256036544e-10;0.023838033085265883,1.7459542400748137e-08;0.01210585676374604,0.32424203811533375;0.15894706548933202,0.06607741858704565,True,-0.5772889214554751,-0.031953462611957424
KDR,1,55,CASP7,VHL;GAPDH;MYH11;CAV1;SERPINE1;IGFBP2;TUBA1B;ANXA1;CLDN7;CTNNB1;CCNB1;FASN;TFRC;STAT5A;INPP4B;CDH1;ASNS;G6PD;KIT;HSPA1A;TGM2;SQSTM1;ERBB2;RAB25;PDCD4;ACACA;TP53;EEF2K;PXN;DIABLO;BRAF;ETS1;PRKCA;EEF2;ATM;RAD51;MYC;FN1;RBM15;AR;PREX1;BCL2L11;ESR1;TSC1;ITGA2;SYK;GAB2;CDH2;MSH6;BAK1;MSH2;CCNE1;EIF4G1;TP53BP1;FOXM1,1,2,2,1,,0.05,0.2,0.15,proxy_dimensions,2,,0,225,2,1.4934272191491832e-88;5.6223489696895104e-36,1.105748753145185e-40,,,,,
KDR,0,0,,,1,0,0,0,,0.05,0.2,0.15,no_shared_direction,0,,0,226,0,,,,,,,
KDR,1,1,CTNNB1,MYC,1,1,1,1,0.2726153915232675,0.05,0.4,0.15,reported,1,0.27261539152326747,1,227,1,6.385971551646068e-07,2.3050849041484838e-07,0.27261539152326747,0.2726153915232675,True,-0.8526632771749753,-0.07773778593610144
KDR,2,11,CASP7;PREX1,IGFBP2;TUBA1B;ANXA1;INPP4B;SQSTM1;EEF2K;DIABLO;MYC;ESR1;ITGA2;MSH2,1,3,3,2,,0.05,0.4,0.25,proxy_dimensions,3,,0,228,3,1.2709650274671553e-34;2.7483047949071718e-17;4.717099317511551e-06,1.2744229012366438e-22;9.12350656624658e-08,,,,,
KDR,2,7,CTNNB1;FOXM1,VHL;ANXA1;INPP4B;G6PD;PXN;MYC;ESR1,1,3,3,2,,0.05,0.4,0.2,proxy_dimensions,3,,0,229,3,8.930714928054046e-60;1.6798691073891438e-20;1.1374805484810306e-05,4.2744707076599565e-36;6.643867313103785e-15,,,,,
KDR,1,2,CTNNB1,TUBA1B;TP53,1,1,1,1,0.33749125021445836,0.05,0.4,0.15,boundary_readout_dimension,1,0.3374912502144583,1,230,2,1.572046795479536e-12;0.06826510658560866,9.602289430134276e-11,0.3374912502144583,0.23929399523509157,True,,
KDR,1,55,SYK,VHL;GAPDH;MYH11;CAV1;SERPINE1;IGFBP2;TUBA1B;ANXA1;CLDN7;CTNNB1;CCNB1;FASN;TFRC;STAT5A;INPP4B;CDH1;ASNS;CASP7;G6PD;KIT;HSPA1A;TGM2;SQSTM1;ERBB2;RAB25;PDCD4;ACACA;TP53;EEF2K;PXN;DIABLO;BRAF;ETS1;PRKCA;EEF2;ATM;RAD51;MYC;FN1;RBM15;AR;PREX1;BCL2L11;ESR1;TSC1;ITGA2;GAB2;CDH2;MSH6;BAK1;MSH2;CCNE1;EIF4G1;TP53BP1;FOXM1,1,2,2,1,,0.05,0.2,0.15,proxy_dimensions,2,,0,231,2,4.784532473063756e-89;6.015432345367074e-35,2.6147759624285173e-54,,,,,
KDR,2,4,MYH11;INPP4B,VHL;TUBA1B;G6PD;MYC,1,3,3,1,,0.05,0.4,0.2,proxy_dimensions,3,,0,232,3,7.412408817148526e-12;3.351317159257035e-06;0.02949179087717728,6.313752461182402e-07;0.05256329915987747,,,,,
KDR,2,3,INPP4B;FOXM1,VHL;SQSTM1;MYC,1,2,2,1,0.03740105329761152,0.05,0.4,0.2,conditional_information_dimension,2,0.08402886217781914,0,233,2,1.1883066680218236e-06;0.047927886183238504;0.4496606892618257,0.021669471002468053;0.11766145570824332,0.16062999331829494;0.08402886217781914,0.03339979022502371,False,,
KDR,1,3,CDH1,INPP4B;MYC;ESR1,1,2,2,1,,0.05,0.4,0.2,boundary_readout_dimension,2,,0,234,3,1.1007745290846641e-10;0.009367314977450294,0.0002816573470643271,,,,,
KDR,1,4,INPP4B,VHL;SQSTM1;MYC;MSH2,1,1,1,0,0.0975493171416158,0.05,0.4,0.2,boundary_readout_dimension,1,0.0975493171416158,0,235,2,4.946790311783053e-06;0.13868794343031232,0.06873235871579278,0.0975493171416158,0.07803416137397565,False,,
KDR,1,1,CTNNB1,ITGA2,1,1,1,1,0.26927613964487496,0.05,0.4,0.2,reported,1,0.26927613964487496,1,236,1,1.710481702815789e-09,3.272115376976958e-07,0.26927613964487496,0.26927613964487496,True,0.9806340376933412,0.06278040219517358
KDR,1,52,CTNNB1,VHL;GAPDH;MYH11;CAV1;SERPINE1;IGFBP2;TUBA1B;ANXA1;CLDN7;CCNB1;FASN;TFRC;STAT5A;INPP4B;ASNS;CASP7;G6PD;KIT;HSPA1A;TGM2;SQSTM1;RAB25;PDCD4;ACACA;EEF2K;PXN;DIABLO;BRAF;ETS1;PRKCA;EEF2;ATM;RAD51;MYC;FN1;RBM15;AR;PREX1;BCL2L11;ESR1;TSC1;ITGA2;SYK;GAB2;CDH2;MSH6;BAK1;MSH2;CCNE1;EIF4G1;TP53BP1;FOXM1,1,2,2,1,,0.05,0.2,0.2,proxy_dimensions,2,,0,237,2,5.646121768389201e-102;1.1916443310165201e-24,5.475528788627797e-62,,,,,
KDR,1,27,CTNNB1,VHL;IGFBP2;TUBA1B;ANXA1;CCNB1;TFRC;INPP4B;CASP7;G6PD;SQSTM1;ERBB2;TP53;EEF2K;PXN;DIABLO;ETS1;MYC;RBM15;BCL2L11;ESR1;ITGA2;SYK;GAB2;MSH6;MSH2;CCNE1;TP53BP1,2,2,2,1,,0.05,0.2,0.15,proxy_dimensions,2,,0,238,2,1.18227251012677e-70;1.5583661294904431e-19,4.544860208483484e-44,,,,,
KDR,1,6,CASP7,VHL;TUBA1B;INPP4B;TP53;EEF2;MYC,1,2,2,1,,0.05,0.4,0.2,boundary_readout_dimension,2,,0,239,3,3.929580324064206e-20;7.765899487869045e-07,7.106889190153872e-16,,,,,
KDR,2,14,CTNNB1;G6PD,VHL;GAPDH;TUBA1B;ANXA1;ASNS;KIT;SQSTM1;EEF2K;PXN;DIABLO;BRAF;EEF2;BAK1;TP53BP1,1,3,3,2,,0.05,0.2,0.15,proxy_dimensions,3,,0,240,3,3.779807337013085e-69;4.783635190219224e-19;3.380245364566668e-08,5.55205338835679e-49;4.5410969752704213e-13,,,,,
KDR,0,0,,,1,0,0,0,,0.05,0.2,0.15,boundary_readout_dimension,0,,0,241,2,,,,,,,
KDR,2,6,MYH11;CTNNB1,VHL;IGFBP2;TUBA1B;ANXA1;ERBB2;MYC,1,3,3,2,,0.05,0.4,0.2,proxy_dimensions,3,,0,242,3,7.582818719325751e-51;8.326826905667399e-13;0.024248811279393833,2.7783808306227665e-37;1.3600281930346923e-06,,,,,
KDR,3,4,CTNNB1;KIT;FOXM1,VHL;IGFBP2;INPP4B;SQSTM1,1,3,3,3,0.04970349682496305,0.05,0.4,0.2,reported,3,0.1625474353052631,1,243,3,6.387804174679544e-42;5.336035934600459e-12;0.0006195477991062308;0.6324970446525453,2.3640108392670695e-27;9.24582132276457e-10;0.0023877515520033467,0.5016996833119374;0.32644018621826754;0.1625474353052631,0.044686382606591864,True,-1.758917941087434,-0.16870262038994246
KDR,0,0,,,2,0,0,0,,0.05,0.2,0.15,no_shared_direction,0,,0,244,0,,,,,,,
KDR,1,3,G6PD,TUBA1B;INPP4B;MYC,4,2,2,1,,0.05,0.4,0.2,proxy_dimensions,2,,0,245,2,5.719049949872972e-17;0.000567593088415079,0.0005671303734581491,,,,,
KDR,1,2,CTNNB1,VHL;TUBA1B,1,1,1,1,0.4448289336470792,0.05,0.4,0.15,reported,1,0.4448289336470791,1,246,1,1.609269984113805e-19;0.7001458660015256,2.3175555447633178e-18,0.4448289336470791,0.3587293903768939,True,-1.410182691484792,-0.11078419388074687
KDR,1,29,KIT,VHL;CAV1;SERPINE1;IGFBP2;TUBA1B;ANXA1;CCNB1;TFRC;ASNS;CASP7;G6PD;TGM2;SQSTM1;ERBB2;PDCD4;EEF2K;PXN;EEF2;ATM;MYC;FN1;BCL2L11;ESR1;ITGA2;SYK;GAB2;MSH6;MSH2;CCNE1,1,2,2,1,,0.05,0.2,0.15,proxy_dimensions,2,,0,247,2,1.1048112492048347e-48;6.46041211918775e-22,4.5432890008191755e-28,,,,,
KDR,0,0,,,1,0,0,0,,0.05,0.2,0.15,boundary_readout_dimension,0,,0,248,2,,,,,,,
KDR,2,5,CTNNB1;CDH1,SQSTM1;PXN;EEF2;MYC;ESR1,1,3,3,2,,0.05,0.4,0.25,proxy_dimensions,3,,0,249,3,2.267688202216791e-39;7.397632771524358e-11;0.008228279257515366,2.000119743801884e-34;3.668449054475461e-10,,,,,
KDR,1,55,INPP4B,VHL;GAPDH;MYH11;CAV1;SERPINE1;IGFBP2;TUBA1B;ANXA1;CLDN7;CTNNB1;CCNB1;FASN;TFRC;STAT5A;CDH1;ASNS;CASP7;G6PD;KIT;HSPA1A;TGM2;SQSTM1;ERBB2;RAB25;PDCD4;ACACA;TP53;EEF2K;PXN;DIABLO;BRAF;ETS1;PRKCA;EEF2;ATM;RAD51;MYC;FN1;RBM15;AR;PREX1;BCL2L11;ESR1;TSC1;ITGA2;SYK;GAB2;CDH2;MSH6;BAK1;MSH2;CCNE1;EIF4G1;TP53BP1;FOXM1,1,2,2,1,,0.05,0.4,0.2,proxy_dimensions,2,,0,250,2,8.826758309684037e-71;2.2077619122592476e-32,2.661685398542165e-32,,,,,
KDR,0,0,,,1,0,0,0,,0.05,0.2,0.15,no_shared_direction,0,,0,251,0,,,,,,,
KDR,1,19,TP53,GAPDH;IGFBP2;TUBA1B;ANXA1;G6PD;TGM2;ERBB2;DIABLO;BRAF;EEF2;MYC;BCL2L11;ESR1;ITGA2;GAB2;MSH2;CCNE1;EIF4G1;TP53BP1,4,2,2,1,,0.05,0.2,0.15,proxy_dimensions,2,,0,252,2,1.8511633078916913e-45;1.5086543423071982e-12,1.6250998934041972e-31,,,,,
KDR,1,1,ASNS,MYC,1,1,1,0,0.047263036070038685,0.05,0.4,0.15,conditional_information_dimension,1,0.047263036070038685,0,253,1,0.010152437728657713,0.37871295960606155,0.047263036070038685,0.047263036070038685,False,,
KDR,1,1,G6PD,VHL,4,1,1,0,0.04157949198639725,0.05,0.4,0.15,boundary_readout_dimension,1,0.04157949198639725,0,254,2,0.030712657222684056,0.43874351378906895,0.04157949198639725,0.04157949198639725,False,,
KDR,1,55,ANXA1,VHL;GAPDH;MYH11;CAV1;SERPINE1;IGFBP2;TUBA1B;CLDN7;CTNNB1;CCNB1;FASN;TFRC;STAT5A;INPP4B;CDH1;ASNS;CASP7;G6PD;KIT;HSPA1A;TGM2;SQSTM1;ERBB2;RAB25;PDCD4;ACACA;TP53;EEF2K;PXN;DIABLO;BRAF;ETS1;PRKCA;EEF2;ATM;RAD51;MYC;FN1;RBM15;AR;PREX1;BCL2L11;ESR1;TSC1;ITGA2;SYK;GAB2;CDH2;MSH6;BAK1;MSH2;CCNE1;EIF4G1;TP53BP1;FOXM1,1,2,2,1,,0.05,0.2,0.15,proxy_dimensions,2,,0,255,2,8.763408631197107e-70;1.0963100084720902e-23,8.737427833229905e-34,,,,,
KDR,2,13,CASP7;KIT,IGFBP2;ANXA1;STAT5A;INPP4B;PDCD4;PXN;PRKCA;EEF2;ATM;MYC;BCL2L11;GAB2;CCNE1,1,3,3,2,,0.05,0.2,0.15,proxy_dimensions,3,,0,256,3,5.719723278018254e-53;2.0721555859262032e-23;2.610525897995842e-07,3.1850916657804014e-38;2.2679360074815092e-12,,,,,
KDR,2,1,CTNNB1;PREX1,VHL,2,1,1,1,0.23043104764892205,0.05,0.4,0.15,boundary_readout_dimension,1,0.3501198243382493,1,257,2,1.7001303712088727e-11,1.49475285246159e-10,0.3501198243382493,0.23043104764892205,True,,
KDR,2,3,CTNNB1;STAT5A,VHL;MYC;ESR1,1,2,2,2,0.075405838818147,0.05,0.4,0.2,reported,2,0.178824557517806,1,258,2,3.0431474865530915e-22;0.005663198458784645;0.2962325985050899,8.963600446238457e-16;0.0008052946083048742,0.4153074026966749;0.178824557517806,0.06133304403573456,True,-1.4884360671165877,-0.10451217750355037
KDR,3,4,ANXA1;CTNNB1;G6PD,TUBA1B;INPP4B;DIABLO;MYC,5,2,2,2,0.0780364630462582,0.05,0.4,0.2,boundary_readout_dimension,2,0.18138148323110073,1,259,3,3.871643018966895e-22;0.0013622378193624998;0.7681217603842605;0.9576233054386826,2.9138369596836474e-12;0.0031179726392698065,0.38159295540332605;0.18138148323110073,0.056946625231206915,True,,
KDR,1,5,ATM,IGFBP2;TUBA1B;ANXA1;MYC;ITGA2,4,2,2,1,,0.05,0.4,0.2,proxy_dimensions,2,,0,260,2,2.830375717658605e-17;3.865418625024849e-07,2.4001630556964437e-07,,,,,
KDR,1,1,KIT,MYC,1,1,1,0,0.04190725954049662,0.05,0.4,0.15,boundary_readout_dimension,1,0.04190725954049662,0,261,2,0.02061496025486419,0.43514020029535383,0.04190725954049662,0.04190725954049662,False,,
KDR,1,55,KIT,VHL;GAPDH;MYH11;CAV1;SERPINE1;IGFBP2;TUBA1B;ANXA1;CLDN7;CTNNB1;CCNB1;FASN;TFRC;STAT5A;INPP4B;CDH1;ASNS;CASP7;G6PD;HSPA1A;TGM2;SQSTM1;ERBB2;RAB25;PDCD4;ACACA;TP53;EEF2K;PXN;DIABLO;BRAF;ETS1;PRKCA;EEF2;ATM;RAD51;MYC;FN1;RBM15;AR;PREX1;BCL2L11;ESR1;TSC1;ITGA2;SYK;GAB2;CDH2;MSH6;BAK1;MSH2;CCNE1;EIF4G1;TP53BP1;FOXM1,1,2,2,1,,0.05,0.2,0.15,proxy_dimensions,2,,0,262,2,1.4198046658707595e-73;2.060004911059127e-33,9.446824165223619e-38,,,,,
KDR,1,4,G6PD,VHL;TUBA1B;ANXA1;MYC,1,2,2,1,,0.05,0.4,0.15,proxy_dimensions,2,,0,263,2,3.639157253192375e-13;0.032633991201638256,0.04307276172261365,,,,,
KDR,0,0,,,2,0,0,0,,0.05,0.2,0.15,no_shared_direction,0,,0,264,0,,,,,,,
KDR,1,5,MYH11,ANXA1;INPP4B;EEF2K;MYC;RBM15,1,2,2,1,,0.05,0.4,0.2,proxy_dimensions,2,,0,265,2,9.281430904256737e-16;0.0002941848791370914,4.1621841726397194e-05,,,,,
KDR,1,5,CTNNB1,ANXA1;INPP4B;MYC;RBM15;ESR1,1,2,2,1,,0.05,0.4,0.2,proxy_dimensions,2,,0,266,2,2.3525341547179945e-36;3.098268378632408e-07,6.365241478242964e-25,,,,,
KDR,2,8,SERPINE1;CTNNB1,VHL;IGFBP2;ANXA1;INPP4B;EEF2;MYC;ITGA2;MSH2,1,3,3,2,,0.05,0.4,0.2,proxy_dimensions,3,,0,267,3,9.21771670587332e-44;1.9851568152749408e-18;0.036164379734090174,1.7087724435210806e-32;4.552197671321041e-08,,,,,
KDR,1,28,CTNNB1,VHL;SERPINE1;IGFBP2;TUBA1B;ANXA1;FASN;INPP4B;ASNS;G6PD;KIT;SQSTM1;ERBB2;PDCD4;ACACA;TP53;EEF2K;PXN;DIABLO;BRAF;MYC;FN1;RBM15;ESR1;ITGA2;GAB2;CCNE1;EIF4G1;TP53BP1,4,2,2,1,,0.05,0.2,0.15,proxy_dimensions,2,,0,268,2,2.1628544364903024e-80;1.465100867198777e-16,3.954348281400566e-42,,,,,
KDR,1,6,CTNNB1,VHL;TUBA1B;SQSTM1;DIABLO;MYC;ESR1,1,2,2,1,,0.05,0.4,0.2,proxy_dimensions,2,,0,269,2,1.3484587899372336e-27;0.00011202012062798118,3.9467174022417846e-21,,,,,
KDR,2,3,CTNNB1;INPP4B,G6PD;SQSTM1;EEF2,2,2,2,1,0.04244052229261638,0.05,0.4,0.2,conditional_information_dimension,2,0.0822273464210063,0,270,2,7.827975248980368e-11;0.00037095879683079374;0.13877267367501603,3.299872069705886e-08;0.12576826893863308,0.323632012686501;0.0822273464210063,0.04630410162106838,False,,
KDR,2,13,IGFBP2;CTNNB1,VHL;INPP4B;CASP7;SQSTM1;TP53;EEF2K;PXN;MYC;RBM15;ESR1;MSH2;EIF4G1;TP53BP1,4,3,3,2,,0.05,0.2,0.15,proxy_dimensions,3,,0,271,3,3.961281681575993e-51;1.3765101958832196e-07;0.0003994041741644038,1.4280919092362984e-39;1.7804733574756317e-05,,,,,
KDR,1,1,MSH2,MYC,1,1,1,0,0.09948548916977829,0.05,0.4,0.15,conditional_information_dimension,1,0.09948548916977827,0,272,1,0.03094584204079242,0.06338508910563294,0.09948548916977827,0.09948548916977829,False,,
KDR,1,11,KIT,GAPDH;TUBA1B;TFRC;G6PD;PRKCA;EEF2;MYC;BCL2L11;ESR1;SYK;GAB2,1,2,2,1,,0.05,0.2,0.15,proxy_dimensions,2,,0,273,2,4.1475323416800994e-19;2.5992003072121294e-09,5.272653502816452e-12,,,,,
KDR,2,13,G6PD;PXN,VHL;SERPINE1;INPP4B;CASP7;TGM2;PDCD4;EEF2K;MYC;FN1;RBM15;BCL2L11;ITGA2;CCNE1,1,3,3,2,,0.05,0.2,0.15,proxy_dimensions,3,,0,274,3,4.601630340776845e-30;6.505106202658317e-14;0.00027394619422095617,5.431658013299219e-21;4.701430095065369e-05,,,,,
KDR,1,55,PXN,VHL;GAPDH;MYH11;CAV1;SERPINE1;IGFBP2;TUBA1B;ANXA1;CLDN7;CTNNB1;CCNB1;FASN;TFRC;STAT5A;INPP4B;CDH1;ASNS;CASP7;G6PD;KIT;HSPA1A;TGM2;SQSTM1;ERBB2;RAB25;PDCD4;ACACA;TP53;EEF2K;DIABLO;BRAF;ETS1;PRKCA;EEF2;ATM;RAD51;MYC;FN1;RBM15;AR;PREX1;BCL2L11;ESR1;TSC1;ITGA2;SYK;GAB2;CDH2;MSH6;BAK1;MSH2;CCNE1;EIF4G1;TP53BP1;FOXM1,2,2,2,1,,0.05,0.2,0.15,boundary_readout_dimension,2,,0,275,3,3.669743739621818e-74;7.446802466203523e-26,5.160604020797822e-30,,,,,
KDR,1,36,CTNNB1,VHL;GAPDH;MYH11;CAV1;TUBA1B;CCNB1;FASN;TFRC;INPP4B;CASP7;G6PD;HSPA1A;TGM2;SQSTM1;ACACA;TP53;EEF2K;PXN;BRAF;ETS1;EEF2;RAD51;MYC;RBM15;AR;ESR1;TSC1;GAB2;CDH2;MSH6;BAK1;MSH2;CCNE1;EIF4G1;TP53BP1;FOXM1,1,2,2,1,,0.05,0.2,0.15,proxy_dimensions,2,,0,276,2,2.6234905559232755e-79;1.6878859714237556e-12,9.358773054878222e-64,,,,,
KDR,0,0,,,1,0,0,0,,0.05,0.2,0.15,boundary_readout_dimension,0,,0,277,2,,,,,,,
KDR,1,2,PXN,MYC;MSH2,2,1,1,1,0.20722529590226155,0.05,0.4,0.2,boundary_readout_dimension,1,0.2072252959022616,1,278,2,9.405815060246141e-05;0.17041323709868345,9.627184163721631e-05,0.2072252959022616,0.14895860775669822,True,,
KDR,2,3,CTNNB1;INPP4B,TUBA1B;EEF2;MYC,1,2,2,1,0.05061978021020207,0.05,0.4,0.2,boundary_readout_dimension,2,0.10080391725504939,0,279,3,4.0318164416983035e-23;0.024520244297606852;0.37159762649295647,2.695479288487241e-20;0.06031386194038608,0.4889906875779938;0.10080391725504939,0.045675563893034954,False,,
KDR,1,10,PXN,VHL;IGFBP2;ANXA1;INPP4B;SQSTM1;ERBB2;DIABLO;MYC;ESR1;ITGA2,1,2,2,1,,0.05,0.4,0.25,proxy_dimensions,2,,0,280,2,1.8948541330072615e-32;1.6125631480499338e-07,2.0989634905300817e-09,,,,,
KDR,2,6,CTNNB1;ATM,VHL;TUBA1B;G6PD;MYC;ESR1;ITGA2,1,3,3,2,,0.05,0.4,0.2,proxy_dimensions,3,,0,281,3,1.85234366167877e-51;8.732959958015197e-15;0.040335552908680794,3.415898755908555e-36;0.03216940137674924,,,,,
KDR,0,0,,,1,0,0,0,,0.05,0.2,0.15,no_shared_direction,0,,0,282,0,,,,,,,
KDR,2,15,INPP4B;TP53,IGFBP2;TUBA1B;ANXA1;TFRC;ASNS;SQSTM1;EEF2K;PXN;BRAF;EEF2;ESR1;GAB2;MSH2;EIF4G1;TP53BP1,1,3,3,2,,0.05,0.2,0.15,boundary_readout_dimension,3,,0,283,4,9.654650696217106e-33;7.523260560554657e-13;0.0033338246391535517,1.2566361795164667e-19;0.0031240921801499255,,,,,
KDR,2,2,CTNNB1;TP53,TUBA1B;MYC,1,1,1,1,0.2756728642098329,0.05,0.4,0.15,boundary_readout_dimension,1,0.4061479856302938,1,284,2,2.4476246298099883e-15;0.612693013582961,2.8556337064859484e-14,0.4061479856302938,0.1923520187250803,True,,
KDR,0,0,,,2,0,0,0,,0.05,0.2,0.15,no_shared_direction,0,,0,285,0,,,,,,,
KDR,1,2,G6PD,TUBA1B;MYC,4,1,1,1,0.14564327676777186,0.05,0.4,0.15,boundary_readout_dimension,1,0.14564327676777186,1,286,2,0.0013875265669181017;0.5368653433716322,0.0064180315231882204,0.14564327676777186,0.10540261450600928,True,,
KDR,2,15,ANXA1;MSH2,VHL;GAPDH;IGFBP2;TUBA1B;TFRC;INPP4B;ASNS;G6PD;KIT;SQSTM1;TP53;EEF2;MYC;RBM15;CCNE1,1,3,3,2,,0.05,0.2,0.15,proxy_dimensions,3,,0,287,3,1.4981827271756433e-52;1.1769747094762337e-22;7.693772266166642e-06,2.3364270821426943e-37;2.571409738986408e-07,,,,,
KDR,0,0,,,1,0,0,0,,0.05,0.2,0.15,boundary_readout_dimension,0,,0,288,2,,,,,,,
KDR,2,2,ANXA1;CASP7,VHL;MYC,2,1,1,1,0.13595850196776174,0.05,0.4,0.15,boundary_readout_dimension,1,0.20016842599953505,1,289,2,0.004130594736241984;0.22773526596126795,0.0008465415290494629,0.20016842599953505,0.10096284399704195,True,,
KDR,0,0,,,2,0,0,0,,0.05,0.2,0.15,boundary_readout_dimension,0,,0,290,2,,,,,,,
KDR,1,29,CTNNB1,VHL;GAPDH;SERPINE1;IGFBP2;TUBA1B;ANXA1;INPP4B;CASP7;G6PD;TGM2;SQSTM1;ERBB2;PDCD4;TP53;EEF2K;PXN;DIABLO;BRAF;PRKCA;EEF2;MYC;FN1;RBM15;BCL2L11;SYK;GAB2;MSH2;EIF4G1;TP53BP1,4,2,2,1,,0.05,0.2,0.15,proxy_dimensions,2,,0,291,2,1.1888636034403978e-90;2.0821303404535138e-14,3.476990287720813e-61,,,,,
KDR,0,0,,,1,0,0,0,,0.05,0.2,0.15,boundary_readout_dimension,0,,0,292,2,,,,,,,
KDR,2,19,CTNNB1;FOXM1,VHL;IGFBP2;TUBA1B;ANXA1;INPP4B;CASP7;KIT;TGM2;TP53;EEF2K;DIABLO;ETS1;MYC;RBM15;AR;BCL2L11;ITGA2;BAK1;MSH2,1,3,3,2,,0.05,0.2,0.15,proxy_dimensions,3,,0,293,3,2.23141262553159e-116;3.8450449709328025e-65;2.1336544533382588e-20,1.6121024601354635e-91;2.2364167054163316e-42,,,,,
KDR,2,52,ANXA1;G6PD,VHL;GAPDH;MYH11;CAV1;SERPINE1;IGFBP2;TUBA1B;CLDN7;CTNNB1;CCNB1;FASN;TFRC;STAT5A;INPP4B;CDH1;ASNS;CASP7;KIT;HSPA1A;TGM2;SQSTM1;ERBB2;RAB25;PDCD4;ACACA;TP53;EEF2K;PXN;DIABLO;BRAF;ETS1;PRKCA;ATM;RAD51;MYC;FN1;RBM15;AR;PREX1;BCL2L11;TSC1;ITGA2;SYK;GAB2;CDH2;MSH6;BAK1;MSH2;CCNE1;EIF4G1;TP53BP1;FOXM1,1,3,3,2,,0.05,0.2,0.15,proxy_dimensions,3,,0,294,3,3.6099335057269066e-72;6.564919420152386e-33;4.8920396835174505e-09,7.786852202514737e-39;4.9311991125041075e-14,,,,,
KDR,2,1,CTNNB1;TP53,MYC,1,1,1,1,0.13393540604813503,0.05,0.4,0.15,reported,1,0.1967826551094774,1,295,1,0.0012499785485749664,0.0010783681820102967,0.1967826551094774,0.13393540604813503,True,-1.1286648014781018,-0.09075711748863245
KDR,0,0,,,1,0,0,0,,0.05,0.2,0.15,boundary_readout_dimension,0,,0,296,2,,,,,,,
KDR,1,2,CTNNB1,INPP4B;MYC,1,2,2,1,,0.05,0.4,0.15,proxy_dimensions,2,,0,297,2,4.01800995712909e-11;0.0008308631078101033,3.7149635443477536e-07,,,,,
KDR,1,17,KIT,CAV1;IGFBP2;TUBA1B;ANXA1;FASN;HSPA1A;TGM2;SQSTM1;ACACA;TP53;DIABLO;MYC;BCL2L11;ESR1;CDH2;BAK1;CCNE1,1,2,2,1,,0.05,0.2,0.15,proxy_dimensions,2,,0,298,2,3.6589372102220454e-38;1.3935944517616417e-12,9.464255728283444e-25,,,,,
KDR,2,4,INPP4B;TP53,VHL;TUBA1B;MYC;ITGA2,1,2,2,2,0.0886502997386261,0.05,0.4,0.2,reported,2,0.20066522810014864,1,299,2,3.0456340727478587e-13;0.0017402606368594872;0.11343964706311246,1.4263581736357645e-08;0.00016437603216063018,0.27961919959740467;0.20066522810014864,0.06299883116653236,True,0.059753378115684014,-0.0937607775557686
